datetime,count
2011-01-20 00:00:00,10.850210982440403
2011-01-20 01:00:00,5.9319981036741165
2011-01-20 02:00:00,4.281076234773464
2011-01-20 03:00:00,3.0147593314386696
2011-01-20 04:00:00,3.0480358204121094
2011-01-20 05:00:00,7.598805101642112
2011-01-20 06:00:00,31.471117352433478
2011-01-20 07:00:00,91.14699583579863
2011-01-20 08:00:00,203.7596036331292
2011-01-20 09:00:00,120.18574027930784
2011-01-20 10:00:00,53.2994944697354
2011-01-20 11:00:00,59.68793746946111
2011-01-20 12:00:00,73.21182679527246
2011-01-20 13:00:00,69.81053834855359
2011-01-20 14:00:00,68.63117700759862
2011-01-20 15:00:00,72.60772412634164
2011-01-20 16:00:00,89.85471758372486
2011-01-20 17:00:00,177.16647474274336
2011-01-20 18:00:00,152.85572444021736
2011-01-20 19:00:00,113.48267636797343
2011-01-20 20:00:00,72.0890677084313
2011-01-20 21:00:00,56.517962067844365
2011-01-20 22:00:00,39.127323100747915
2011-01-20 23:00:00,24.90015926310153
2011-01-21 00:00:00,15.43097742378881
2011-01-21 01:00:00,7.823311718331781
2011-01-21 02:00:00,6.344120307184242
2011-01-21 03:00:00,2.4203191694449897
2011-01-21 04:00:00,3.1690136668365216
2011-01-21 05:00:00,4.71416662323304
2011-01-21 06:00:00,29.74524448165749
2011-01-21 07:00:00,74.05729824219615
2011-01-21 08:00:00,167.78510434869588
2011-01-21 09:00:00,99.63670678298375
2011-01-21 10:00:00,44.53984729162231
2011-01-21 11:00:00,50.29472462249389
2011-01-21 12:00:00,56.19175646767335
2011-01-21 13:00:00,54.33426238483887
2011-01-21 14:00:00,56.06793583340479
2011-01-21 15:00:00,56.80857063608138
2011-01-21 16:00:00,70.3973425559269
2011-01-21 17:00:00,109.60901595754191
2011-01-21 18:00:00,100.60978514684109
2011-01-21 19:00:00,67.41476369933845
2011-01-21 20:00:00,49.98949957894499
2011-01-21 21:00:00,36.59228856621736
2011-01-21 22:00:00,28.608410251925278
2011-01-21 23:00:00,21.90687303710931
2011-01-22 00:00:00,30.95495574594366
2011-01-22 01:00:00,20.082194436378327
2011-01-22 02:00:00,12.084446603198723
2011-01-22 03:00:00,6.600500308928501
2011-01-22 04:00:00,2.864886669056189
2011-01-22 06:00:00,4.320119557916224
2011-01-22 07:00:00,8.46773172799989
2011-01-22 08:00:00,22.680448072977754
2011-01-22 09:00:00,32.67544847927389
2011-01-22 10:00:00,58.720080500745915
2011-01-22 11:00:00,67.02670823696873
2011-01-22 12:00:00,73.2790787903582
2011-01-22 13:00:00,70.26850225693009
2011-01-22 14:00:00,72.5146670789251
2011-01-22 15:00:00,74.89496853067564
2011-01-22 16:00:00,69.2710709532073
2011-01-22 17:00:00,71.15323137641128
2011-01-22 18:00:00,57.314532913579285
2011-01-22 19:00:00,45.84368851878003
2011-01-22 20:00:00,37.47046055236673
2011-01-22 21:00:00,30.130812006185486
2011-01-22 22:00:00,26.16565578076604
2011-01-22 23:00:00,19.608160709351672
2011-01-23 00:00:00,25.4510250693153
2011-01-23 01:00:00,20.76499038453768
2011-01-23 02:00:00,13.052352695754887
2011-01-23 03:00:00,9.005520635682759
2011-01-23 05:00:00,2.4881188415601363
2011-01-23 06:00:00,3.2572670771233425
2011-01-23 07:00:00,5.464014474237735
2011-01-23 08:00:00,12.177082195323441
2011-01-23 09:00:00,29.097288227831104
2011-01-23 10:00:00,56.13712325711196
2011-01-23 11:00:00,68.22649165600261
2011-01-23 12:00:00,81.8904825052636
2011-01-23 13:00:00,78.62885910716129
2011-01-23 14:00:00,82.60127926117093
2011-01-23 15:00:00,82.67002361733603
2011-01-23 16:00:00,72.54251983822742
2011-01-23 17:00:00,56.32837834409743
2011-01-23 18:00:00,52.16441140081969
2011-01-23 19:00:00,35.868401795351225
2011-01-23 20:00:00,29.531570884374926
2011-01-23 21:00:00,22.273336073065146
2011-01-23 22:00:00,17.05830557110002
2011-01-23 23:00:00,9.529880669776805
2011-01-24 00:00:00,9.86099567201792
2011-01-24 01:00:00,5.43589946564587
2011-01-24 03:00:00,2.1422520668757747
2011-01-24 04:00:00,2.5951952618896565
2011-01-24 05:00:00,6.263965199866512
2011-01-24 06:00:00,26.59900238526696
2011-01-24 07:00:00,79.29423073917297
2011-01-24 08:00:00,171.03908366280913
2011-01-24 09:00:00,99.37023702609606
2011-01-24 10:00:00,35.540402173412325
2011-01-24 11:00:00,43.04889460746702
2011-01-24 12:00:00,42.703858332071306
2011-01-24 13:00:00,42.75048639881718
2011-01-24 14:00:00,39.99374246621117
2011-01-24 15:00:00,53.26975209062652
2011-01-24 16:00:00,68.48179311255326
2011-01-24 17:00:00,110.84445745239059
2011-01-24 18:00:00,106.08448681107505
2011-01-24 19:00:00,79.88877404627732
2011-01-24 20:00:00,51.45108826634082
2011-01-24 21:00:00,39.41276795145383
2011-01-24 22:00:00,22.406044742073412
2011-01-24 23:00:00,16.17820724465687
2011-01-25 00:00:00,8.201212656866696
2011-01-25 01:00:00,5.033894593090471
2011-01-25 02:00:00,2.7288282135578923
2011-01-25 04:00:00,2.6175276490868575
2011-01-25 05:00:00,5.87269932910042
2011-01-25 06:00:00,28.054950899097694
2011-01-25 07:00:00,78.90412231808615
2011-01-25 08:00:00,181.27193933339979
2011-01-25 09:00:00,115.06860958426682
2011-01-25 10:00:00,47.37943499716123
2011-01-25 11:00:00,51.49390183903053
2011-01-25 12:00:00,62.438900618499744
2011-01-25 13:00:00,62.06717423198527
2011-01-25 14:00:00,65.19505522262318
2011-01-25 15:00:00,69.69732758850304
2011-01-25 16:00:00,92.3379196784358
2011-01-25 17:00:00,183.81416267102927
2011-01-25 18:00:00,175.67192981278174
2011-01-25 19:00:00,108.31835989886297
2011-01-25 20:00:00,72.98678452608961
2011-01-25 21:00:00,51.75646451433993
2011-01-25 22:00:00,31.220633801081647
2011-01-25 23:00:00,18.462923104561938
2011-01-26 00:00:00,11.198161014288802
2011-01-26 01:00:00,5.227029512013114
2011-01-26 02:00:00,3.7586801913622105
2011-01-26 05:00:00,3.4939864036869586
2011-01-26 06:00:00,9.135089519039052
2011-01-26 07:00:00,31.333571647971937
2011-01-26 08:00:00,36.39865261689466
2011-01-26 09:00:00,23.179312111132038
2011-01-26 10:00:00,9.576501004819272
2011-01-26 11:00:00,6.064615862039993
2011-01-26 12:00:00,6.5296577624513
2011-01-26 13:00:00,6.545404909257724
2011-01-26 14:00:00,6.401904461206884
2011-01-26 15:00:00,5.281095821410387
2011-01-26 16:00:00,8.997501870401106
2011-01-26 17:00:00,14.78926894993824
2011-01-27 16:00:00,79.3458819998988
2011-01-27 17:00:00,149.74084958437115
2011-01-27 18:00:00,142.8088654721074
2011-01-27 19:00:00,104.09048069867428
2011-01-27 20:00:00,66.23541295726147
2011-01-27 21:00:00,51.877977425451355
2011-01-27 22:00:00,36.8894541935211
2011-01-27 23:00:00,21.511131554805385
2011-01-28 00:00:00,15.141249589519171
2011-01-28 01:00:00,8.173772822416563
2011-01-28 02:00:00,4.63915272208871
2011-01-28 03:00:00,3.7860953103489936
2011-01-28 05:00:00,6.596760862157971
2011-01-28 06:00:00,27.392468481041583
2011-01-28 07:00:00,75.37317888441977
2011-01-28 08:00:00,154.7057593028314
2011-01-28 09:00:00,67.33708183072513
2011-01-28 10:00:00,34.68272851845327
2011-01-28 11:00:00,38.664650426144675
2011-01-28 12:00:00,39.37052353474904
2011-01-28 13:00:00,41.294736949158356
2011-01-28 14:00:00,42.65818254415684
2011-01-28 15:00:00,60.1521963768374
2011-01-28 16:00:00,79.12133088090607
2011-01-28 17:00:00,134.38252753772827
2011-01-28 18:00:00,120.74786316647864
2011-01-28 19:00:00,79.9838114481243
2011-01-28 20:00:00,60.91139737545683
2011-01-28 21:00:00,38.805615077614625
2011-01-28 22:00:00,39.270063875106075
2011-01-28 23:00:00,32.09441243717361
2011-01-29 00:00:00,26.0269256858437
2011-01-29 01:00:00,22.82071247496413
2011-01-29 02:00:00,17.115383325861618
2011-01-29 03:00:00,8.17131808963702
2011-01-29 04:00:00,3.142344792943078
2011-01-29 06:00:00,3.8196303658307973
2011-01-29 07:00:00,8.525565392847138
2011-01-29 08:00:00,23.679797601398676
2011-01-29 09:00:00,40.932998920824154
2011-01-29 10:00:00,71.37494723526366
2011-01-29 11:00:00,75.803900088387
2011-01-29 12:00:00,93.20739560066505
2011-01-29 13:00:00,100.43045772276487
2011-01-29 14:00:00,99.16193497106224
2011-01-29 15:00:00,100.37123697112034
2011-01-29 16:00:00,98.75581647939285
2011-01-29 17:00:00,94.02328059584536
2011-01-29 18:00:00,80.05776304103671
2011-01-29 19:00:00,67.6789878563769
2011-01-29 20:00:00,47.665727147095104
2011-01-29 21:00:00,39.91351990296676
2011-01-29 22:00:00,29.090098872737542
2011-01-29 23:00:00,28.905761888539693
2011-01-30 00:00:00,28.160584478028195
2011-01-30 01:00:00,28.05776969923951
2011-01-30 02:00:00,19.730224238224004
2011-01-30 03:00:00,10.747059675077567
2011-01-30 04:00:00,3.339955145054846
2011-01-30 05:00:00,2.879664709359292
2011-01-30 07:00:00,6.440583088202401
2011-01-30 08:00:00,15.47617721281029
2011-01-30 09:00:00,39.53486367439171
2011-01-30 10:00:00,73.47068816196324
2011-01-30 11:00:00,78.3538309236107
2011-01-30 12:00:00,121.31447701836268
2011-01-30 13:00:00,110.30456859275611
2011-01-30 14:00:00,119.50661776567792
2011-01-30 15:00:00,116.78521452400099
2011-01-30 16:00:00,108.23566525150314
2011-01-30 17:00:00,84.89717813880651
2011-01-30 18:00:00,72.96194910137217
2011-01-30 19:00:00,51.457339735207846
2011-01-30 20:00:00,38.51926794230727
2011-01-30 21:00:00,33.07926658859732
2011-01-30 22:00:00,22.185612775233594
2011-01-30 23:00:00,15.435144197028297
2011-01-31 00:00:00,10.93709825674393
2011-01-31 01:00:00,5.223426710762481
2011-01-31 02:00:00,3.48302571479551
2011-01-31 03:00:00,2.671611998066077
2011-01-31 04:00:00,2.329641379148384
2011-01-31 05:00:00,4.370627247022891
2011-01-31 06:00:00,21.067574272100135
2011-01-31 07:00:00,61.33502818769443
2011-01-31 08:00:00,150.310695299283
2011-01-31 09:00:00,92.4072437562563
2011-01-31 10:00:00,42.412833628638765
2011-01-31 11:00:00,42.903052103977025
2011-01-31 12:00:00,57.26056535098136
2011-01-31 13:00:00,58.29452102343093
2011-01-31 14:00:00,49.539849502268204
2011-01-31 15:00:00,50.52297498203502
2011-01-31 16:00:00,66.4395216661878
2011-01-31 17:00:00,132.01666428408421
2011-01-31 18:00:00,124.78366265933042
2011-01-31 19:00:00,123.47418586565962
2011-01-31 20:00:00,44.532751971425306
2011-01-31 21:00:00,34.09011338980967
2011-01-31 22:00:00,25.721635227540517
2011-01-31 23:00:00,16.69714794352922
2011-02-20 00:00:00,34.51993556984574
2011-02-20 01:00:00,23.161924228775124
2011-02-20 02:00:00,14.33205342355548
2011-02-20 03:00:00,8.601354490002453
2011-02-20 04:00:00,2.105201793917231
2011-02-20 06:00:00,3.7388605143267615
2011-02-20 07:00:00,7.605169325589536
2011-02-20 08:00:00,17.555096450561184
2011-02-20 09:00:00,42.7258949924136
2011-02-20 10:00:00,93.78397439537171
2011-02-20 11:00:00,117.04215699764734
2011-02-20 12:00:00,133.33786527728896
2011-02-20 13:00:00,134.73139397971292
2011-02-20 14:00:00,132.1968623041306
2011-02-20 15:00:00,136.08792409548616
2011-02-20 16:00:00,120.95498038682705
2011-02-20 17:00:00,111.92569314235752
2011-02-20 18:00:00,88.16205861874258
2011-02-20 19:00:00,71.75117879041063
2011-02-20 20:00:00,55.36313604016681
2011-02-20 21:00:00,45.74581069993272
2011-02-20 22:00:00,34.24594293868563
2011-02-20 23:00:00,24.484335536573425
2011-02-21 00:00:00,18.59295375996991
2011-02-21 01:00:00,12.244858978612582
2011-02-21 02:00:00,9.24256724783683
2011-02-21 03:00:00,5.814638182779104
2011-02-21 04:00:00,4.432997037453084
2011-02-21 05:00:00,3.6952431624078113
2011-02-21 06:00:00,9.06571171811049
2011-02-21 07:00:00,33.60886088451237
2011-02-21 08:00:00,58.29554584986738
2011-02-21 09:00:00,60.76790155826371
2011-02-21 10:00:00,90.20271941686282
2011-02-21 11:00:00,103.7285395285463
2011-02-21 12:00:00,115.53351731140518
2011-02-21 13:00:00,47.60865713144079
2011-02-21 14:00:00,111.24172439004386
2011-02-21 15:00:00,95.17256109572972
2011-02-21 16:00:00,65.11266849455617
2011-02-21 17:00:00,99.17561582690631
2011-02-21 18:00:00,27.427688503648575
2011-02-21 19:00:00,22.612196744744942
2011-02-21 20:00:00,31.226117477828627
2011-02-21 21:00:00,28.717611886467395
2011-02-21 22:00:00,20.864788750969524
2011-02-21 23:00:00,14.054785025841664
2011-02-22 06:00:00,28.443827626379335
2011-02-22 07:00:00,83.04144181942632
2011-02-22 08:00:00,227.9849735904363
2011-02-22 09:00:00,140.00037066300118
2011-02-22 10:00:00,50.97309917669913
2011-02-22 11:00:00,53.969602920399545
2011-02-22 12:00:00,64.46216387944054
2011-02-22 13:00:00,63.58383975451347
2011-02-22 14:00:00,58.093430534981024
2011-02-22 15:00:00,67.08500296289895
2011-02-22 16:00:00,84.03437832767712
2011-02-22 17:00:00,159.05755106180465
2011-02-22 18:00:00,155.851004242048
2011-02-22 19:00:00,111.88935040243037
2011-02-22 20:00:00,78.68819510692306
2011-02-22 21:00:00,54.76178427490539
2011-02-22 22:00:00,35.69372327709584
2011-02-22 23:00:00,21.51313099523019
2011-02-23 00:00:00,13.73203959993375
2011-02-23 01:00:00,5.549562676422291
2011-02-23 02:00:00,3.1276961804568337
2011-02-23 03:00:00,2.5503270059565066
2011-02-23 05:00:00,6.769809568981726
2011-02-23 06:00:00,34.211852398882044
2011-02-23 07:00:00,105.63066110822702
2011-02-23 08:00:00,207.6095250492166
2011-02-23 09:00:00,137.9974843412657
2011-02-23 10:00:00,53.610686931419124
2011-02-23 11:00:00,59.026151376602755
2011-02-23 12:00:00,70.78669160655528
2011-02-23 13:00:00,80.59962535816864
2011-02-23 14:00:00,76.00782404825776
2011-02-23 15:00:00,84.84350743761405
2011-02-23 16:00:00,107.53431952087499
2011-02-23 17:00:00,201.74840048864706
2011-02-23 18:00:00,190.30953899834995
2011-02-23 19:00:00,129.948891293556
2011-02-23 20:00:00,86.64508305188726
2011-02-23 21:00:00,66.81303841119141
2011-02-23 22:00:00,51.22898533735682
2011-02-23 23:00:00,28.508495088672458
2011-02-24 00:00:00,13.531242349329776
2011-02-24 01:00:00,6.717427663342162
2011-02-24 02:00:00,4.5250870964428165
2011-02-24 03:00:00,2.9021458930881563
2011-02-24 05:00:00,7.207584855642306
2011-02-24 06:00:00,34.99062074334243
2011-02-24 07:00:00,108.4910036018679
2011-02-24 08:00:00,232.01350674406515
2011-02-24 09:00:00,128.26109767568408
2011-02-24 10:00:00,56.78959051790025
2011-02-24 11:00:00,59.75284182490655
2011-02-24 12:00:00,75.64746187919923
2011-02-24 13:00:00,79.95753938945809
2011-02-24 14:00:00,74.89597696859614
2011-02-24 15:00:00,40.473685772884025
2011-02-24 16:00:00,55.35716073881034
2011-02-24 17:00:00,110.50030858439771
2011-02-24 18:00:00,52.94045282677317
2011-02-24 19:00:00,23.96859847485796
2011-02-24 20:00:00,26.341153253210194
2011-02-24 21:00:00,21.11785105607756
2011-02-24 22:00:00,11.65173833569591
2011-02-24 23:00:00,29.22217849392356
2011-02-25 00:00:00,9.60284532625443
2011-02-25 01:00:00,9.453965802801925
2011-02-25 02:00:00,5.396731319845443
2011-02-25 03:00:00,3.60621705833917
2011-02-25 05:00:00,9.08890741173173
2011-02-25 06:00:00,26.795681534795044
2011-02-25 07:00:00,46.625742245121806
2011-02-25 08:00:00,127.22756780410532
2011-02-25 09:00:00,19.152563266567327
2011-02-25 10:00:00,8.73011201224439
2011-02-25 11:00:00,116.75277783399854
2011-02-25 12:00:00,85.21598750623124
2011-02-25 13:00:00,84.55486363682813
2011-02-25 14:00:00,72.38225303697445
2011-02-25 15:00:00,117.3525262315516
2011-02-25 16:00:00,95.48538217679041
2011-02-25 17:00:00,165.7650558261619
2011-02-25 18:00:00,153.11329264495365
2011-02-25 19:00:00,102.99672709149267
2011-02-25 20:00:00,66.45170459086991
2011-02-25 21:00:00,54.39132137713405
2011-02-25 22:00:00,42.325841763673004
2011-02-25 23:00:00,33.951048568033954
2011-02-26 00:00:00,31.69603513247812
2011-02-26 01:00:00,23.485353309039315
2011-02-26 02:00:00,12.44578771593508
2011-02-26 03:00:00,9.6546929286735
2011-02-26 04:00:00,4.298854696416325
2011-02-26 05:00:00,3.396988091545372
2011-02-26 06:00:00,4.952830479524658
2011-02-26 07:00:00,11.454327516263259
2011-02-26 08:00:00,29.366251724919316
2011-02-26 09:00:00,48.20083696260346
2011-02-26 10:00:00,98.46820952428583
2011-02-26 11:00:00,121.542581288405
2011-02-26 12:00:00,126.84379493498655
2011-02-26 13:00:00,128.5592883891648
2011-02-26 14:00:00,117.52108459130989
2011-02-26 15:00:00,117.6901667671724
2011-02-26 16:00:00,116.44251689780877
2011-02-26 17:00:00,113.50060216011424
2011-02-26 18:00:00,101.7833090318619
2011-02-26 19:00:00,86.46442878473529
2011-02-26 20:00:00,62.752860016343746
2011-02-26 21:00:00,53.386017158075276
2011-02-26 22:00:00,45.038806259801355
2011-02-26 23:00:00,40.34700637445003
2011-02-27 00:00:00,25.336850569431405
2011-02-27 01:00:00,29.784886446764528
2011-02-27 02:00:00,21.944265730133566
2011-02-27 03:00:00,13.127476077966156
2011-02-27 04:00:00,4.348863141034291
2011-02-27 06:00:00,3.570787923369457
2011-02-27 07:00:00,8.235804587868023
2011-02-27 08:00:00,21.134154612792255
2011-02-27 09:00:00,43.48851971724134
2011-02-27 10:00:00,98.16527115528251
2011-02-27 11:00:00,125.64141383761502
2011-02-27 12:00:00,148.96067958008945
2011-02-27 13:00:00,171.75795065923703
2011-02-27 14:00:00,177.68966015381528
2011-02-27 15:00:00,205.8158340591603
2011-02-27 16:00:00,229.7146418890162
2011-02-27 17:00:00,149.573881873541
2011-02-27 18:00:00,106.85407415635616
2011-02-27 19:00:00,83.32367295009028
2011-02-27 20:00:00,66.65087104354622
2011-02-27 21:00:00,55.26814189952463
2011-02-27 22:00:00,41.37890684662418
2011-02-27 23:00:00,26.696475488464618
2011-02-28 00:00:00,14.565965237936053
2011-02-28 01:00:00,5.5735691579893585
2011-02-28 03:00:00,3.2457109668861337
2011-02-28 05:00:00,9.25546275278693
2011-02-28 06:00:00,37.089193241131845
2011-02-28 07:00:00,93.68355593696457
2011-02-28 08:00:00,56.61155624589025
2011-02-28 09:00:00,73.39801082999392
2011-02-28 10:00:00,92.3917329102948
2011-02-28 11:00:00,98.48923629904078
2011-02-28 12:00:00,110.93322443462904
2011-02-28 13:00:00,38.69034917430895
2011-02-28 14:00:00,8.461261736492041
2011-02-28 15:00:00,8.607817463114543
2011-02-28 16:00:00,41.810015735631204
2011-02-28 17:00:00,21.7309034648951
2011-02-28 18:00:00,89.49409921142838
2011-02-28 19:00:00,11.323377100180853
2011-02-28 20:00:00,7.80556621742027
2011-02-28 21:00:00,21.434971615825518
2011-02-28 22:00:00,9.061784816629102
2011-02-28 23:00:00,21.1859788102171
2011-03-20 00:00:00,36.070459381360344
2011-03-20 01:00:00,24.848749367543384
2011-03-20 02:00:00,21.06389746707136
2011-03-20 03:00:00,13.20332515880327
2011-03-20 04:00:00,3.868937640148731
2011-03-20 05:00:00,3.3005899342645257
2011-03-20 06:00:00,5.238021529512631
2011-03-20 07:00:00,10.752679052469663
2011-03-20 08:00:00,27.647926603299812
2011-03-20 09:00:00,62.731873794856625
2011-03-20 10:00:00,113.23846899868143
2011-03-20 11:00:00,137.94242105177486
2011-03-20 12:00:00,150.45948497451943
2011-03-20 13:00:00,158.2933102020576
2011-03-20 14:00:00,156.98015547729474
2011-03-20 15:00:00,161.66164003048988
2011-03-20 16:00:00,169.95805618316504
2011-03-20 17:00:00,142.488102702515
2011-03-20 18:00:00,129.8860532994851
2011-03-20 19:00:00,89.85974024539826
2011-03-20 20:00:00,66.48171639092344
2011-03-20 21:00:00,46.60355334978091
2011-03-20 22:00:00,36.64152618651679
2011-03-20 23:00:00,20.54321829028063
2011-03-21 00:00:00,13.263102282420856
2011-03-21 01:00:00,6.692565961915946
2011-03-21 02:00:00,4.046068964136841
2011-03-21 03:00:00,2.77281861944107
2011-03-21 05:00:00,6.902571216159543
2011-03-21 06:00:00,29.386631214386885
2011-03-21 07:00:00,27.94457151114646
2011-03-21 08:00:00,53.503129328420776
2011-03-21 09:00:00,98.54654751264194
2011-03-21 10:00:00,69.72662259054705
2011-03-21 11:00:00,79.28415034839183
2011-03-21 12:00:00,98.57093896184138
2011-03-21 13:00:00,123.77166129639933
2011-03-21 14:00:00,118.69703452309538
2011-03-21 15:00:00,124.30189384868164
2011-03-21 16:00:00,162.19148091683525
2011-03-21 17:00:00,342.74148558406824
2011-03-21 18:00:00,322.6821668225661
2011-03-21 19:00:00,233.5298884058219
2011-03-21 20:00:00,169.5655706087525
2011-03-21 21:00:00,78.88409305429632
2011-03-21 22:00:00,71.47550427407985
2011-03-21 23:00:00,44.67772687081009
2011-03-22 00:00:00,18.74103100733658
2011-03-22 01:00:00,7.920888753004306
2011-03-22 02:00:00,5.262144504770508
2011-03-22 03:00:00,3.906177745030016
2011-03-22 04:00:00,3.8603400363684366
2011-03-22 05:00:00,10.725081205783127
2011-03-22 06:00:00,39.76476324005926
2011-03-22 07:00:00,119.50259117392937
2011-03-22 08:00:00,206.86770586387942
2011-03-22 09:00:00,120.45539457723798
2011-03-22 10:00:00,78.388516033751
2011-03-22 11:00:00,87.71126960697106
2011-03-22 12:00:00,120.65216981552875
2011-03-22 13:00:00,131.42509310683462
2011-03-22 14:00:00,125.34291746761846
2011-03-22 15:00:00,127.90928981614086
2011-03-22 16:00:00,178.53151694589255
2011-03-22 17:00:00,349.1868099080741
2011-03-22 18:00:00,345.97235505111115
2011-03-22 19:00:00,166.22585598515766
2011-03-22 20:00:00,107.86463483275256
2011-03-22 21:00:00,81.61369201456584
2011-03-22 22:00:00,56.16015545733463
2011-03-22 23:00:00,35.61882042335544
2011-03-23 00:00:00,15.10101190865099
2011-03-23 01:00:00,8.644166295866187
2011-03-23 02:00:00,5.0487324035232595
2011-03-23 03:00:00,3.3245862872730187
2011-03-23 05:00:00,8.856504457356639
2011-03-23 06:00:00,35.45135285469797
2011-03-23 07:00:00,86.52150318660104
2011-03-23 08:00:00,202.9959371725203
2011-03-23 09:00:00,121.13652130736111
2011-03-23 10:00:00,52.001343393804575
2011-03-23 11:00:00,68.86986842157314
2011-03-23 12:00:00,68.86323639267307
2011-03-23 13:00:00,39.16657084882392
2011-03-23 14:00:00,73.56184323119598
2011-03-23 15:00:00,78.46833577846202
2011-03-23 16:00:00,104.85774004055123
2011-03-23 17:00:00,206.74530515587247
2011-03-23 18:00:00,77.98829083492518
2011-03-23 19:00:00,57.96206960631974
2011-03-23 20:00:00,9.647754804552973
2011-03-23 21:00:00,12.22906739192827
2011-03-23 22:00:00,46.03557273166884
2011-03-23 23:00:00,15.345930262430846
2011-03-24 00:00:00,9.373561032655495
2011-03-24 01:00:00,6.973023128176295
2011-03-24 02:00:00,4.539628094266143
2011-03-24 03:00:00,3.0303604322328472
2011-03-24 04:00:00,3.071426356466785
2011-03-24 05:00:00,8.987913157780499
2011-03-24 06:00:00,36.28734442644496
2011-03-24 07:00:00,61.314390000071384
2011-03-24 08:00:00,31.10860905530388
2011-03-24 09:00:00,117.39653363271928
2011-03-24 10:00:00,17.352331195033617
2011-03-24 11:00:00,60.61296792617843
2011-03-24 12:00:00,75.23023690211733
2011-03-24 13:00:00,87.01911282335703
2011-03-24 14:00:00,82.21068340413879
2011-03-24 15:00:00,80.00935201157799
2011-03-24 16:00:00,93.46633892480837
2011-03-24 17:00:00,191.69923494856403
2011-03-24 18:00:00,177.45625446035112
2011-03-24 19:00:00,137.70538742778666
2011-03-24 20:00:00,94.18518074383944
2011-03-24 21:00:00,72.58497232874387
2011-03-24 22:00:00,54.803615323728145
2011-03-24 23:00:00,31.95078834187001
2011-03-25 00:00:00,15.723691848729453
2011-03-25 01:00:00,7.249361560723419
2011-03-25 02:00:00,3.7937501993890574
2011-03-25 03:00:00,3.7294052596628737
2011-03-25 04:00:00,3.1147010962424346
2011-03-25 05:00:00,6.630741579188192
2011-03-25 06:00:00,34.40516162878152
2011-03-25 07:00:00,103.98033546238042
2011-03-25 08:00:00,211.20345313496404
2011-03-25 09:00:00,141.429564533127
2011-03-25 10:00:00,70.87447541877076
2011-03-25 11:00:00,81.61707917607208
2011-03-25 12:00:00,101.89234232751245
2011-03-25 13:00:00,99.59442784013702
2011-03-25 14:00:00,103.72908650809205
2011-03-25 15:00:00,96.94465444956985
2011-03-25 16:00:00,104.529187681853
2011-03-25 17:00:00,185.1839073876374
2011-03-25 18:00:00,180.83464263849004
2011-03-25 19:00:00,111.56985698044288
2011-03-25 20:00:00,78.91593955125067
2011-03-25 21:00:00,61.47658561618824
2011-03-25 22:00:00,47.218162520636106
2011-03-25 23:00:00,38.682270109548426
2011-03-26 00:00:00,29.54133812524916
2011-03-26 01:00:00,22.777473127843592
2011-03-26 02:00:00,16.28929085058819
2011-03-26 03:00:00,7.8518801366092505
2011-03-26 04:00:00,3.390569550496056
2011-03-26 05:00:00,2.734711994866898
2011-03-26 06:00:00,5.856764669965364
2011-03-26 07:00:00,16.117911700957244
2011-03-26 08:00:00,40.7149139235474
2011-03-26 09:00:00,62.80765492637194
2011-03-26 10:00:00,97.72256060186743
2011-03-26 11:00:00,121.21447934763145
2011-03-26 12:00:00,131.16701635046053
2011-03-26 13:00:00,134.20805162315634
2011-03-26 14:00:00,134.60186537072516
2011-03-26 15:00:00,139.43222464617585
2011-03-26 16:00:00,130.77038842954425
2011-03-26 17:00:00,130.5031801448006
2011-03-26 18:00:00,120.00886406970393
2011-03-26 19:00:00,94.85998905571157
2011-03-26 20:00:00,68.90312408614164
2011-03-26 21:00:00,53.97980631314987
2011-03-26 22:00:00,48.42280773828924
2011-03-26 23:00:00,37.0703045935122
2011-03-27 00:00:00,35.76008818284754
2011-03-27 01:00:00,27.585448350338634
2011-03-27 02:00:00,21.7706737492073
2011-03-27 03:00:00,10.90691335156434
2011-03-27 04:00:00,3.773532465133922
2011-03-27 06:00:00,5.650802799396607
2011-03-27 07:00:00,7.8016728174136585
2011-03-27 08:00:00,24.723262996452345
2011-03-27 09:00:00,53.52032923274893
2011-03-27 10:00:00,91.55152949319034
2011-03-27 11:00:00,124.11032957594219
2011-03-27 12:00:00,132.2900073005129
2011-03-27 13:00:00,136.5030843095312
2011-03-27 14:00:00,141.29864259672925
2011-03-27 15:00:00,140.20620216075244
2011-03-27 16:00:00,126.95419697859721
2011-03-27 17:00:00,118.17257143982873
2011-03-27 18:00:00,103.44782847818375
2011-03-27 19:00:00,69.57978346297621
2011-03-27 20:00:00,53.03233341295057
2011-03-27 21:00:00,42.509320893595586
2011-03-27 22:00:00,33.71686834294565
2011-03-27 23:00:00,22.352780170813535
2011-03-28 00:00:00,10.95559116251405
2011-03-28 01:00:00,5.622178978567278
2011-03-28 02:00:00,3.993651597611337
2011-03-28 03:00:00,3.073041347484733
2011-03-28 05:00:00,6.522085069370686
2011-03-28 06:00:00,33.996066458364616
2011-03-28 07:00:00,102.71890930990617
2011-03-28 08:00:00,210.5259657615747
2011-03-28 09:00:00,130.64326497234526
2011-03-28 10:00:00,64.14384981297512
2011-03-28 11:00:00,64.31053980900214
2011-03-28 12:00:00,76.84577338022902
2011-03-28 13:00:00,80.49478879871906
2011-03-28 14:00:00,79.2337757979215
2011-03-28 15:00:00,82.79897536361032
2011-03-28 16:00:00,102.13634388833854
2011-03-28 17:00:00,197.93966016088075
2011-03-28 18:00:00,192.84824747187986
2011-03-28 19:00:00,144.20348937600951
2011-03-28 20:00:00,96.63807881068888
2011-03-28 21:00:00,74.12025546909454
2011-03-28 22:00:00,45.37820881328634
2011-03-28 23:00:00,27.84379775299865
2011-03-29 00:00:00,10.889769013927394
2011-03-29 01:00:00,4.790162287693978
2011-03-29 02:00:00,2.993358071641481
2011-03-29 03:00:00,2.209294555055626
2011-03-29 04:00:00,2.9976213064810606
2011-03-29 05:00:00,6.651826450791472
2011-03-29 06:00:00,37.89697378301021
2011-03-29 07:00:00,115.76686353100537
2011-03-29 08:00:00,215.4446141273402
2011-03-29 09:00:00,136.21910392010665
2011-03-29 10:00:00,68.32854503940885
2011-03-29 11:00:00,69.3592412995427
2011-03-29 12:00:00,95.18708895887863
2011-03-29 13:00:00,88.94938105746186
2011-03-29 14:00:00,85.916910636511
2011-03-29 15:00:00,93.2935849798404
2011-03-29 16:00:00,113.39639132662118
2011-03-29 17:00:00,220.66585183156585
2011-03-29 18:00:00,206.5919264511521
2011-03-29 19:00:00,140.192930541004
2011-03-29 20:00:00,100.58544925611726
2011-03-29 21:00:00,76.12541675416801
2011-03-29 22:00:00,53.417485298107856
2011-03-29 23:00:00,31.436815592360876
2011-03-30 00:00:00,15.940183778751415
2011-03-30 01:00:00,7.509695916056955
2011-03-30 02:00:00,4.583360350165842
2011-03-30 03:00:00,3.6050860623705523
2011-03-30 04:00:00,3.808998468869609
2011-03-30 05:00:00,9.853571166954238
2011-03-30 06:00:00,40.91108046966585
2011-03-30 07:00:00,118.8126878721754
2011-03-30 08:00:00,226.1014136126586
2011-03-30 09:00:00,127.61276357332228
2011-03-30 10:00:00,67.91948759656663
2011-03-30 11:00:00,72.67194226165142
2011-03-30 12:00:00,91.58577905449967
2011-03-30 13:00:00,87.57245682972173
2011-03-30 14:00:00,79.17622308695569
2011-03-30 15:00:00,27.3666199832133
2011-03-30 16:00:00,40.79246497968133
2011-03-30 17:00:00,86.39473353769506
2011-03-30 18:00:00,131.20644840813551
2011-03-30 19:00:00,99.66924664688361
2011-03-30 20:00:00,13.871890926877064
2011-03-30 21:00:00,57.584265769972326
2011-03-30 22:00:00,32.32564720625583
2011-03-30 23:00:00,6.925084822202976
2011-03-31 00:00:00,8.93593846316266
2011-03-31 01:00:00,5.715036740237804
2011-03-31 02:00:00,4.410062632512722
2011-03-31 03:00:00,3.241569043999294
2011-03-31 04:00:00,3.1575865474800993
2011-03-31 05:00:00,8.092957981802462
2011-03-31 06:00:00,14.309782358532198
2011-03-31 07:00:00,62.24751372049418
2011-03-31 08:00:00,190.93945650020405
2011-03-31 09:00:00,65.34186808488376
2011-03-31 10:00:00,30.227810717518878
2011-03-31 11:00:00,31.94784443498247
2011-03-31 12:00:00,33.76816651310992
2011-03-31 13:00:00,39.40307919305876
2011-03-31 14:00:00,36.809482112901435
2011-03-31 15:00:00,11.150195450740544
2011-03-31 16:00:00,79.85779034688392
2011-03-31 17:00:00,157.07117698432054
2011-03-31 18:00:00,173.28728683986023
2011-03-31 19:00:00,130.36075229069746
2011-03-31 20:00:00,13.551972777078968
2011-03-31 21:00:00,60.65269004946395
2011-03-31 22:00:00,33.09166645126672
2011-03-31 23:00:00,24.315235673394334
2011-04-20 00:00:00,23.53000411921368
2011-04-20 01:00:00,8.023251637675482
2011-04-20 02:00:00,5.502383894991885
2011-04-20 03:00:00,3.899225280677312
2011-04-20 04:00:00,3.9695779993307054
2011-04-20 05:00:00,11.958347607726688
2011-04-20 06:00:00,47.47830172923695
2011-04-20 07:00:00,121.58921126788175
2011-04-20 08:00:00,302.4330105622987
2011-04-20 09:00:00,191.98634647572987
2011-04-20 10:00:00,116.1635068691628
2011-04-20 11:00:00,127.54741581414248
2011-04-20 12:00:00,152.42383272594248
2011-04-20 13:00:00,151.6244057772986
2011-04-20 14:00:00,146.69326317631683
2011-04-20 15:00:00,135.7598295771015
2011-04-20 16:00:00,213.79577830445484
2011-04-20 17:00:00,391.70036908014896
2011-04-20 18:00:00,436.1394269900819
2011-04-20 19:00:00,320.287732733551
2011-04-20 20:00:00,228.1970466804094
2011-04-20 21:00:00,171.9227127889751
2011-04-20 22:00:00,140.30458542162006
2011-04-20 23:00:00,71.00089550812581
2011-04-21 00:00:00,29.98130658462015
2011-04-21 01:00:00,14.377691063641379
2011-04-21 02:00:00,8.158171712839005
2011-04-21 03:00:00,4.22511399520925
2011-04-21 04:00:00,4.5084220516801095
2011-04-21 05:00:00,11.674479622507912
2011-04-21 06:00:00,45.857680940545485
2011-04-21 07:00:00,126.80238682641395
2011-04-21 08:00:00,220.15165832078438
2011-04-21 09:00:00,145.72715396976142
2011-04-21 10:00:00,98.92741945765312
2011-04-21 11:00:00,109.18175107217014
2011-04-21 12:00:00,144.9304694600648
2011-04-21 13:00:00,151.9426682936558
2011-04-21 14:00:00,143.45144351618063
2011-04-21 15:00:00,148.62263419723604
2011-04-21 16:00:00,209.25799000943158
2011-04-21 17:00:00,417.89025490428355
2011-04-21 18:00:00,379.5950331179456
2011-04-21 19:00:00,232.21957513453202
2011-04-21 20:00:00,144.74002254345083
2011-04-21 21:00:00,108.92287749351068
2011-04-21 22:00:00,89.01528510490519
2011-04-21 23:00:00,55.36916426846642
2011-04-22 00:00:00,25.586508025962278
2011-04-22 01:00:00,14.494943625690345
2011-04-22 02:00:00,8.508115829450974
2011-04-22 03:00:00,4.1047996643827105
2011-04-22 04:00:00,3.7617769770856233
2011-04-22 05:00:00,12.87986916743272
2011-04-22 06:00:00,48.10110400165382
2011-04-22 07:00:00,113.6557278458002
2011-04-22 08:00:00,230.94217334098516
2011-04-22 09:00:00,91.69725246719288
2011-04-22 10:00:00,94.07639641044364
2011-04-22 11:00:00,71.72495974073382
2011-04-22 12:00:00,78.31836061027407
2011-04-22 13:00:00,60.39180437187171
2011-04-22 14:00:00,56.58748265710228
2011-04-22 15:00:00,61.94147433995949
2011-04-22 16:00:00,85.01631319027996
2011-04-22 17:00:00,99.55993508290898
2011-04-22 18:00:00,89.07960847585845
2011-04-22 19:00:00,63.93874872495593
2011-04-22 20:00:00,56.95835933985036
2011-04-22 21:00:00,45.77207943597506
2011-04-22 22:00:00,40.61025337665995
2011-04-22 23:00:00,42.068864008309966
2011-04-23 00:00:00,23.85994338067702
2011-04-23 01:00:00,22.764191591636525
2011-04-23 02:00:00,26.554552213908718
2011-04-23 03:00:00,12.956541872037832
2011-04-23 04:00:00,7.067116351888401
2011-04-23 05:00:00,7.636986051927864
2011-04-23 06:00:00,13.365622051964994
2011-04-23 07:00:00,21.576808330528575
2011-04-23 08:00:00,45.94313612420802
2011-04-23 09:00:00,25.705456704963773
2011-04-23 10:00:00,117.33703210029405
2011-04-23 11:00:00,167.6933475202964
2011-04-23 12:00:00,82.51565954604797
2011-04-23 13:00:00,82.71465714316136
2011-04-23 14:00:00,223.97268129045088
2011-04-23 15:00:00,255.8808876631359
2011-04-23 16:00:00,286.55246634775085
2011-04-23 17:00:00,282.88708105443834
2011-04-23 18:00:00,214.27450573147595
2011-04-23 19:00:00,66.80067436488557
2011-04-23 20:00:00,99.06740260627714
2011-04-23 21:00:00,43.31253776037612
2011-04-23 22:00:00,121.58261653512564
2011-04-23 23:00:00,77.2661010414644
2011-04-24 00:00:00,48.07823405882848
2011-04-24 01:00:00,40.94122728384208
2011-04-24 02:00:00,38.519648372910595
2011-04-24 03:00:00,19.221016238638104
2011-04-24 04:00:00,8.416128677158387
2011-04-24 05:00:00,8.819154495706222
2011-04-24 06:00:00,9.378466860362343
2011-04-24 07:00:00,24.96874891735958
2011-04-24 08:00:00,54.728530040925136
2011-04-24 09:00:00,121.72875197495368
2011-04-24 10:00:00,192.99928908273682
2011-04-24 11:00:00,305.2538110920448
2011-04-24 12:00:00,339.9008295989285
2011-04-24 13:00:00,327.67955877424095
2011-04-24 14:00:00,318.63520002659106
2011-04-24 15:00:00,329.6053382883068
2011-04-24 16:00:00,320.5797038094663
2011-04-24 17:00:00,324.15076759761604
2011-04-24 18:00:00,285.10737862185175
2011-04-24 19:00:00,47.64932919997024
2011-04-24 20:00:00,40.16484391349638
2011-04-24 21:00:00,45.43609111748766
2011-04-24 22:00:00,35.25295404693478
2011-04-24 23:00:00,32.14827466431473
2011-04-25 00:00:00,13.049008629301184
2011-04-25 01:00:00,9.292585262039077
2011-04-25 02:00:00,6.287253463123285
2011-04-25 03:00:00,3.998574739110987
2011-04-25 04:00:00,4.260173813910531
2011-04-25 05:00:00,10.947790852361798
2011-04-25 06:00:00,42.634864246272706
2011-04-25 07:00:00,135.52938438646353
2011-04-25 08:00:00,321.2443843129769
2011-04-25 09:00:00,188.72209831994766
2011-04-25 10:00:00,111.74405897499567
2011-04-25 11:00:00,120.87080074588708
2011-04-25 12:00:00,154.5508448417426
2011-04-25 13:00:00,150.7611636906161
2011-04-25 14:00:00,140.07740519457198
2011-04-25 15:00:00,148.07069664735388
2011-04-25 16:00:00,224.60060040350132
2011-04-25 17:00:00,431.0635978098858
2011-04-25 18:00:00,427.7465250027558
2011-04-25 19:00:00,293.7932723264776
2011-04-25 20:00:00,210.93508254844608
2011-04-25 21:00:00,161.50344206262716
2011-04-25 22:00:00,113.36995274097325
2011-04-25 23:00:00,57.694222169333564
2011-04-26 00:00:00,24.77527738899362
2011-04-26 01:00:00,11.087112125264742
2011-04-26 02:00:00,6.2920169150782606
2011-04-26 03:00:00,4.059784821573941
2011-04-26 04:00:00,4.461977123732752
2011-04-26 05:00:00,14.123267456060246
2011-04-26 06:00:00,59.12705986899932
2011-04-26 07:00:00,146.51115469623107
2011-04-26 08:00:00,123.15451159578083
2011-04-26 09:00:00,181.03458507661145
2011-04-26 10:00:00,116.10983577276345
2011-04-26 11:00:00,123.3230257288012
2011-04-26 12:00:00,150.78514830964454
2011-04-26 13:00:00,149.53091455336258
2011-04-26 14:00:00,141.76206969493975
2011-04-26 15:00:00,143.8736561389857
2011-04-26 16:00:00,225.20970407126273
2011-04-26 17:00:00,429.14022872837137
2011-04-26 18:00:00,410.70444724560605
2011-04-26 19:00:00,267.8967603224049
2011-04-26 20:00:00,201.28644283616268
2011-04-26 21:00:00,151.35290703729473
2011-04-26 22:00:00,115.62293224348535
2011-04-26 23:00:00,52.9588908270988
2011-04-27 00:00:00,25.541421922918552
2011-04-27 01:00:00,10.813700962038592
2011-04-27 02:00:00,6.582318325212642
2011-04-27 03:00:00,3.8902885731343675
2011-04-27 04:00:00,3.84894381018731
2011-04-27 05:00:00,11.904969171277843
2011-04-27 06:00:00,45.730019032375615
2011-04-27 07:00:00,125.34466029696453
2011-04-27 08:00:00,112.57059643707628
2011-04-27 09:00:00,60.34829940018351
2011-04-27 10:00:00,36.777777250473704
2011-04-27 11:00:00,111.9191257120906
2011-04-27 12:00:00,139.20376491271097
2011-04-27 13:00:00,139.6123062160178
2011-04-27 14:00:00,140.326033553676
2011-04-27 15:00:00,141.42066193926502
2011-04-27 16:00:00,216.26264149028836
2011-04-27 17:00:00,78.46027506846588
2011-04-27 18:00:00,73.97404374098019
2011-04-27 19:00:00,236.9414121680698
2011-04-27 20:00:00,59.99032669628941
2011-04-27 21:00:00,45.19455789269104
2011-04-27 22:00:00,34.016841944252725
2011-04-27 23:00:00,20.580048315092395
2011-04-28 00:00:00,31.207301035402452
2011-04-28 01:00:00,10.882197765644008
2011-04-28 02:00:00,5.5843310924926985
2011-04-28 03:00:00,4.377372801685009
2011-04-28 04:00:00,3.9378194735667034
2011-04-28 05:00:00,12.634430398170991
2011-04-28 06:00:00,55.81008862553513
2011-04-28 07:00:00,198.6766662920122
2011-04-28 08:00:00,298.94300178059467
2011-04-28 09:00:00,40.08926078502087
2011-04-28 10:00:00,29.53110684159738
2011-04-28 11:00:00,44.11138195715141
2011-04-28 12:00:00,145.04677337018063
2011-04-28 13:00:00,43.979467309533234
2011-04-28 14:00:00,50.5877430232165
2011-04-28 15:00:00,152.3464131564753
2011-04-28 16:00:00,184.81893282516404
2011-04-28 17:00:00,431.93660715486027
2011-04-28 18:00:00,424.4450192270441
2011-04-28 19:00:00,304.2798642224812
2011-04-28 20:00:00,203.43010296880757
2011-04-28 21:00:00,152.32639304071188
2011-04-28 22:00:00,119.75899228273076
2011-04-28 23:00:00,74.88912769288196
2011-04-29 00:00:00,36.59885644109942
2011-04-29 01:00:00,20.276609852939494
2011-04-29 02:00:00,12.498396119321443
2011-04-29 03:00:00,5.997375328849313
2011-04-29 04:00:00,5.525646426384809
2011-04-29 05:00:00,15.610613512930808
2011-04-29 06:00:00,61.16864401974961
2011-04-29 07:00:00,192.57770622217691
2011-04-29 08:00:00,319.0664413968164
2011-04-29 09:00:00,193.29078274057738
2011-04-29 10:00:00,136.93463198287364
2011-04-29 11:00:00,148.84960217662638
2011-04-29 12:00:00,184.85765043323948
2011-04-29 13:00:00,183.8881157825459
2011-04-29 14:00:00,181.4808579592057
2011-04-29 15:00:00,167.2598338245853
2011-04-29 16:00:00,227.25132865913608
2011-04-29 17:00:00,379.3027929512742
2011-04-29 18:00:00,351.5981900448334
2011-04-29 19:00:00,190.16410622842506
2011-04-29 20:00:00,163.37561871704824
2011-04-29 21:00:00,114.5164426847562
2011-04-29 22:00:00,85.98207182952756
2011-04-29 23:00:00,71.00636581823018
2011-04-30 00:00:00,49.400178770909925
2011-04-30 01:00:00,39.90599472508889
2011-04-30 02:00:00,35.70544769649628
2011-04-30 03:00:00,14.068120131179223
2011-04-30 04:00:00,7.021973230316488
2011-04-30 05:00:00,6.492429645825681
2011-04-30 06:00:00,17.14126765706388
2011-04-30 07:00:00,42.87524876467268
2011-04-30 08:00:00,78.0053459317432
2011-04-30 09:00:00,133.66661608307058
2011-04-30 10:00:00,217.27521563736363
2011-04-30 11:00:00,260.5377504313602
2011-04-30 12:00:00,294.40976630026773
2011-04-30 13:00:00,293.9644009319472
2011-04-30 14:00:00,283.5255491727648
2011-04-30 15:00:00,294.83711811292085
2011-04-30 16:00:00,305.6732414531003
2011-04-30 17:00:00,310.5514799733276
2011-04-30 18:00:00,281.28619130370635
2011-04-30 19:00:00,225.9059973476189
2011-04-30 20:00:00,126.52998743969664
2011-04-30 21:00:00,97.96303663680587
2011-04-30 22:00:00,89.96280432033271
2011-04-30 23:00:00,77.4048873618331
2011-05-20 00:00:00,28.682053747122033
2011-05-20 01:00:00,18.001700517042913
2011-05-20 02:00:00,10.525143684447237
2011-05-20 03:00:00,6.635446079202306
2011-05-20 04:00:00,6.154328696484097
2011-05-20 05:00:00,21.214812747692736
2011-05-20 06:00:00,106.4555096595829
2011-05-20 07:00:00,300.02307432765434
2011-05-20 08:00:00,420.43383661363924
2011-05-20 09:00:00,233.17194234802292
2011-05-20 10:00:00,155.72485015562057
2011-05-20 11:00:00,180.3193669569056
2011-05-20 12:00:00,226.49472555308196
2011-05-20 13:00:00,199.22496496265444
2011-05-20 14:00:00,215.47748211998567
2011-05-20 15:00:00,225.3042507894803
2011-05-20 16:00:00,338.4978298091689
2011-05-20 17:00:00,545.57152354652
2011-05-20 18:00:00,502.106020772494
2011-05-20 19:00:00,307.87758355689107
2011-05-20 20:00:00,236.6470055740724
2011-05-20 21:00:00,177.5035296556298
2011-05-20 22:00:00,143.0756332685924
2011-05-20 23:00:00,124.69904672310543
2011-05-21 00:00:00,108.03708415991582
2011-05-21 01:00:00,82.19697501905246
2011-05-21 02:00:00,61.65715394176163
2011-05-21 03:00:00,25.00667353456079
2011-05-21 04:00:00,9.702526889205124
2011-05-21 05:00:00,11.474893609793225
2011-05-21 06:00:00,23.803585907371847
2011-05-21 07:00:00,70.0144537876525
2011-05-21 08:00:00,153.34098809532807
2011-05-21 09:00:00,204.20768731174687
2011-05-21 10:00:00,302.82914606056784
2011-05-21 11:00:00,383.32493283175944
2011-05-21 12:00:00,439.56388856906335
2011-05-21 13:00:00,443.4852838307417
2011-05-21 14:00:00,423.0295648195983
2011-05-21 15:00:00,436.6373914277684
2011-05-21 16:00:00,444.63765751720683
2011-05-21 17:00:00,403.1398564804928
2011-05-21 18:00:00,372.4119057120596
2011-05-21 19:00:00,314.83590425151027
2011-05-21 20:00:00,266.6662492019185
2011-05-21 21:00:00,211.1825470064932
2011-05-21 22:00:00,166.13908417374435
2011-05-21 23:00:00,125.94670310935439
2011-05-22 00:00:00,111.31319604080676
2011-05-22 01:00:00,67.63199283101629
2011-05-22 02:00:00,51.919876849488034
2011-05-22 03:00:00,28.072021694173138
2011-05-22 04:00:00,10.572662801683114
2011-05-22 05:00:00,12.198543501763714
2011-05-22 06:00:00,10.641919647262178
2011-05-22 07:00:00,38.4855819158703
2011-05-22 08:00:00,106.47967655128143
2011-05-22 09:00:00,197.58069087345072
2011-05-22 10:00:00,305.75989043728237
2011-05-22 11:00:00,380.33499982594265
2011-05-22 12:00:00,405.2760591556891
2011-05-22 13:00:00,403.76625264181763
2011-05-22 14:00:00,328.82945564333147
2011-05-22 15:00:00,404.31283682534547
2011-05-22 16:00:00,422.9561479086804
2011-05-22 17:00:00,409.78664354555417
2011-05-22 18:00:00,372.3302982683958
2011-05-22 19:00:00,306.77008324232276
2011-05-22 20:00:00,245.4078367087371
2011-05-22 21:00:00,165.77849752443527
2011-05-22 22:00:00,127.78002002548791
2011-05-22 23:00:00,60.63022868255706
2011-05-23 00:00:00,30.230438697263065
2011-05-23 01:00:00,15.76794984347046
2011-05-23 02:00:00,8.282208152436318
2011-05-23 03:00:00,5.173041330172678
2011-05-23 04:00:00,6.192317333343871
2011-05-23 05:00:00,21.68769934523399
2011-05-23 06:00:00,84.85525962679174
2011-05-23 07:00:00,204.17456696326386
2011-05-23 08:00:00,372.8310949507585
2011-05-23 09:00:00,193.8978182141224
2011-05-23 10:00:00,131.88976921993978
2011-05-23 11:00:00,142.574383045613
2011-05-23 12:00:00,177.13726162452215
2011-05-23 13:00:00,170.35316955742638
2011-05-23 14:00:00,148.5125147004034
2011-05-23 15:00:00,164.13833786033675
2011-05-23 16:00:00,265.1216811380612
2011-05-23 17:00:00,431.7405446217561
2011-05-23 18:00:00,486.74815752348536
2011-05-23 19:00:00,361.3659942269508
2011-05-23 20:00:00,210.42956968688483
2011-05-23 21:00:00,147.99219570640193
2011-05-23 22:00:00,90.74266552250529
2011-05-23 23:00:00,65.6921090246856
2011-05-24 00:00:00,20.16857373701081
2011-05-24 01:00:00,11.75940008740295
2011-05-24 02:00:00,6.671599889256781
2011-05-24 03:00:00,5.4704291430895795
2011-05-24 04:00:00,6.208771020696534
2011-05-24 05:00:00,19.957348895676688
2011-05-24 06:00:00,82.40557612158302
2011-05-24 07:00:00,222.5799900266163
2011-05-24 08:00:00,276.7672041000581
2011-05-24 09:00:00,219.4162236073746
2011-05-24 10:00:00,132.28086163292676
2011-05-24 11:00:00,143.7761738377851
2011-05-24 12:00:00,187.12284175649012
2011-05-24 13:00:00,172.97544396898243
2011-05-24 14:00:00,160.65874736894003
2011-05-24 15:00:00,153.11213608324786
2011-05-24 16:00:00,291.88593644018835
2011-05-24 17:00:00,550.8019034876315
2011-05-24 18:00:00,529.7613528156091
2011-05-24 19:00:00,363.80181975231693
2011-05-24 20:00:00,289.0164567931097
2011-05-24 21:00:00,198.69757593421002
2011-05-24 22:00:00,71.05198588471202
2011-05-24 23:00:00,86.59580960432382
2011-05-25 00:00:00,30.753536027527165
2011-05-25 01:00:00,14.525780558148744
2011-05-25 02:00:00,7.559785403692588
2011-05-25 03:00:00,5.850510616501251
2011-05-25 04:00:00,5.872688613202836
2011-05-25 05:00:00,23.615604337090627
2011-05-25 06:00:00,90.54269499136495
2011-05-25 07:00:00,270.3016325547094
2011-05-25 08:00:00,399.2704913501783
2011-05-25 09:00:00,237.37607586494562
2011-05-25 10:00:00,131.29835561435726
2011-05-25 11:00:00,146.45699723328838
2011-05-25 12:00:00,191.20069994977217
2011-05-25 13:00:00,189.29290530319892
2011-05-25 14:00:00,176.0194327163897
2011-05-25 15:00:00,168.63293241292567
2011-05-25 16:00:00,293.83278419543717
2011-05-25 17:00:00,545.0284594473244
2011-05-25 18:00:00,541.6046908576494
2011-05-25 19:00:00,393.14886247343253
2011-05-25 20:00:00,309.32104842410206
2011-05-25 21:00:00,232.71127626404217
2011-05-25 22:00:00,175.96674994920528
2011-05-25 23:00:00,93.90420663073967
2011-05-26 00:00:00,48.284473659633335
2011-05-26 01:00:00,20.773922364125074
2011-05-26 02:00:00,10.399813492927771
2011-05-26 03:00:00,6.335635699537098
2011-05-26 04:00:00,6.5415257413020695
2011-05-26 05:00:00,21.891578087841754
2011-05-26 06:00:00,83.33217729181865
2011-05-26 07:00:00,180.53302490558852
2011-05-26 08:00:00,454.4125688649387
2011-05-26 09:00:00,232.50725692292013
2011-05-26 10:00:00,135.28682066635275
2011-05-26 11:00:00,141.38471542129614
2011-05-26 12:00:00,180.03018327072644
2011-05-26 13:00:00,177.4279245115756
2011-05-26 14:00:00,167.6900198118802
2011-05-26 15:00:00,166.674001892976
2011-05-26 16:00:00,263.03121227213063
2011-05-26 17:00:00,517.0931526337175
2011-05-26 18:00:00,513.426109261189
2011-05-26 19:00:00,376.68333046438715
2011-05-26 20:00:00,306.5632742219091
2011-05-26 21:00:00,240.28949420516923
2011-05-26 22:00:00,180.9138473051879
2011-05-26 23:00:00,119.152676272348
2011-05-27 00:00:00,60.18597362557746
2011-05-27 01:00:00,27.514208101708835
2011-05-27 02:00:00,14.738626426853287
2011-05-27 03:00:00,7.9741411750335995
2011-05-27 04:00:00,7.3603364079674956
2011-05-27 05:00:00,24.819790517776855
2011-05-27 06:00:00,113.49654918040503
2011-05-27 07:00:00,263.482220619296
2011-05-27 08:00:00,439.3148067133007
2011-05-27 09:00:00,243.8703152693662
2011-05-27 10:00:00,154.51279820141394
2011-05-27 11:00:00,166.4524729759169
2011-05-27 12:00:00,205.72079319665008
2011-05-27 13:00:00,227.48787350310266
2011-05-27 14:00:00,206.53116586393207
2011-05-27 15:00:00,206.70603034631438
2011-05-27 16:00:00,296.1606765514572
2011-05-27 17:00:00,522.9858168161214
2011-05-27 18:00:00,412.48474899396814
2011-05-27 19:00:00,227.12522741012435
2011-05-27 20:00:00,208.7051303435735
2011-05-27 21:00:00,166.4596649199925
2011-05-27 22:00:00,148.06076204871357
2011-05-27 23:00:00,125.31952025140433
2011-05-28 00:00:00,107.54890944012371
2011-05-28 01:00:00,79.6362585090646
2011-05-28 02:00:00,47.79145601293704
2011-05-28 03:00:00,23.859261462409158
2011-05-28 04:00:00,9.516698831677335
2011-05-28 05:00:00,11.030585685097178
2011-05-28 06:00:00,23.550915546625955
2011-05-28 07:00:00,49.98811766428423
2011-05-28 08:00:00,123.13545426486911
2011-05-28 09:00:00,208.43325498380415
2011-05-28 10:00:00,302.94017948952035
2011-05-28 11:00:00,365.77694072400345
2011-05-28 12:00:00,443.88277740050216
2011-05-28 13:00:00,417.9126349970745
2011-05-28 14:00:00,404.18321528813686
2011-05-28 15:00:00,396.9688016044744
2011-05-28 16:00:00,417.5283133199294
2011-05-28 17:00:00,424.36716425735517
2011-05-28 18:00:00,401.1026005405775
2011-05-28 19:00:00,314.4446788165313
2011-05-28 20:00:00,278.0167352952856
2011-05-28 21:00:00,204.30895396356092
2011-05-28 22:00:00,173.6686449318849
2011-05-28 23:00:00,131.9756491347164
2011-05-29 00:00:00,109.13848168668414
2011-05-29 01:00:00,88.53803321200232
2011-05-29 02:00:00,63.38890900710016
2011-05-29 03:00:00,32.00097227093022
2011-05-29 04:00:00,11.338274466689938
2011-05-29 05:00:00,10.550959864222042
2011-05-29 06:00:00,14.055836190164626
2011-05-29 07:00:00,35.89808181249547
2011-05-29 08:00:00,79.38957675077668
2011-05-29 09:00:00,80.84771577271695
2011-05-29 10:00:00,212.32800855419444
2011-05-29 11:00:00,229.65051794013334
2011-05-29 12:00:00,349.88680029931203
2011-05-29 13:00:00,388.40694021602184
2011-05-29 14:00:00,335.83338763906517
2011-05-29 15:00:00,332.8750574743288
2011-05-29 16:00:00,361.6642804483339
2011-05-29 17:00:00,378.7830984693
2011-05-29 18:00:00,323.5712930711044
2011-05-29 19:00:00,283.59597490628306
2011-05-29 20:00:00,203.59614703457345
2011-05-29 21:00:00,183.87696081128908
2011-05-29 22:00:00,115.76616054658078
2011-05-29 23:00:00,86.28222917483826
2011-05-30 00:00:00,82.01670359600236
2011-05-30 01:00:00,77.56481810771525
2011-05-30 02:00:00,43.22500283998551
2011-05-30 03:00:00,17.659469333373302
2011-05-30 04:00:00,7.300928334675469
2011-05-30 05:00:00,15.651519008972084
2011-05-30 06:00:00,28.24661802074612
2011-05-30 07:00:00,61.73168800730816
2011-05-30 08:00:00,267.5468771620424
2011-05-30 09:00:00,234.22308936484976
2011-05-30 10:00:00,244.1596847800492
2011-05-30 11:00:00,232.47180980700097
2011-05-30 12:00:00,300.2128667711643
2011-05-30 13:00:00,300.1142859129856
2011-05-30 14:00:00,264.2608767512352
2011-05-30 15:00:00,271.4379588240525
2011-05-30 16:00:00,335.9527690957882
2011-05-30 17:00:00,411.412783460436
2011-05-30 18:00:00,469.9106731850276
2011-05-30 19:00:00,388.85682848858784
2011-05-30 20:00:00,339.8382250087615
2011-05-30 21:00:00,358.9493054183804
2011-05-30 22:00:00,268.7048122940427
2011-05-30 23:00:00,107.92253570263604
2011-05-31 00:00:00,37.2106936075165
2011-05-31 01:00:00,15.576903921577902
2011-05-31 02:00:00,8.03495438866519
2011-05-31 03:00:00,5.679677961277905
2011-05-31 04:00:00,6.348364129692876
2011-05-31 05:00:00,24.74783108640634
2011-05-31 06:00:00,117.09011460324429
2011-05-31 07:00:00,251.8425944831415
2011-05-31 08:00:00,383.3452521650854
2011-05-31 09:00:00,203.6851843302051
2011-05-31 10:00:00,109.6377144656104
2011-05-31 11:00:00,117.97537408777522
2011-05-31 12:00:00,147.14720534462447
2011-05-31 13:00:00,144.02526810742773
2011-05-31 14:00:00,131.49701028460967
2011-05-31 15:00:00,140.99533926656395
2011-05-31 16:00:00,234.60247074122773
2011-05-31 17:00:00,520.7472019662766
2011-05-31 18:00:00,525.187182338381
2011-05-31 19:00:00,393.6003699798129
2011-05-31 20:00:00,308.28847336522153
2011-05-31 21:00:00,237.24463961893287
2011-05-31 22:00:00,175.3498171842946
2011-05-31 23:00:00,95.27596408828191
2011-06-20 00:00:00,35.629717731479936
2011-06-20 01:00:00,15.945985536870763
2011-06-20 02:00:00,8.891109779729556
2011-06-20 03:00:00,6.027013831214074
2011-06-20 04:00:00,6.338871687586173
2011-06-20 05:00:00,22.883276737298203
2011-06-20 06:00:00,91.25842024432691
2011-06-20 07:00:00,159.16377719748635
2011-06-20 08:00:00,258.1561447573728
2011-06-20 09:00:00,225.082876728314
2011-06-20 10:00:00,127.97698317254867
2011-06-20 11:00:00,146.091697861272
2011-06-20 12:00:00,179.18426775014882
2011-06-20 13:00:00,179.24111417658358
2011-06-20 14:00:00,175.436705110792
2011-06-20 15:00:00,185.44771804695006
2011-06-20 16:00:00,302.8820336212447
2011-06-20 17:00:00,545.707697115955
2011-06-20 18:00:00,555.7993888089378
2011-06-20 19:00:00,382.1802427819529
2011-06-20 20:00:00,290.47650072875615
2011-06-20 21:00:00,209.7906523506581
2011-06-20 22:00:00,147.37637671875737
2011-06-20 23:00:00,81.27810357680757
2011-06-21 00:00:00,38.6450417426728
2011-06-21 01:00:00,17.225441035292665
2011-06-21 02:00:00,7.872378064370459
2011-06-21 03:00:00,6.077265586721551
2011-06-21 04:00:00,6.080687838028493
2011-06-21 05:00:00,23.440850113499952
2011-06-21 06:00:00,102.71816313742919
2011-06-21 07:00:00,207.9017476813824
2011-06-21 08:00:00,382.54672543017824
2011-06-21 09:00:00,185.20170085884234
2011-06-21 10:00:00,124.99749659343424
2011-06-21 11:00:00,147.18492419915174
2011-06-21 12:00:00,179.79487632993786
2011-06-21 13:00:00,178.1707920211399
2011-06-21 14:00:00,168.74907489947617
2011-06-21 15:00:00,181.25162163688813
2011-06-21 16:00:00,286.63016532234514
2011-06-21 17:00:00,527.9978189151562
2011-06-21 18:00:00,491.45389760834826
2011-06-21 19:00:00,344.97742667484516
2011-06-21 20:00:00,278.79245262445534
2011-06-21 21:00:00,223.17813228197633
2011-06-21 22:00:00,170.73142229334434
2011-06-21 23:00:00,91.7906147121455
2011-06-22 00:00:00,38.957782239066425
2011-06-22 01:00:00,17.438522770616935
2011-06-22 02:00:00,9.243115634101382
2011-06-22 03:00:00,6.383019792957685
2011-06-22 04:00:00,6.217874922999225
2011-06-22 05:00:00,24.26421797447929
2011-06-22 06:00:00,110.01334881860632
2011-06-22 07:00:00,352.32461672742465
2011-06-22 08:00:00,424.0241182820401
2011-06-22 09:00:00,226.23578305113963
2011-06-22 10:00:00,129.9174713505736
2011-06-22 11:00:00,145.8359290907306
2011-06-22 12:00:00,179.2189822942457
2011-06-22 13:00:00,163.7321039512523
2011-06-22 14:00:00,165.59588781404437
2011-06-22 15:00:00,152.20279233395334
2011-06-22 16:00:00,244.10300407858514
2011-06-22 17:00:00,460.41959865176943
2011-06-22 18:00:00,515.474406738326
2011-06-22 19:00:00,383.18027023589997
2011-06-22 20:00:00,286.64314807731745
2011-06-22 21:00:00,222.0828315462686
2011-06-22 22:00:00,162.8910110863377
2011-06-22 23:00:00,98.22353447977069
2011-06-23 00:00:00,42.33945964767941
2011-06-23 01:00:00,19.76439499300928
2011-06-23 02:00:00,11.125590137274191
2011-06-23 03:00:00,6.843348229378647
2011-06-23 04:00:00,7.4430572410069065
2011-06-23 05:00:00,25.885068438428224
2011-06-23 06:00:00,115.01781177238259
2011-06-23 07:00:00,312.0779292777355
2011-06-23 08:00:00,412.3197986614192
2011-06-23 09:00:00,222.68773115525258
2011-06-23 10:00:00,131.56501070946126
2011-06-23 11:00:00,143.2332139540742
2011-06-23 12:00:00,166.67571864874887
2011-06-23 13:00:00,172.0578658896267
2011-06-23 14:00:00,162.27775400465922
2011-06-23 15:00:00,165.98624597385597
2011-06-23 16:00:00,271.54838683359907
2011-06-23 17:00:00,413.7847362230779
2011-06-23 18:00:00,495.5568622643365
2011-06-23 19:00:00,366.23185793666414
2011-06-23 20:00:00,287.39323835000926
2011-06-23 21:00:00,226.75775961693807
2011-06-23 22:00:00,162.7477978355045
2011-06-23 23:00:00,116.44427418769358
2011-06-24 00:00:00,57.71534112394348
2011-06-24 01:00:00,23.342776597836277
2011-06-24 02:00:00,12.586794649490816
2011-06-24 03:00:00,7.509959261169275
2011-06-24 04:00:00,7.014725787670979
2011-06-24 05:00:00,23.788345105917937
2011-06-24 06:00:00,109.35794860636135
2011-06-24 07:00:00,302.4926785924293
2011-06-24 08:00:00,441.2003258674493
2011-06-24 09:00:00,235.19348158682993
2011-06-24 10:00:00,152.22299343825404
2011-06-24 11:00:00,179.14174120196574
2011-06-24 12:00:00,225.09714914201612
2011-06-24 13:00:00,222.08457000943034
2011-06-24 14:00:00,219.5870300110862
2011-06-24 15:00:00,221.96622162367703
2011-06-24 16:00:00,333.1667992090911
2011-06-24 17:00:00,563.8255001139128
2011-06-24 18:00:00,482.22416916844566
2011-06-24 19:00:00,326.8175592488697
2011-06-24 20:00:00,256.52584785918884
2011-06-24 21:00:00,200.58712991625887
2011-06-24 22:00:00,169.61087706087955
2011-06-24 23:00:00,149.6516742807829
2011-06-25 00:00:00,118.7339927104519
2011-06-25 01:00:00,90.17949020806704
2011-06-25 02:00:00,61.924152914676405
2011-06-25 03:00:00,27.252179755032017
2011-06-25 04:00:00,10.433964416331326
2011-06-25 05:00:00,10.39868325465384
2011-06-25 06:00:00,24.482083104841845
2011-06-25 07:00:00,78.93095318889497
2011-06-25 08:00:00,149.89043896056356
2011-06-25 09:00:00,215.7188409859704
2011-06-25 10:00:00,310.42455201687903
2011-06-25 11:00:00,372.85102981636857
2011-06-25 12:00:00,422.88197564300236
2011-06-25 13:00:00,420.6640597083426
2011-06-25 14:00:00,409.45838535075234
2011-06-25 15:00:00,409.79915432344995
2011-06-25 16:00:00,446.93985072234705
2011-06-25 17:00:00,407.6460021868019
2011-06-25 18:00:00,397.0140036245751
2011-06-25 19:00:00,323.2364807774554
2011-06-25 20:00:00,280.01819001539405
2011-06-25 21:00:00,218.8036742738631
2011-06-25 22:00:00,186.0331438371574
2011-06-25 23:00:00,128.08427098857936
2011-06-26 00:00:00,116.29810297700413
2011-06-26 01:00:00,94.18279652533433
2011-06-26 02:00:00,67.77934921005036
2011-06-26 03:00:00,34.58775955722706
2011-06-26 04:00:00,11.624534508761835
2011-06-26 05:00:00,10.581085156980306
2011-06-26 06:00:00,17.896652243522908
2011-06-26 07:00:00,83.0159965361071
2011-06-26 08:00:00,111.94975883822877
2011-06-26 09:00:00,181.3817816364711
2011-06-26 10:00:00,315.34819616937574
2011-06-26 11:00:00,377.34071010305274
2011-06-26 12:00:00,408.8410667743963
2011-06-26 13:00:00,383.6486143683969
2011-06-26 14:00:00,400.30621585465536
2011-06-26 15:00:00,372.4445463853542
2011-06-26 16:00:00,420.3371701782814
2011-06-26 17:00:00,381.70244532961135
2011-06-26 18:00:00,355.49716121860223
2011-06-26 19:00:00,307.48135974730496
2011-06-26 20:00:00,255.79496699838364
2011-06-26 21:00:00,189.15200749431054
2011-06-26 22:00:00,148.77923460808256
2011-06-26 23:00:00,91.89060901748789
2011-06-27 00:00:00,33.994394814883584
2011-06-27 01:00:00,16.675504491553664
2011-06-27 02:00:00,9.720307599403993
2011-06-27 03:00:00,7.021949567782461
2011-06-27 04:00:00,6.228530161316146
2011-06-27 05:00:00,23.907033089039412
2011-06-27 06:00:00,111.34931926548963
2011-06-27 07:00:00,282.4958115990284
2011-06-27 08:00:00,427.9073228865753
2011-06-27 09:00:00,225.56992164560978
2011-06-27 10:00:00,133.534590620624
2011-06-27 11:00:00,147.5639703410514
2011-06-27 12:00:00,185.42020185473422
2011-06-27 13:00:00,180.7278192769507
2011-06-27 14:00:00,175.64835995982023
2011-06-27 15:00:00,186.13200889205837
2011-06-27 16:00:00,302.8820336212447
2011-06-27 17:00:00,551.352253767801
2011-06-27 18:00:00,555.7993888089378
2011-06-27 19:00:00,391.6814182304871
2011-06-27 20:00:00,293.92475082818976
2011-06-27 21:00:00,223.01355389622236
2011-06-27 22:00:00,156.50951587965872
2011-06-27 23:00:00,83.82128140171955
2011-06-28 00:00:00,38.27131899351277
2011-06-28 01:00:00,17.09230260291753
2011-06-28 02:00:00,9.179338387644705
2011-06-28 03:00:00,6.396327839453389
2011-06-28 04:00:00,6.576316462550499
2011-06-28 05:00:00,25.721839721014426
2011-06-28 06:00:00,108.69332949950335
2011-06-28 07:00:00,328.1043985498075
2011-06-28 08:00:00,467.95067025643965
2011-06-28 09:00:00,217.62477296367632
2011-06-28 10:00:00,127.63169611493191
2011-06-28 11:00:00,140.68589947273765
2011-06-28 12:00:00,178.2135753068661
2011-06-28 13:00:00,176.50210802222603
2011-06-28 14:00:00,144.57381929579273
2011-06-28 15:00:00,152.2532290219877
2011-06-28 16:00:00,250.24695300379324
2011-06-28 17:00:00,460.4850997922617
2011-06-28 18:00:00,455.40601747215106
2011-06-28 19:00:00,323.87893687458785
2011-06-28 20:00:00,303.9215537697491
2011-06-28 21:00:00,232.70450140209903
2011-06-28 22:00:00,170.85360235554586
2011-06-28 23:00:00,93.38083124260928
2011-06-29 00:00:00,30.680847338937365
2011-06-29 01:00:00,14.681045494905128
2011-06-29 02:00:00,8.103266701112322
2011-06-29 03:00:00,5.976655543638303
2011-06-29 04:00:00,6.40339311642464
2011-06-29 05:00:00,23.606823592149464
2011-06-29 06:00:00,117.59209094017451
2011-06-29 07:00:00,286.7399560607057
2011-06-29 08:00:00,412.4966797220342
2011-06-29 09:00:00,228.27231238678746
2011-06-29 10:00:00,134.2324814486813
2011-06-29 11:00:00,147.68717867976207
2011-06-29 12:00:00,192.8118057596315
2011-06-29 13:00:00,181.41797589514331
2011-06-29 14:00:00,170.54979656760312
2011-06-29 15:00:00,181.50560154418318
2011-06-29 16:00:00,292.02340698996227
2011-06-29 17:00:00,534.6840073244383
2011-06-29 18:00:00,516.3574053466878
2011-06-29 19:00:00,387.27407255120806
2011-06-29 20:00:00,306.9674465947186
2011-06-29 21:00:00,235.15293952481
2011-06-29 22:00:00,175.13331012536435
2011-06-29 23:00:00,103.33205017011373
2011-06-30 00:00:00,47.32627961023463
2011-06-30 01:00:00,20.348771185089966
2011-06-30 02:00:00,11.206614647552751
2011-06-30 03:00:00,6.916739262985154
2011-06-30 04:00:00,7.143256059329901
2011-06-30 05:00:00,25.06040400012848
2011-06-30 06:00:00,114.88784256781508
2011-06-30 07:00:00,272.0002392069023
2011-06-30 08:00:00,425.7805481720431
2011-06-30 09:00:00,228.68452322384556
2011-06-30 10:00:00,132.90125220926086
2011-06-30 11:00:00,154.4189313795438
2011-06-30 12:00:00,196.93727954486323
2011-06-30 13:00:00,195.0956669444053
2011-06-30 14:00:00,180.73725321627936
2011-06-30 15:00:00,195.54550714126643
2011-06-30 16:00:00,298.75660617757126
2011-06-30 17:00:00,525.1411612010319
2011-06-30 18:00:00,552.258830949858
2011-06-30 19:00:00,391.080328981522
2011-06-30 20:00:00,305.0070000446193
2011-06-30 21:00:00,237.04802981313307
2011-06-30 22:00:00,180.17309206540773
2011-06-30 23:00:00,117.83191927217706
2011-07-20 00:00:00,35.36012876751764
2011-07-20 01:00:00,15.584517606178148
2011-07-20 02:00:00,8.260418627792827
2011-07-20 03:00:00,5.999112790452756
2011-07-20 04:00:00,6.546175282126045
2011-07-20 05:00:00,25.977841975104756
2011-07-20 06:00:00,107.02423402228547
2011-07-20 07:00:00,313.52454987415706
2011-07-20 08:00:00,421.01955615007284
2011-07-20 09:00:00,222.46998194401866
2011-07-20 10:00:00,130.37082938782345
2011-07-20 11:00:00,131.23141887379708
2011-07-20 12:00:00,160.1104865164557
2011-07-20 13:00:00,157.95391430754344
2011-07-20 14:00:00,146.91010352988164
2011-07-20 15:00:00,154.28843799416666
2011-07-20 16:00:00,260.83776258450433
2011-07-20 17:00:00,522.7674843133218
2011-07-20 18:00:00,522.757869415809
2011-07-20 19:00:00,367.76241919391214
2011-07-20 20:00:00,278.03648662865885
2011-07-20 21:00:00,234.73905285855437
2011-07-20 22:00:00,171.75149299822155
2011-07-20 23:00:00,99.50665783419879
2011-07-21 00:00:00,45.05489961200312
2011-07-21 01:00:00,16.54630846696174
2011-07-21 02:00:00,9.314094681544171
2011-07-21 03:00:00,6.557897252712732
2011-07-21 04:00:00,6.163083498949501
2011-07-21 05:00:00,22.547949166342317
2011-07-21 06:00:00,110.72075399140829
2011-07-21 07:00:00,322.91720363172567
2011-07-21 08:00:00,486.688575243308
2011-07-21 09:00:00,185.25046055642173
2011-07-21 10:00:00,122.80873374669727
2011-07-21 11:00:00,128.33007298390444
2011-07-21 12:00:00,150.27435765028
2011-07-21 13:00:00,154.40605161399435
2011-07-21 14:00:00,144.1270371022512
2011-07-21 15:00:00,153.9611878521008
2011-07-21 16:00:00,245.74818510315075
2011-07-21 17:00:00,497.8102772418426
2011-07-21 18:00:00,497.8815883343843
2011-07-21 19:00:00,366.1311486288059
2011-07-21 20:00:00,291.571408823238
2011-07-21 21:00:00,219.98035991433574
2011-07-21 22:00:00,179.79632429478187
2011-07-21 23:00:00,119.4928668207868
2011-07-22 00:00:00,56.72312513594553
2011-07-22 01:00:00,26.682828126755723
2011-07-22 02:00:00,13.795932456473402
2011-07-22 03:00:00,7.112713233396623
2011-07-22 04:00:00,6.952785823350962
2011-07-22 05:00:00,23.55698998468048
2011-07-22 06:00:00,110.41293374948708
2011-07-22 07:00:00,244.5017501159902
2011-07-22 08:00:00,338.89681111375336
2011-07-22 09:00:00,184.017882183928
2011-07-22 10:00:00,122.32107379950354
2011-07-22 11:00:00,149.23070132414034
2011-07-22 12:00:00,173.53915168945082
2011-07-22 13:00:00,173.851799219268
2011-07-22 14:00:00,170.2170939105002
2011-07-22 15:00:00,166.64344957447702
2011-07-22 16:00:00,290.84237635558196
2011-07-22 17:00:00,506.67079708992844
2011-07-22 18:00:00,467.9930816790478
2011-07-22 19:00:00,318.7425366450213
2011-07-22 20:00:00,239.19928716558854
2011-07-22 21:00:00,197.2121294573233
2011-07-22 22:00:00,159.3544169608828
2011-07-22 23:00:00,142.48553277409076
2011-07-23 00:00:00,111.03417260084316
2011-07-23 01:00:00,84.33310879412063
2011-07-23 02:00:00,57.782493539861115
2011-07-23 03:00:00,24.360898597774234
2011-07-23 04:00:00,9.505337718141284
2011-07-23 05:00:00,9.618249919935383
2011-07-23 06:00:00,23.616341006111767
2011-07-23 07:00:00,72.74107078096104
2011-07-23 08:00:00,121.7360457396449
2011-07-23 09:00:00,184.5214484194242
2011-07-23 10:00:00,249.5475539745531
2011-07-23 11:00:00,282.8735788256681
2011-07-23 12:00:00,315.22220092549463
2011-07-23 13:00:00,302.4820506329384
2011-07-23 14:00:00,315.11352544697723
2011-07-23 15:00:00,285.7506869910296
2011-07-23 16:00:00,305.5817976767456
2011-07-23 17:00:00,335.81228299108443
2011-07-23 18:00:00,348.2804189702151
2011-07-23 19:00:00,307.35553082420194
2011-07-23 20:00:00,272.4480930668611
2011-07-23 21:00:00,215.7613961013701
2011-07-23 22:00:00,184.4919905483515
2011-07-23 23:00:00,143.3165502874109
2011-07-24 00:00:00,124.6693807057868
2011-07-24 01:00:00,94.4430349648728
2011-07-24 02:00:00,66.21451187043304
2011-07-24 03:00:00,30.960561798810243
2011-07-24 04:00:00,10.302737731777391
2011-07-24 05:00:00,9.327231478152147
2011-07-24 06:00:00,16.14431616096767
2011-07-24 07:00:00,66.45469259858788
2011-07-24 08:00:00,100.33534644975053
2011-07-24 09:00:00,164.03064469158082
2011-07-24 10:00:00,253.20211515115426
2011-07-24 11:00:00,304.1565542514003
2011-07-24 12:00:00,319.185284241416
2011-07-24 13:00:00,321.5509886222641
2011-07-24 14:00:00,328.01121114514234
2011-07-24 15:00:00,324.1351057489135
2011-07-24 16:00:00,326.7927402874206
2011-07-24 17:00:00,357.53668956524353
2011-07-24 18:00:00,346.2260062311278
2011-07-24 19:00:00,292.2273183108632
2011-07-24 20:00:00,242.45692269764106
2011-07-24 21:00:00,188.9359674761486
2011-07-24 22:00:00,136.539881007308
2011-07-24 23:00:00,86.03965822018054
2011-07-25 00:00:00,38.56593099864648
2011-07-25 01:00:00,17.60279432807137
2011-07-25 02:00:00,9.756457061550885
2011-07-25 03:00:00,5.977228940710653
2011-07-25 04:00:00,6.010586471183291
2011-07-25 05:00:00,23.451509969372317
2011-07-25 06:00:00,107.18831375100208
2011-07-25 07:00:00,352.9593199015517
2011-07-25 08:00:00,423.92246661280586
2011-07-25 09:00:00,190.37342963235892
2011-07-25 10:00:00,112.75175277237864
2011-07-25 11:00:00,134.2654235256536
2011-07-25 12:00:00,160.50295216888327
2011-07-25 13:00:00,177.40805040773125
2011-07-25 14:00:00,152.4204803347564
2011-07-25 15:00:00,141.51659619463226
2011-07-25 16:00:00,204.96354505390804
2011-07-25 17:00:00,499.29932584918447
2011-07-25 18:00:00,496.941282690911
2011-07-25 19:00:00,371.2729559937103
2011-07-25 20:00:00,279.13915480241513
2011-07-25 21:00:00,194.4105222670749
2011-07-25 22:00:00,161.8593884435092
2011-07-25 23:00:00,86.8265362515607
2011-07-26 00:00:00,39.70283829084585
2011-07-26 01:00:00,17.218777069999582
2011-07-26 02:00:00,8.235541109508098
2011-07-26 03:00:00,6.048930479969863
2011-07-26 04:00:00,6.357577112259931
2011-07-26 05:00:00,24.78969465227185
2011-07-26 06:00:00,108.9245725229314
2011-07-26 07:00:00,290.12260077648415
2011-07-26 08:00:00,409.6496073553633
2011-07-26 09:00:00,227.2134837262114
2011-07-26 10:00:00,125.07446569152498
2011-07-26 11:00:00,146.45870280433905
2011-07-26 12:00:00,186.13817356863885
2011-07-26 13:00:00,182.22970756783317
2011-07-26 14:00:00,169.77110847443154
2011-07-26 15:00:00,168.24930035414843
2011-07-26 16:00:00,274.1788470188544
2011-07-26 17:00:00,517.2304730880032
2011-07-26 18:00:00,519.5050731145675
2011-07-26 19:00:00,379.6023765322699
2011-07-26 20:00:00,302.45718004801495
2011-07-26 21:00:00,236.55697866560655
2011-07-26 22:00:00,177.4230078149305
2011-07-26 23:00:00,94.76706547930216
2011-07-27 00:00:00,40.311128937716376
2011-07-27 01:00:00,16.025489798402234
2011-07-27 02:00:00,8.490312685875466
2011-07-27 03:00:00,6.510277779822751
2011-07-27 04:00:00,6.889883702670466
2011-07-27 05:00:00,27.085553839160823
2011-07-27 06:00:00,114.93904265279005
2011-07-27 07:00:00,285.604554625335
2011-07-27 08:00:00,409.37674754810195
2011-07-27 09:00:00,224.04406148344341
2011-07-27 10:00:00,129.34442059717873
2011-07-27 11:00:00,144.07986361074418
2011-07-27 12:00:00,183.23518948784698
2011-07-27 13:00:00,182.57311271490596
2011-07-27 14:00:00,171.22400458898426
2011-07-27 15:00:00,178.63322753669314
2011-07-27 16:00:00,293.83328941966863
2011-07-27 17:00:00,558.9004704046188
2011-07-27 18:00:00,542.1892981115581
2011-07-27 19:00:00,391.5705082223901
2011-07-27 20:00:00,309.8208288343418
2011-07-27 21:00:00,236.44963498240583
2011-07-27 22:00:00,175.73615705724026
2011-07-27 23:00:00,102.22954680767464
2011-07-28 00:00:00,49.63077078941749
2011-07-28 01:00:00,20.708473271138274
2011-07-28 02:00:00,11.621915025537565
2011-07-28 03:00:00,7.0758361810179355
2011-07-28 04:00:00,7.453143091093983
2011-07-28 05:00:00,26.792557426153824
2011-07-28 06:00:00,117.84763366328022
2011-07-28 07:00:00,293.61255786553147
2011-07-28 08:00:00,421.01198270373317
2011-07-28 09:00:00,221.25141185244297
2011-07-28 10:00:00,126.90855594049789
2011-07-28 11:00:00,134.07936380462314
2011-07-28 12:00:00,165.14526703027417
2011-07-28 13:00:00,157.15347570026515
2011-07-28 14:00:00,156.94731902470338
2011-07-28 15:00:00,154.37764144292703
2011-07-28 16:00:00,256.22707294472104
2011-07-28 17:00:00,531.0087237242545
2011-07-28 18:00:00,512.7461172106541
2011-07-28 19:00:00,384.16644459459343
2011-07-28 20:00:00,303.51648531039035
2011-07-28 21:00:00,236.92477226515697
2011-07-28 22:00:00,177.7699430172891
2011-07-28 23:00:00,114.68699366553648
2011-07-29 00:00:00,58.9841091724859
2011-07-29 01:00:00,27.56690129555995
2011-07-29 02:00:00,14.656394463670013
2011-07-29 03:00:00,7.347901834988519
2011-07-29 04:00:00,6.58742972978634
2011-07-29 05:00:00,23.54427065738869
2011-07-29 06:00:00,109.91553676008478
2011-07-29 07:00:00,345.1040736674163
2011-07-29 08:00:00,479.79377658525
2011-07-29 09:00:00,183.66405785605082
2011-07-29 10:00:00,129.6495285048224
2011-07-29 11:00:00,151.5452142634136
2011-07-29 12:00:00,173.95989668430153
2011-07-29 13:00:00,180.73501329413233
2011-07-29 14:00:00,169.64941764726194
2011-07-29 15:00:00,161.33209372204988
2011-07-29 16:00:00,249.4561348072517
2011-07-29 17:00:00,438.8131996389029
2011-07-29 18:00:00,453.9500694861855
2011-07-29 19:00:00,310.02014453666834
2011-07-29 20:00:00,240.93476243199433
2011-07-29 21:00:00,198.65981721413394
2011-07-29 22:00:00,169.1190317801291
2011-07-29 23:00:00,150.38419758917772
2011-07-30 00:00:00,112.27722990771463
2011-07-30 01:00:00,88.86528107583328
2011-07-30 02:00:00,59.65991710354819
2011-07-30 03:00:00,27.45613935731539
2011-07-30 04:00:00,10.706093790129232
2011-07-30 05:00:00,11.507432123042575
2011-07-30 06:00:00,23.99740315559212
2011-07-30 07:00:00,70.29402617084095
2011-07-30 08:00:00,139.42198489611903
2011-07-30 09:00:00,201.7623430251
2011-07-30 10:00:00,306.62823044115964
2011-07-30 11:00:00,356.75348116363045
2011-07-30 12:00:00,406.9214671733225
2011-07-30 13:00:00,376.4154669865715
2011-07-30 14:00:00,318.005890990143
2011-07-30 15:00:00,330.00991166285655
2011-07-30 16:00:00,343.3261660036208
2011-07-30 17:00:00,379.4863124387388
2011-07-30 18:00:00,365.6716119126429
2011-07-30 19:00:00,318.55074441352565
2011-07-30 20:00:00,277.0546238788215
2011-07-30 21:00:00,217.3237218263085
2011-07-30 22:00:00,185.24081209223527
2011-07-30 23:00:00,151.71661889712036
2011-07-31 00:00:00,124.42896265334804
2011-07-31 01:00:00,98.93510864382925
2011-07-31 02:00:00,69.38954261565944
2011-07-31 03:00:00,34.74003122876399
2011-07-31 04:00:00,11.196953081881897
2011-07-31 05:00:00,10.69252692793015
2011-07-31 06:00:00,16.364136039114694
2011-07-31 07:00:00,69.5379163164809
2011-07-31 08:00:00,105.00465012247751
2011-07-31 09:00:00,171.95380877897557
2011-07-31 10:00:00,300.1199737266693
2011-07-31 11:00:00,338.77516425093194
2011-07-31 12:00:00,375.27987208169503
2011-07-31 13:00:00,394.4411781566353
2011-07-31 14:00:00,388.5682593979749
2011-07-31 15:00:00,409.8835916790344
2011-07-31 16:00:00,408.4291004421101
2011-07-31 17:00:00,396.05100991435927
2011-07-31 18:00:00,360.5120627249943
2011-07-31 19:00:00,301.3983691008631
2011-07-31 20:00:00,258.1904827521347
2011-07-31 21:00:00,193.75109909295344
2011-07-31 22:00:00,137.59723265243085
2011-07-31 23:00:00,85.17820199267082
2011-08-20 00:00:00,102.64382751811856
2011-08-20 01:00:00,72.0823844980447
2011-08-20 02:00:00,55.233032802917286
2011-08-20 03:00:00,24.02382455778945
2011-08-20 04:00:00,9.51907420411679
2011-08-20 05:00:00,10.451008443468544
2011-08-20 06:00:00,21.305622089482554
2011-08-20 07:00:00,45.01747878460976
2011-08-20 08:00:00,137.010190126374
2011-08-20 09:00:00,197.59660852463242
2011-08-20 10:00:00,302.1980102124082
2011-08-20 11:00:00,369.7324085844319
2011-08-20 12:00:00,405.3672258552059
2011-08-20 13:00:00,397.57478722965544
2011-08-20 14:00:00,389.59527334840845
2011-08-20 15:00:00,382.2543143054178
2011-08-20 16:00:00,404.27272307572105
2011-08-20 17:00:00,396.2885641573908
2011-08-20 18:00:00,363.15767478068864
2011-08-20 19:00:00,313.30339893060955
2011-08-20 20:00:00,279.374624444544
2011-08-20 21:00:00,211.28262911368796
2011-08-20 22:00:00,164.15021398108718
2011-08-20 23:00:00,141.9712405299731
2011-08-21 00:00:00,124.85176608225873
2011-08-21 01:00:00,91.36270541779834
2011-08-21 02:00:00,65.74984969385768
2011-08-21 03:00:00,31.541829276947215
2011-08-21 04:00:00,9.047629670302085
2011-08-21 05:00:00,10.078962917997993
2011-08-21 06:00:00,13.103993507107363
2011-08-21 07:00:00,36.3868173899316
2011-08-21 08:00:00,80.51068139065463
2011-08-21 09:00:00,166.7819041589367
2011-08-21 10:00:00,259.7965082216363
2011-08-21 11:00:00,323.39404967740734
2011-08-21 12:00:00,343.7493738911867
2011-08-21 13:00:00,381.2718142543388
2011-08-21 14:00:00,218.50683594556727
2011-08-21 15:00:00,243.59950017346554
2011-08-21 16:00:00,288.51351010071824
2011-08-21 17:00:00,255.44676504217966
2011-08-21 18:00:00,241.2290052588798
2011-08-21 19:00:00,274.07049996714886
2011-08-21 20:00:00,185.24642119787308
2011-08-21 21:00:00,161.62462619498342
2011-08-21 22:00:00,128.1072309055394
2011-08-21 23:00:00,77.69714768993329
2011-08-22 00:00:00,36.55956301113786
2011-08-22 01:00:00,16.383732679962208
2011-08-22 02:00:00,9.791838853534873
2011-08-22 03:00:00,7.034514369469416
2011-08-22 04:00:00,6.772678871624382
2011-08-22 05:00:00,26.5115928355528
2011-08-22 06:00:00,114.32785643372685
2011-08-22 07:00:00,277.4208639884733
2011-08-22 08:00:00,398.8846790863234
2011-08-22 09:00:00,219.26173887477648
2011-08-22 10:00:00,130.5516045123361
2011-08-22 11:00:00,147.7675028895324
2011-08-22 12:00:00,185.35118605315583
2011-08-22 13:00:00,185.34688863251125
2011-08-22 14:00:00,178.56458060697125
2011-08-22 15:00:00,180.88348270724558
2011-08-22 16:00:00,299.21931772004723
2011-08-22 17:00:00,521.2530811853301
2011-08-22 18:00:00,518.9333410272006
2011-08-22 19:00:00,374.0640908890256
2011-08-22 20:00:00,293.56151959914166
2011-08-22 21:00:00,225.3385402333497
2011-08-22 22:00:00,151.4007220828493
2011-08-22 23:00:00,80.14805121779125
2011-08-23 00:00:00,37.64813854838236
2011-08-23 01:00:00,15.32458930283271
2011-08-23 02:00:00,8.388369142075263
2011-08-23 03:00:00,5.851772315635284
2011-08-23 04:00:00,6.818700273653019
2011-08-23 05:00:00,23.915081544411688
2011-08-23 06:00:00,103.79886212240356
2011-08-23 07:00:00,280.4639006125233
2011-08-23 08:00:00,423.46393895859177
2011-08-23 09:00:00,211.97251665024297
2011-08-23 10:00:00,129.42292822775948
2011-08-23 11:00:00,144.54389368424714
2011-08-23 12:00:00,185.38490407566616
2011-08-23 13:00:00,183.53513925972166
2011-08-23 14:00:00,171.81736257872666
2011-08-23 15:00:00,183.8928634863876
2011-08-23 16:00:00,300.9955473484846
2011-08-23 17:00:00,547.5967726345364
2011-08-23 18:00:00,545.9744761363038
2011-08-23 19:00:00,386.9291802173839
2011-08-23 20:00:00,301.8970557508215
2011-08-23 21:00:00,233.97316702823724
2011-08-23 22:00:00,171.58715601483502
2011-08-23 23:00:00,88.3923221819062
2011-08-24 00:00:00,38.06040579965425
2011-08-24 01:00:00,15.865620817801581
2011-08-24 02:00:00,8.433641425323666
2011-08-24 03:00:00,6.003276705641294
2011-08-24 04:00:00,6.464547075189393
2011-08-24 05:00:00,23.960059521568063
2011-08-24 06:00:00,105.56995163600297
2011-08-24 07:00:00,266.0062910287157
2011-08-24 08:00:00,383.7951614103295
2011-08-24 09:00:00,214.32455201277685
2011-08-24 10:00:00,132.2523525185464
2011-08-24 11:00:00,148.92858564645013
2011-08-24 12:00:00,183.68102455725946
2011-08-24 13:00:00,182.71766103096886
2011-08-24 14:00:00,176.95557181986197
2011-08-24 15:00:00,180.53407012852804
2011-08-24 16:00:00,287.828508358952
2011-08-24 17:00:00,510.5330476202139
2011-08-24 18:00:00,516.589231857078
2011-08-24 19:00:00,384.83096737359034
2011-08-24 20:00:00,301.4174541114479
2011-08-24 21:00:00,229.48919043172089
2011-08-24 22:00:00,167.57905857358818
2011-08-24 23:00:00,98.64880859077394
2011-08-25 00:00:00,42.2603423903964
2011-08-25 01:00:00,19.024327630259855
2011-08-25 02:00:00,10.861061875009744
2011-08-25 03:00:00,6.447422049653123
2011-08-25 04:00:00,6.97816654808711
2011-08-25 05:00:00,25.921928655218608
2011-08-25 06:00:00,111.10777011157467
2011-08-25 07:00:00,289.1930176116244
2011-08-25 08:00:00,372.24121813887484
2011-08-25 09:00:00,193.72133047531526
2011-08-25 10:00:00,121.88612733587911
2011-08-25 11:00:00,115.63925024263428
2011-08-25 12:00:00,130.99466704401354
2011-08-25 13:00:00,155.7888821975829
2011-08-25 14:00:00,168.11438749454965
2011-08-25 15:00:00,172.16084460379352
2011-08-25 16:00:00,200.09545282921172
2011-08-25 17:00:00,355.81811436757545
2011-08-25 18:00:00,342.3411421543669
2011-08-25 19:00:00,243.59729193268979
2011-08-25 20:00:00,211.8486953936692
2011-08-25 21:00:00,189.02462143884196
2011-08-25 22:00:00,152.01699522976452
2011-08-25 23:00:00,81.96586616590112
2011-08-26 00:00:00,48.18551585927688
2011-08-26 01:00:00,21.604089296991713
2011-08-26 02:00:00,11.893730311416904
2011-08-26 03:00:00,6.767504995978681
2011-08-26 04:00:00,6.468456202651414
2011-08-26 05:00:00,20.474350558781868
2011-08-26 06:00:00,99.26779027131147
2011-08-26 07:00:00,312.14128808871425
2011-08-26 08:00:00,395.32019428435115
2011-08-26 09:00:00,230.76661293804844
2011-08-26 10:00:00,143.10922741125833
2011-08-26 11:00:00,178.46448298531863
2011-08-26 12:00:00,213.177345949472
2011-08-26 13:00:00,217.52862190119689
2011-08-26 14:00:00,206.4317481655345
2011-08-26 15:00:00,217.17322673003198
2011-08-26 16:00:00,328.0206002436683
2011-08-26 17:00:00,482.93443245041476
2011-08-26 18:00:00,446.58307642743387
2011-08-26 19:00:00,252.52985059625254
2011-08-26 20:00:00,201.91026723640508
2011-08-26 21:00:00,186.6147076269843
2011-08-26 22:00:00,158.28435384529092
2011-08-26 23:00:00,127.11186957143372
2011-08-27 00:00:00,98.20652444566477
2011-08-27 01:00:00,77.98554962634303
2011-08-27 02:00:00,54.459407842529444
2011-08-27 03:00:00,25.375253920604155
2011-08-27 04:00:00,9.659010852281169
2011-08-27 05:00:00,9.483013389313655
2011-08-27 06:00:00,20.24069310095301
2011-08-27 07:00:00,36.70076329409074
2011-08-27 08:00:00,108.07943066779634
2011-08-27 09:00:00,143.30394756243865
2011-08-27 10:00:00,215.39764341473474
2011-08-27 11:00:00,145.5007904907337
2011-08-27 12:00:00,208.0963866234083
2011-08-27 13:00:00,199.58487489548986
2011-08-27 14:00:00,129.89723752967524
2011-08-27 15:00:00,132.30465063434457
2011-08-27 16:00:00,146.3313410661026
2011-08-27 17:00:00,98.75618355998067
2011-08-28 07:00:00,39.65890110793392
2011-08-28 08:00:00,69.07366931190401
2011-08-28 09:00:00,181.83226353443243
2011-08-28 10:00:00,300.1689564781303
2011-08-28 11:00:00,367.1894235429236
2011-08-28 12:00:00,394.16067862218017
2011-08-28 13:00:00,394.62112476458566
2011-08-28 14:00:00,385.7740078145024
2011-08-28 15:00:00,386.095065624135
2011-08-28 16:00:00,386.7181546580308
2011-08-28 17:00:00,384.59567963723663
2011-08-28 18:00:00,352.69330432545325
2011-08-28 19:00:00,286.3796995968214
2011-08-28 20:00:00,244.27757864261758
2011-08-28 21:00:00,185.4642015181636
2011-08-28 22:00:00,121.48274187538492
2011-08-28 23:00:00,68.05032939053888
2011-08-29 00:00:00,37.50920069870774
2011-08-29 01:00:00,15.811558556659973
2011-08-29 02:00:00,8.786524609654201
2011-08-29 03:00:00,6.160792757370953
2011-08-29 04:00:00,6.661354292539769
2011-08-29 05:00:00,24.41060456154157
2011-08-29 06:00:00,105.86781512331314
2011-08-29 07:00:00,259.541315377109
2011-08-29 08:00:00,414.23034418619903
2011-08-29 09:00:00,220.56470933025
2011-08-29 10:00:00,126.79153443683565
2011-08-29 11:00:00,145.27506225576576
2011-08-29 12:00:00,187.01326930632544
2011-08-29 13:00:00,184.6295772691768
2011-08-29 14:00:00,170.3035154880359
2011-08-29 15:00:00,183.29747029017983
2011-08-29 16:00:00,302.9368860057418
2011-08-29 17:00:00,521.7061921305552
2011-08-29 18:00:00,533.6645308806003
2011-08-29 19:00:00,380.3121698116501
2011-08-29 20:00:00,294.42822969320514
2011-08-29 21:00:00,227.6057420232836
2011-08-29 22:00:00,156.9366975761579
2011-08-29 23:00:00,79.67547672983102
2011-08-30 00:00:00,37.49918518078351
2011-08-30 01:00:00,15.360895139195105
2011-08-30 02:00:00,8.625642372767372
2011-08-30 03:00:00,5.695365695094658
2011-08-30 04:00:00,6.671847840105041
2011-08-30 05:00:00,23.526923906749875
2011-08-30 06:00:00,103.3864045463433
2011-08-30 07:00:00,267.0985084409381
2011-08-30 08:00:00,423.2186329291082
2011-08-30 09:00:00,225.68038392677735
2011-08-30 10:00:00,128.89645449096105
2011-08-30 11:00:00,146.8678913127506
2011-08-30 12:00:00,180.24691369507056
2011-08-30 13:00:00,183.53513925972166
2011-08-30 14:00:00,174.03279938132638
2011-08-30 15:00:00,183.8928634863876
2011-08-30 16:00:00,304.0379692069315
2011-08-30 17:00:00,547.5967726345364
2011-08-30 18:00:00,543.1588516592388
2011-08-30 19:00:00,380.18351661465726
2011-08-30 20:00:00,301.4422787844054
2011-08-30 21:00:00,218.8856863153985
2011-08-30 22:00:00,165.98497655054862
2011-08-30 23:00:00,87.82441176350758
2011-08-31 00:00:00,38.04239452179169
2011-08-31 01:00:00,15.407296577135098
2011-08-31 02:00:00,8.674444341356688
2011-08-31 03:00:00,5.894953949023888
2011-08-31 04:00:00,6.72475787036171
2011-08-31 05:00:00,22.97109195447005
2011-08-31 06:00:00,102.09181017231454
2011-08-31 07:00:00,324.0810830081333
2011-08-31 08:00:00,387.67451045229075
2011-08-31 09:00:00,213.82341613608924
2011-08-31 10:00:00,126.97752594379912
2011-08-31 11:00:00,145.61698768598924
2011-08-31 12:00:00,186.10427338648546
2011-08-31 13:00:00,183.06356299473532
2011-08-31 14:00:00,172.48408427497975
2011-08-31 15:00:00,182.32661066002402
2011-08-31 16:00:00,300.2221676209369
2011-08-31 17:00:00,537.2974109031258
2011-08-31 18:00:00,543.3471070942015
2011-08-31 19:00:00,381.21536348094145
2011-08-31 20:00:00,301.356283711458
2011-08-31 21:00:00,230.74238439498987
2011-08-31 22:00:00,162.9160945860358
2011-08-31 23:00:00,78.00082906481502
2011-09-20 00:00:00,33.69630685287299
2011-09-20 01:00:00,12.73080579705957
2011-09-20 02:00:00,6.847075397809125
2011-09-20 03:00:00,5.2034382159186015
2011-09-20 04:00:00,6.030488968994912
2011-09-20 05:00:00,21.73867534845294
2011-09-20 06:00:00,94.4153221051662
2011-09-20 07:00:00,267.4402932816161
2011-09-20 08:00:00,189.4578477368163
2011-09-20 09:00:00,98.03229153567659
2011-09-20 10:00:00,72.33427777568191
2011-09-20 11:00:00,83.87484678844308
2011-09-20 12:00:00,89.01188341963127
2011-09-20 13:00:00,97.37453076865336
2011-09-20 14:00:00,115.06835575176206
2011-09-20 15:00:00,164.52272986802257
2011-09-20 16:00:00,200.18544249119026
2011-09-20 17:00:00,355.46990313368576
2011-09-20 18:00:00,344.49026685784065
2011-09-20 19:00:00,201.22111924074215
2011-09-20 20:00:00,131.448305183431
2011-09-20 21:00:00,118.93843440969685
2011-09-20 22:00:00,107.13752918286445
2011-09-20 23:00:00,65.45753613263592
2011-09-21 00:00:00,23.0429046023511
2011-09-21 01:00:00,11.833799402463264
2011-09-21 02:00:00,7.0028251831527095
2011-09-21 03:00:00,4.9518342177284485
2011-09-21 04:00:00,5.781504922952735
2011-09-21 05:00:00,17.277903649738008
2011-09-21 06:00:00,72.30566453005007
2011-09-21 07:00:00,203.1554305680168
2011-09-21 08:00:00,323.4513721525628
2011-09-21 09:00:00,158.1583822143792
2011-09-21 10:00:00,94.11803442287413
2011-09-21 11:00:00,140.24697624782144
2011-09-21 12:00:00,159.230586599279
2011-09-21 13:00:00,174.03438675464542
2011-09-21 14:00:00,165.23864826313988
2011-09-21 15:00:00,174.32444471407956
2011-09-21 16:00:00,272.2748371126385
2011-09-21 17:00:00,465.4942234249206
2011-09-21 18:00:00,282.9173999612253
2011-09-21 19:00:00,122.04041685068752
2011-09-21 20:00:00,106.62817791790455
2011-09-21 21:00:00,118.0227172190465
2011-09-21 22:00:00,92.8212549429221
2011-09-21 23:00:00,65.54442971484704
2011-09-22 00:00:00,23.33433129154469
2011-09-22 01:00:00,12.251232941796347
2011-09-22 02:00:00,7.526108098340257
2011-09-22 03:00:00,5.312233637901913
2011-09-22 04:00:00,5.81804650745804
2011-09-22 05:00:00,20.942554268776163
2011-09-22 06:00:00,78.11813399289657
2011-09-22 07:00:00,204.56929962540585
2011-09-22 08:00:00,360.40140991977114
2011-09-22 09:00:00,143.09113144825193
2011-09-22 10:00:00,99.87525150686608
2011-09-22 11:00:00,120.29622235439888
2011-09-22 12:00:00,153.1057449522015
2011-09-22 13:00:00,155.76216520465024
2011-09-22 14:00:00,150.50406593724796
2011-09-22 15:00:00,168.33707799142618
2011-09-22 16:00:00,272.2156211080973
2011-09-22 17:00:00,364.0355336092466
2011-09-22 18:00:00,325.87176306876216
2011-09-22 19:00:00,184.08879352790737
2011-09-22 20:00:00,131.3105780855785
2011-09-22 21:00:00,134.89324437625
2011-09-22 22:00:00,112.66586198237643
2011-09-22 23:00:00,67.7701015208213
2011-09-23 00:00:00,25.967547596448554
2011-09-23 01:00:00,14.774453775617847
2011-09-23 02:00:00,8.867746554172427
2011-09-23 03:00:00,5.9032536905395645
2011-09-23 04:00:00,4.386803035521347
2011-09-23 05:00:00,20.154292602446414
2011-09-23 06:00:00,77.40144228271348
2011-09-23 07:00:00,113.16541351642572
2011-09-23 08:00:00,203.09335584536467
2011-09-23 09:00:00,106.59452112637773
2011-09-23 10:00:00,53.200106856738614
2011-09-23 11:00:00,80.05288110451075
2011-09-23 12:00:00,82.57869203860454
2011-09-23 13:00:00,88.64289663225027
2011-09-23 14:00:00,87.07668942327263
2011-09-23 15:00:00,93.80178652520672
2011-09-23 16:00:00,132.44271368605305
2011-09-23 17:00:00,228.5023654778927
2011-09-23 18:00:00,192.24551112640486
2011-09-23 19:00:00,138.47436227788177
2011-09-23 20:00:00,107.17159562676015
2011-09-23 21:00:00,98.83780648512305
2011-09-23 22:00:00,101.647930946051
2011-09-23 23:00:00,70.94150570125603
2011-09-24 00:00:00,73.62217739269971
2011-09-24 01:00:00,65.60968355768894
2011-09-24 02:00:00,46.61768448245264
2011-09-24 03:00:00,21.15875508486506
2011-09-24 04:00:00,8.289399137234874
2011-09-24 05:00:00,8.964016867804922
2011-09-24 06:00:00,17.602177364509743
2011-09-24 07:00:00,38.45203759139737
2011-09-24 08:00:00,113.11580939294383
2011-09-24 09:00:00,139.9632042596028
2011-09-24 10:00:00,183.78011181109517
2011-09-24 11:00:00,248.04421890011776
2011-09-24 12:00:00,262.87868281998556
2011-09-24 13:00:00,284.5583256403955
2011-09-24 14:00:00,347.17505995125947
2011-09-24 15:00:00,350.3841337254341
2011-09-24 16:00:00,284.19240818000355
2011-09-24 17:00:00,334.11449269328773
2011-09-24 18:00:00,243.75231500336614
2011-09-24 19:00:00,161.54549585574455
2011-09-24 20:00:00,178.06712158538866
2011-09-24 21:00:00,157.4139186224008
2011-09-24 22:00:00,120.17470939875042
2011-09-24 23:00:00,105.23436635954366
2011-09-25 00:00:00,87.55196560650957
2011-09-25 01:00:00,72.18290352741863
2011-09-25 02:00:00,31.17630232872282
2011-09-25 03:00:00,18.74055802891488
2011-09-25 04:00:00,5.804000110701885
2011-09-25 05:00:00,10.700961895264799
2011-09-25 06:00:00,12.30851026033762
2011-09-25 07:00:00,28.500994603433828
2011-09-25 08:00:00,77.97211153456941
2011-09-25 09:00:00,152.37332792493257
2011-09-25 10:00:00,201.53985012899844
2011-09-25 11:00:00,260.79052605583894
2011-09-25 12:00:00,281.881974465596
2011-09-25 13:00:00,329.96552331953495
2011-09-25 14:00:00,280.0641975492929
2011-09-25 15:00:00,274.3191297770226
2011-09-25 16:00:00,376.0615648679934
2011-09-25 17:00:00,307.6191773608577
2011-09-25 18:00:00,289.00965140188845
2011-09-25 19:00:00,190.4403216637337
2011-09-25 20:00:00,155.36580062359556
2011-09-25 21:00:00,82.3621607377467
2011-09-25 22:00:00,100.78802370317526
2011-09-25 23:00:00,50.33556025290194
2011-09-26 00:00:00,22.812513332669965
2011-09-26 01:00:00,12.921405331881788
2011-09-26 02:00:00,7.079048440833382
2011-09-26 03:00:00,5.143389723689913
2011-09-26 04:00:00,5.721130730545704
2011-09-26 05:00:00,21.887204967479015
2011-09-26 06:00:00,80.35759194531711
2011-09-26 07:00:00,202.10568539456003
2011-09-26 08:00:00,315.8895744320083
2011-09-26 09:00:00,174.85183372107545
2011-09-26 10:00:00,97.16804558196877
2011-09-26 11:00:00,126.93515146530052
2011-09-26 12:00:00,154.85703889675386
2011-09-26 13:00:00,172.7384349032506
2011-09-26 14:00:00,166.0342391061156
2011-09-26 15:00:00,182.8702166885953
2011-09-26 16:00:00,293.9073643306043
2011-09-26 17:00:00,501.49172464924635
2011-09-26 18:00:00,344.10789762407904
2011-09-26 19:00:00,261.6011255102319
2011-09-26 20:00:00,153.28972362205835
2011-09-26 21:00:00,138.70121576128838
2011-09-26 22:00:00,106.11497774263036
2011-09-26 23:00:00,64.78434471178093
2011-09-27 00:00:00,26.064381677751907
2011-09-27 01:00:00,11.769310131029645
2011-09-27 02:00:00,6.656604490597191
2011-09-27 03:00:00,5.072798043628652
2011-09-27 04:00:00,4.129250638400183
2011-09-27 05:00:00,14.27990473403365
2011-09-27 06:00:00,80.09205732883625
2011-09-27 07:00:00,203.98307768236316
2011-09-27 08:00:00,365.3105126302819
2011-09-27 09:00:00,125.52621769329704
2011-09-27 10:00:00,50.79659214204802
2011-09-27 11:00:00,115.06644279097428
2011-09-27 12:00:00,111.31741369157581
2011-09-27 13:00:00,171.12699281465956
2011-09-27 14:00:00,150.0761718525373
2011-09-27 15:00:00,149.22146913434898
2011-09-27 16:00:00,198.15799358517302
2011-09-27 17:00:00,256.5145774171483
2011-09-27 18:00:00,251.1123594621115
2011-09-27 19:00:00,198.6478660742041
2011-09-27 20:00:00,218.88251148583504
2011-09-27 21:00:00,177.8408724406446
2011-09-27 22:00:00,122.64591340174836
2011-09-27 23:00:00,68.27164649552711
2011-09-28 00:00:00,31.722489985342396
2011-09-28 01:00:00,13.589241198801584
2011-09-28 02:00:00,7.377247167665729
2011-09-28 03:00:00,5.060874220970126
2011-09-28 04:00:00,5.975287141035131
2011-09-28 05:00:00,20.73276141341503
2011-09-28 06:00:00,58.89685956370619
2011-09-28 07:00:00,108.18844242579311
2011-09-28 08:00:00,166.05875114986048
2011-09-28 09:00:00,94.91801422026703
2011-09-28 10:00:00,67.84732787046987
2011-09-28 11:00:00,137.87288530274506
2011-09-28 12:00:00,157.2056886097681
2011-09-28 13:00:00,173.79596911227114
2011-09-28 14:00:00,172.46562331892727
2011-09-28 15:00:00,177.98228763240363
2011-09-28 16:00:00,289.27540158572504
2011-09-28 17:00:00,511.35987837211235
2011-09-28 18:00:00,297.5739012887652
2011-09-28 19:00:00,227.85100149205772
2011-09-28 20:00:00,157.64138385955238
2011-09-28 21:00:00,98.47903117894855
2011-09-28 22:00:00,122.17233118257133
2011-09-28 23:00:00,68.42414490477661
2011-09-29 00:00:00,23.650167035631622
2011-09-29 01:00:00,11.401508117776467
2011-09-29 02:00:00,7.13262800101312
2011-09-29 03:00:00,4.853618582375448
2011-09-29 04:00:00,5.805134496121205
2011-09-29 05:00:00,21.708273375339218
2011-09-29 06:00:00,97.56613161643064
2011-09-29 07:00:00,286.141156194292
2011-09-29 08:00:00,413.3960176426254
2011-09-29 09:00:00,210.163721268304
2011-09-29 10:00:00,130.7808578485333
2011-09-29 11:00:00,156.68240797578937
2011-09-29 12:00:00,194.66529772393267
2011-09-29 13:00:00,192.27257107976115
2011-09-29 14:00:00,185.57965314997654
2011-09-29 15:00:00,189.09666937868818
2011-09-29 16:00:00,303.42384808937953
2011-09-29 17:00:00,527.586126766652
2011-09-29 18:00:00,540.3044838191512
2011-09-29 19:00:00,383.70775541724527
2011-09-29 20:00:00,300.4549497767848
2011-09-29 21:00:00,207.52609699917863
2011-09-29 22:00:00,149.35936049415275
2011-09-29 23:00:00,84.59679972623822
2011-09-30 00:00:00,46.00526311522869
2011-09-30 01:00:00,27.026834615153394
2011-09-30 02:00:00,12.081444031183432
2011-09-30 03:00:00,6.834468974683836
2011-09-30 04:00:00,6.542144213047713
2011-09-30 05:00:00,23.024405014309515
2011-09-30 06:00:00,99.27358590902406
2011-09-30 07:00:00,307.1686073873275
2011-09-30 08:00:00,431.0863827864371
2011-09-30 09:00:00,226.75994504964703
2011-09-30 10:00:00,149.73677327389584
2011-09-30 11:00:00,178.33010131345432
2011-09-30 12:00:00,228.82358325195003
2011-09-30 13:00:00,211.28012512343975
2011-09-30 14:00:00,209.52333642498556
2011-09-30 15:00:00,227.55347959906916
2011-09-30 16:00:00,342.7448477324983
2011-09-30 17:00:00,550.3853222715281
2011-09-30 18:00:00,442.0817822810363
2011-09-30 19:00:00,286.80048089755974
2011-09-30 20:00:00,225.03326017433002
2011-09-30 21:00:00,166.32494501328443
2011-09-30 22:00:00,137.52582870200686
2011-09-30 23:00:00,121.9880403516256
2011-10-20 00:00:00,24.67051566814309
2011-10-20 01:00:00,16.681190547761783
2011-10-20 02:00:00,9.188251723287555
2011-10-20 03:00:00,5.686093058217304
2011-10-20 04:00:00,6.566588795024819
2011-10-20 05:00:00,24.224729677134835
2011-10-20 06:00:00,92.9050331619283
2011-10-20 07:00:00,283.3649018817013
2011-10-20 08:00:00,407.3323637142119
2011-10-20 09:00:00,222.1021845820722
2011-10-20 10:00:00,137.39571435320948
2011-10-20 11:00:00,155.91481939773703
2011-10-20 12:00:00,185.74101012213936
2011-10-20 13:00:00,184.38579411458406
2011-10-20 14:00:00,144.65814310736158
2011-10-20 15:00:00,161.2959067645115
2011-10-20 16:00:00,249.99296471114314
2011-10-20 17:00:00,451.5236462886729
2011-10-20 18:00:00,399.7869534788205
2011-10-20 19:00:00,292.81937583254944
2011-10-20 20:00:00,228.77004532765915
2011-10-20 21:00:00,155.20673011503897
2011-10-20 22:00:00,118.17880247863062
2011-10-20 23:00:00,89.31515139465047
2011-10-21 00:00:00,43.36041548859487
2011-10-21 01:00:00,22.601349421067447
2011-10-21 02:00:00,12.594265065783388
2011-10-21 03:00:00,6.478771856888025
2011-10-21 04:00:00,6.226856973066973
2011-10-21 05:00:00,20.863316009251438
2011-10-21 06:00:00,97.65288809850621
2011-10-21 07:00:00,231.75459858129076
2011-10-21 08:00:00,390.08556227934025
2011-10-21 09:00:00,228.79106836390343
2011-10-21 10:00:00,152.1169548003854
2011-10-21 11:00:00,180.845842674809
2011-10-21 12:00:00,227.38756878734867
2011-10-21 13:00:00,216.41679457007191
2011-10-21 14:00:00,226.27158288171063
2011-10-21 15:00:00,226.5682829248382
2011-10-21 16:00:00,312.8241054489045
2011-10-21 17:00:00,430.900645661247
2011-10-21 18:00:00,368.54292801005346
2011-10-21 19:00:00,226.2446061453769
2011-10-21 20:00:00,187.87326568383133
2011-10-21 21:00:00,135.11800858993442
2011-10-21 22:00:00,117.06070260654622
2011-10-21 23:00:00,102.21187745885246
2011-10-22 00:00:00,87.2598816490201
2011-10-22 01:00:00,65.65469025187225
2011-10-22 02:00:00,47.32637435500587
2011-10-22 03:00:00,21.352869724537527
2011-10-22 04:00:00,8.828506678752944
2011-10-22 05:00:00,8.760482005423928
2011-10-22 06:00:00,20.91533978441896
2011-10-22 07:00:00,53.51527859964805
2011-10-22 08:00:00,126.18765827870136
2011-10-22 09:00:00,186.1700048891509
2011-10-22 10:00:00,250.44459101131707
2011-10-22 11:00:00,292.92392343294887
2011-10-22 12:00:00,373.91933199240935
2011-10-22 13:00:00,380.76086278919604
2011-10-22 14:00:00,357.5957775977888
2011-10-22 15:00:00,368.11073351092244
2011-10-22 16:00:00,394.16553236015073
2011-10-22 17:00:00,331.97599658566503
2011-10-22 18:00:00,276.76960398845597
2011-10-22 19:00:00,218.14560518874146
2011-10-22 20:00:00,193.47328782564858
2011-10-22 21:00:00,126.68331908240476
2011-10-22 22:00:00,111.61224569034275
2011-10-22 23:00:00,93.0119923717047
2011-10-23 00:00:00,76.2647831283491
2011-10-23 01:00:00,67.46057810411331
2011-10-23 02:00:00,53.08595600344172
2011-10-23 03:00:00,26.144583855253774
2011-10-23 04:00:00,7.91246799835056
2011-10-23 05:00:00,7.4767135460075895
2011-10-23 06:00:00,11.810199141103398
2011-10-23 07:00:00,44.409054842226546
2011-10-23 08:00:00,83.51507994057211
2011-10-23 09:00:00,151.63004219812782
2011-10-23 10:00:00,239.4167040753141
2011-10-23 11:00:00,277.0620534997239
2011-10-23 12:00:00,353.25366846627327
2011-10-23 13:00:00,352.0266429873282
2011-10-23 14:00:00,342.0058143417756
2011-10-23 15:00:00,336.5340621040907
2011-10-23 16:00:00,358.3447654706641
2011-10-23 17:00:00,340.7316374519074
2011-10-23 18:00:00,312.68266209588745
2011-10-23 19:00:00,179.1654324967367
2011-10-23 20:00:00,163.5073146298784
2011-10-23 21:00:00,111.11483537193753
2011-10-23 22:00:00,83.15248882250046
2011-10-23 23:00:00,55.55320309262797
2011-10-24 00:00:00,30.82474194886344
2011-10-24 01:00:00,12.465838440206928
2011-10-24 02:00:00,6.792608699966948
2011-10-24 03:00:00,5.399204940013443
2011-10-24 04:00:00,5.769232422420799
2011-10-24 05:00:00,21.838221118852246
2011-10-24 06:00:00,94.49658306369066
2011-10-24 07:00:00,188.4186055304806
2011-10-24 08:00:00,371.47644370732434
2011-10-24 09:00:00,210.48350974496807
2011-10-24 10:00:00,116.4569175101411
2011-10-24 11:00:00,140.06865711089165
2011-10-24 12:00:00,170.66608540525712
2011-10-24 13:00:00,170.74869171695562
2011-10-24 14:00:00,162.81668446407676
2011-10-24 15:00:00,180.62305338623193
2011-10-24 16:00:00,276.5591533686409
2011-10-24 17:00:00,487.510597591988
2011-10-24 18:00:00,490.1026226923839
2011-10-24 19:00:00,166.0720560915544
2011-10-24 20:00:00,200.14000055239313
2011-10-24 21:00:00,143.5130347307723
2011-10-24 22:00:00,130.20806304412042
2011-10-24 23:00:00,66.74742533941566
2011-10-25 00:00:00,37.531055000195614
2011-10-25 01:00:00,15.721565406232175
2011-10-25 02:00:00,7.194279011660826
2011-10-25 03:00:00,5.135853849246754
2011-10-25 04:00:00,5.677520388613678
2011-10-25 05:00:00,22.319763865679718
2011-10-25 06:00:00,97.33814835546588
2011-10-25 07:00:00,235.60611899098978
2011-10-25 08:00:00,383.41737096309515
2011-10-25 09:00:00,224.23112996773946
2011-10-25 10:00:00,131.3673064663232
2011-10-25 11:00:00,151.0182621903354
2011-10-25 12:00:00,186.7074552014775
2011-10-25 13:00:00,186.24430779542428
2011-10-25 14:00:00,170.39168194640615
2011-10-25 15:00:00,180.5792562447094
2011-10-25 16:00:00,288.13316158569825
2011-10-25 17:00:00,513.0405419379886
2011-10-25 18:00:00,488.68150660636076
2011-10-25 19:00:00,337.2805854400949
2011-10-25 20:00:00,246.13702352401577
2011-10-25 21:00:00,153.5922144186665
2011-10-25 22:00:00,123.4334310126836
2011-10-25 23:00:00,67.4710105138734
2011-10-26 00:00:00,38.437986633252514
2011-10-26 01:00:00,14.99013347706463
2011-10-26 02:00:00,8.274482401258
2011-10-26 03:00:00,5.745321431389831
2011-10-26 04:00:00,5.063574658828315
2011-10-26 05:00:00,21.135161400924545
2011-10-26 06:00:00,95.35390847415125
2011-10-26 07:00:00,251.1165704647033
2011-10-26 08:00:00,391.7672112901466
2011-10-26 09:00:00,223.93606586408845
2011-10-26 10:00:00,127.66592458749278
2011-10-26 11:00:00,150.42169725426388
2011-10-26 12:00:00,155.030158293192
2011-10-26 13:00:00,149.3977016027473
2011-10-26 14:00:00,149.11189382854468
2011-10-26 15:00:00,159.01860902567142
2011-10-26 16:00:00,221.8312551798824
2011-10-26 17:00:00,391.93244543145994
2011-10-26 18:00:00,381.0136994988031
2011-10-26 19:00:00,260.9311158474358
2011-10-26 20:00:00,162.31386711388234
2011-10-26 21:00:00,177.66479427390422
2011-10-26 22:00:00,117.97851613706513
2011-10-26 23:00:00,69.48484142595046
2011-10-27 00:00:00,23.374623974954314
2011-10-27 01:00:00,13.565793643849062
2011-10-27 02:00:00,5.864325954150243
2011-10-27 03:00:00,3.379737942997064
2011-10-27 04:00:00,6.052900937956095
2011-10-27 05:00:00,19.97108670555733
2011-10-27 06:00:00,53.34553287779104
2011-10-27 07:00:00,201.67369839158943
2011-10-27 08:00:00,249.7165062390906
2011-10-27 09:00:00,218.39408025991816
2011-10-27 10:00:00,71.66593356798569
2011-10-27 11:00:00,83.40552757155646
2011-10-27 12:00:00,81.7286375744739
2011-10-27 13:00:00,129.2446129411056
2011-10-27 14:00:00,146.9762860930344
2011-10-27 15:00:00,153.43418742792352
2011-10-27 16:00:00,254.53126435559184
2011-10-27 17:00:00,413.3508937266413
2011-10-27 18:00:00,414.9967158220812
2011-10-27 19:00:00,252.15745774477605
2011-10-27 20:00:00,210.86583300025106
2011-10-27 21:00:00,73.05749677363157
2011-10-27 22:00:00,42.52426219304057
2011-10-27 23:00:00,32.136610481237916
2011-10-28 00:00:00,36.46930553728699
2011-10-28 01:00:00,18.947121736325006
2011-10-28 02:00:00,9.608216537626763
2011-10-28 03:00:00,4.794250189514645
2011-10-28 04:00:00,4.64544279968285
2011-10-28 05:00:00,19.35619339045489
2011-10-28 06:00:00,88.57062656786864
2011-10-28 07:00:00,217.6984304342512
2011-10-28 08:00:00,364.4594399219015
2011-10-28 09:00:00,225.36733312636244
2011-10-28 10:00:00,137.74408252446827
2011-10-28 11:00:00,165.67470774700564
2011-10-28 12:00:00,195.35720395696373
2011-10-28 13:00:00,191.80014503811907
2011-10-28 14:00:00,181.21748885608847
2011-10-28 15:00:00,183.8622948689038
2011-10-28 16:00:00,235.33043268764817
2011-10-28 17:00:00,381.2097785008763
2011-10-28 18:00:00,341.62403869674927
2011-10-28 19:00:00,219.52576133665426
2011-10-28 20:00:00,98.97937379760066
2011-10-28 21:00:00,66.44480179249157
2011-10-28 22:00:00,67.83271658120911
2011-10-28 23:00:00,47.998911278533335
2011-10-29 00:00:00,47.08278298486426
2011-10-29 01:00:00,38.034235061954284
2011-10-29 02:00:00,30.360243196082084
2011-10-29 03:00:00,13.306847263180579
2011-10-29 04:00:00,5.320938439295391
2011-10-29 05:00:00,4.9064983851862785
2011-10-29 06:00:00,11.562717940807406
2011-10-29 07:00:00,17.862782595354513
2011-10-29 08:00:00,51.141676362020604
2011-10-29 09:00:00,60.60444895794558
2011-10-29 10:00:00,70.37874768932201
2011-10-29 11:00:00,79.33987338069616
2011-10-29 12:00:00,90.93465410529166
2011-10-29 13:00:00,78.29010340527074
2011-10-29 14:00:00,87.0127246524021
2011-10-29 15:00:00,109.04147016353332
2011-10-29 16:00:00,89.08726155038593
2011-10-29 17:00:00,77.56677304911214
2011-10-29 18:00:00,73.29712274473012
2011-10-29 19:00:00,109.00583999165248
2011-10-29 20:00:00,91.95637951862034
2011-10-29 21:00:00,75.24382088525661
2011-10-29 22:00:00,78.16088759701763
2011-10-29 23:00:00,70.06613990220443
2011-10-30 00:00:00,63.26480170146332
2011-10-30 01:00:00,56.68242665093664
2011-10-30 02:00:00,28.36944598337665
2011-10-30 03:00:00,16.145923950104635
2011-10-30 04:00:00,3.877875865687435
2011-10-30 05:00:00,5.885348030962434
2011-10-30 06:00:00,9.86677648552549
2011-10-30 07:00:00,19.301980398136568
2011-10-30 08:00:00,52.09912242269097
2011-10-30 09:00:00,121.1662599159414
2011-10-30 10:00:00,229.27865099636142
2011-10-30 11:00:00,269.5117090725575
2011-10-30 12:00:00,311.7563995222977
2011-10-30 13:00:00,306.5030644357723
2011-10-30 14:00:00,311.67834437853065
2011-10-30 15:00:00,307.68157552969114
2011-10-30 16:00:00,302.6778190686841
2011-10-30 17:00:00,253.97035318204308
2011-10-30 18:00:00,229.08628356387453
2011-10-30 19:00:00,267.96613483519593
2011-10-30 20:00:00,133.93107553238568
2011-10-30 21:00:00,88.18521250653187
2011-10-30 22:00:00,65.94403177632374
2011-10-30 23:00:00,40.94694140429867
2011-10-31 00:00:00,17.530790149670807
2011-10-31 01:00:00,8.507229018680306
2011-10-31 02:00:00,4.92536827834607
2011-10-31 03:00:00,4.502819130545809
2011-10-31 04:00:00,4.664125358366725
2011-10-31 05:00:00,17.881557778233088
2011-10-31 06:00:00,83.47733106464062
2011-10-31 07:00:00,203.60376244041785
2011-10-31 08:00:00,395.4020510243693
2011-10-31 09:00:00,205.6513293479971
2011-10-31 10:00:00,123.64992932571081
2011-10-31 11:00:00,141.2074377926817
2011-10-31 12:00:00,177.04958446688138
2011-10-31 13:00:00,167.9533485108002
2011-10-31 14:00:00,154.82937555546872
2011-10-31 15:00:00,170.73831566952907
2011-10-31 16:00:00,244.13501118576443
2011-10-31 17:00:00,432.69296847504415
2011-10-31 18:00:00,375.5950499889587
2011-10-31 19:00:00,263.3228281844693
2011-10-31 20:00:00,196.99547862401204
2011-10-31 21:00:00,123.1766673499355
2011-10-31 22:00:00,97.61044834665898
2011-10-31 23:00:00,62.67796687013574
2011-11-20 00:00:00,91.15367625757499
2011-11-20 01:00:00,69.79481297182572
2011-11-20 02:00:00,49.82367001960404
2011-11-20 03:00:00,23.17064118830133
2011-11-20 04:00:00,7.665514970892275
2011-11-20 05:00:00,8.286412652107808
2011-11-20 06:00:00,14.42699035779282
2011-11-20 07:00:00,59.311171730796175
2011-11-20 08:00:00,95.28213338263517
2011-11-20 09:00:00,162.53218556582252
2011-11-20 10:00:00,239.78212931175815
2011-11-20 11:00:00,299.9329001332377
2011-11-20 12:00:00,334.14540020984555
2011-11-20 13:00:00,334.011522623899
2011-11-20 14:00:00,335.36620185006467
2011-11-20 15:00:00,323.40936281627967
2011-11-20 16:00:00,337.29839919094826
2011-11-20 17:00:00,323.64860715733744
2011-11-20 18:00:00,295.2188625560156
2011-11-20 19:00:00,221.9605639129483
2011-11-20 20:00:00,192.39839089927656
2011-11-20 21:00:00,132.35387081496683
2011-11-20 22:00:00,57.147957612556446
2011-11-20 23:00:00,41.79914560734195
2011-11-21 00:00:00,21.219198562913913
2011-11-21 01:00:00,9.429138834811504
2011-11-21 02:00:00,5.190401427750196
2011-11-21 03:00:00,4.006995058563729
2011-11-21 04:00:00,4.32827986411962
2011-11-21 05:00:00,17.41246023931946
2011-11-21 06:00:00,89.83252519793508
2011-11-21 07:00:00,214.812785002426
2011-11-21 08:00:00,382.550494809208
2011-11-21 09:00:00,171.03048678731454
2011-11-21 10:00:00,123.49161382117565
2011-11-21 11:00:00,140.07356610867424
2011-11-21 12:00:00,158.0148187721115
2011-11-21 13:00:00,156.16283114617747
2011-11-21 14:00:00,138.2031828972481
2011-11-21 15:00:00,58.90603739279837
2011-11-21 16:00:00,82.80090161648035
2011-11-21 17:00:00,92.83680721036255
2011-11-21 18:00:00,152.45069870892837
2011-11-21 19:00:00,108.38785768549216
2011-11-21 20:00:00,106.40474222181089
2011-11-21 21:00:00,88.00965197853037
2011-11-21 22:00:00,68.0452087690772
2011-11-21 23:00:00,45.86787386606011
2011-11-22 00:00:00,13.988470269255691
2011-11-22 01:00:00,9.409874939405114
2011-11-22 02:00:00,5.106975249443536
2011-11-22 03:00:00,4.214706263034827
2011-11-22 04:00:00,4.904148899313916
2011-11-22 05:00:00,17.44325427904055
2011-11-22 06:00:00,82.06105352153823
2011-11-22 07:00:00,109.32184548495198
2011-11-22 08:00:00,192.79537989893737
2011-11-22 09:00:00,97.53416934391386
2011-11-22 10:00:00,54.61593159023756
2011-11-22 11:00:00,65.58215625706538
2011-11-22 12:00:00,63.9452446843709
2011-11-22 13:00:00,60.045924977834034
2011-11-22 14:00:00,56.5174163720994
2011-11-22 15:00:00,64.32761554032572
2011-11-22 16:00:00,90.42170889988377
2011-11-22 17:00:00,119.5691149360957
2011-11-22 18:00:00,114.47591476643979
2011-11-22 19:00:00,104.8885862195416
2011-11-22 20:00:00,140.51556217053502
2011-11-22 21:00:00,121.11240224767145
2011-11-22 22:00:00,112.06083434789
2011-11-22 23:00:00,69.65995377401975
2011-11-23 00:00:00,21.87472960729498
2011-11-23 01:00:00,11.049023023086088
2011-11-23 02:00:00,4.9616896795892895
2011-11-23 03:00:00,3.9560811366564037
2011-11-23 04:00:00,6.2905365024491875
2011-11-23 05:00:00,21.26128114742136
2011-11-23 06:00:00,73.16649416121821
2011-11-23 07:00:00,198.93634182196146
2011-11-23 08:00:00,381.21877339381984
2011-11-23 09:00:00,165.95766351528468
2011-11-23 10:00:00,81.69573141170653
2011-11-23 11:00:00,134.0342101815979
2011-11-23 12:00:00,176.62816381227069
2011-11-23 13:00:00,155.1691242515938
2011-11-23 14:00:00,161.0034155960989
2011-11-23 15:00:00,150.86151336215872
2011-11-23 16:00:00,203.8977490759726
2011-11-23 17:00:00,232.46569555290955
2011-11-23 18:00:00,297.1529284906405
2011-11-23 19:00:00,248.5426964007404
2011-11-23 20:00:00,141.59850299680875
2011-11-23 21:00:00,52.168904315389796
2011-11-23 22:00:00,40.04854999076877
2011-11-23 23:00:00,62.70022109401646
2011-11-24 00:00:00,44.33241401360342
2011-11-24 01:00:00,25.298068116521343
2011-11-24 02:00:00,17.666660352491817
2011-11-24 03:00:00,10.906438063818412
2011-11-24 04:00:00,7.099258063629531
2011-11-24 05:00:00,8.447318619260525
2011-11-24 06:00:00,28.55229304800529
2011-11-24 07:00:00,65.85438188771408
2011-11-24 08:00:00,242.3665661111606
2011-11-24 09:00:00,187.77952224576768
2011-11-24 10:00:00,195.09276734928486
2011-11-24 11:00:00,236.84405992855275
2011-11-24 12:00:00,312.53030128690057
2011-11-24 13:00:00,316.06035443572983
2011-11-24 14:00:00,305.0258448562585
2011-11-24 15:00:00,303.90159909351854
2011-11-24 16:00:00,350.89789041064125
2011-11-24 17:00:00,340.1006410166914
2011-11-24 18:00:00,281.21387109993447
2011-11-24 19:00:00,222.56209582138348
2011-11-24 20:00:00,165.34221842822987
2011-11-24 21:00:00,125.19451856354311
2011-11-24 22:00:00,103.384689252755
2011-11-24 23:00:00,72.0408392298213
2011-11-25 00:00:00,37.25387973790631
2011-11-25 01:00:00,20.894188586186804
2011-11-25 02:00:00,9.373223531752247
2011-11-25 03:00:00,5.579486362347798
2011-11-25 04:00:00,5.450667537623279
2011-11-25 05:00:00,20.674116701434105
2011-11-25 06:00:00,83.69781324340808
2011-11-25 07:00:00,210.48701356951273
2011-11-25 08:00:00,362.1805250438888
2011-11-25 09:00:00,220.26047117050928
2011-11-25 10:00:00,146.74081208872377
2011-11-25 11:00:00,163.02721490966184
2011-11-25 12:00:00,206.90370830182565
2011-11-25 13:00:00,219.98442752273593
2011-11-25 14:00:00,210.6301824040739
2011-11-25 15:00:00,221.34155836000605
2011-11-25 16:00:00,306.74109972301807
2011-11-25 17:00:00,484.4718527407836
2011-11-25 18:00:00,394.9219850214355
2011-11-25 19:00:00,234.15467589509785
2011-11-25 20:00:00,163.48928520253727
2011-11-25 21:00:00,115.04446648771706
2011-11-25 22:00:00,103.78829603381064
2011-11-25 23:00:00,93.06255599704774
2011-11-26 00:00:00,82.50279389786652
2011-11-26 01:00:00,60.125182476885605
2011-11-26 02:00:00,42.8866310699479
2011-11-26 03:00:00,18.741584163652217
2011-11-26 04:00:00,7.813107777145535
2011-11-26 05:00:00,7.799732056673945
2011-11-26 06:00:00,17.927800542364967
2011-11-26 07:00:00,29.30512095805489
2011-11-26 08:00:00,122.09322569602234
2011-11-26 09:00:00,165.99663459006572
2011-11-26 10:00:00,205.97379510142682
2011-11-26 11:00:00,277.07569676297214
2011-11-26 12:00:00,333.06017331945003
2011-11-26 13:00:00,371.15214587229633
2011-11-26 14:00:00,352.045529881774
2011-11-26 15:00:00,346.4846479438315
2011-11-26 16:00:00,341.5535472561945
2011-11-26 17:00:00,302.74388086279254
2011-11-26 18:00:00,255.26508970059638
2011-11-26 19:00:00,198.84016674845807
2011-11-26 20:00:00,182.10992789877938
2011-11-26 21:00:00,110.18155708879014
2011-11-26 22:00:00,104.07965015743919
2011-11-26 23:00:00,90.77813980461904
2011-11-27 00:00:00,79.17946516788871
2011-11-27 01:00:00,69.9776171074336
2011-11-27 02:00:00,54.61511922649924
2011-11-27 03:00:00,25.39129644795295
2011-11-27 04:00:00,8.024470015977352
2011-11-27 05:00:00,7.499045275440948
2011-11-27 06:00:00,13.410899580840198
2011-11-27 07:00:00,44.267082707207834
2011-11-27 08:00:00,81.75082080026553
2011-11-27 09:00:00,178.36273710465946
2011-11-27 10:00:00,249.67468232600996
2011-11-27 11:00:00,321.6483534943491
2011-11-27 12:00:00,355.34437509019585
2011-11-27 13:00:00,343.1430504487105
2011-11-27 14:00:00,399.6923075102
2011-11-27 15:00:00,406.4307152653079
2011-11-27 16:00:00,349.30275837079836
2011-11-27 17:00:00,334.72251420400914
2011-11-27 18:00:00,302.7829736883547
2011-11-27 19:00:00,230.17142363692616
2011-11-27 20:00:00,187.61976802445656
2011-11-27 21:00:00,136.79728163686624
2011-11-27 22:00:00,95.6718826612446
2011-11-27 23:00:00,57.15365153329095
2011-11-28 00:00:00,32.20361813685316
2011-11-28 01:00:00,14.429965275025674
2011-11-28 03:00:00,5.7969270661900785
2011-11-28 04:00:00,6.355899276820765
2011-11-28 05:00:00,20.596538724897346
2011-11-28 06:00:00,95.66761953780627
2011-11-28 07:00:00,232.47291083993971
2011-11-28 08:00:00,329.2521283482951
2011-11-28 09:00:00,176.02174315140945
2011-11-28 10:00:00,123.94689165150248
2011-11-28 11:00:00,142.23461631338697
2011-11-28 12:00:00,180.73187859178026
2011-11-28 13:00:00,172.16246922915764
2011-11-28 14:00:00,169.64969314878232
2011-11-28 15:00:00,177.76422391100624
2011-11-28 16:00:00,279.52000231490877
2011-11-28 17:00:00,507.58759369042104
2011-11-28 18:00:00,495.7644284336427
2011-11-28 19:00:00,324.55013212509084
2011-11-28 20:00:00,241.83930395685917
2011-11-28 21:00:00,173.58048437889883
2011-11-28 22:00:00,129.60364584786996
2011-11-28 23:00:00,62.133651091004175
2011-11-29 00:00:00,31.76899025151714
2011-11-29 01:00:00,13.72553465681006
2011-11-29 02:00:00,7.104483586126484
2011-11-29 03:00:00,5.040396029779779
2011-11-29 04:00:00,6.037922430151186
2011-11-29 05:00:00,24.135750343954758
2011-11-29 06:00:00,101.54272129781143
2011-11-29 07:00:00,315.57308241888745
2011-11-29 08:00:00,413.04251036462614
2011-11-29 09:00:00,186.5309536903353
2011-11-29 10:00:00,112.92039125313102
2011-11-29 11:00:00,79.84495819048551
2011-11-29 12:00:00,69.88814872423808
2011-11-29 13:00:00,90.07096535027208
2011-11-29 14:00:00,61.17805513462546
2011-11-29 15:00:00,65.17493094164973
2011-11-29 16:00:00,103.71796654188194
2011-11-29 17:00:00,225.0083957372851
2011-11-29 18:00:00,249.00212290902348
2011-11-29 19:00:00,188.31458122420153
2011-11-29 20:00:00,146.00451700448684
2011-11-29 21:00:00,114.89708318681356
2011-11-29 22:00:00,86.60926008931996
2011-11-29 23:00:00,27.048637575838157
2011-11-30 00:00:00,23.11415945581754
2011-11-30 01:00:00,10.329802934900362
2011-11-30 02:00:00,6.1468485002282565
2011-11-30 03:00:00,4.86709040383743
2011-11-30 04:00:00,5.037210220714057
2011-11-30 05:00:00,19.472628779584458
2011-11-30 06:00:00,87.8084273949592
2011-11-30 07:00:00,215.75906466680522
2011-11-30 08:00:00,343.36556538786454
2011-11-30 09:00:00,217.75353696546102
2011-11-30 10:00:00,115.384740588545
2011-11-30 11:00:00,140.0047478220171
2011-11-30 12:00:00,154.50089632965418
2011-11-30 13:00:00,154.91509842813716
2011-11-30 14:00:00,148.0501933699949
2011-11-30 15:00:00,159.6141106418186
2011-11-30 16:00:00,214.72520667618295
2011-11-30 17:00:00,337.2327717921333
2011-11-30 18:00:00,339.7648197871963
2011-11-30 19:00:00,239.88567993569697
2011-11-30 20:00:00,168.23539395796723
2011-11-30 21:00:00,52.60530848974915
2011-11-30 22:00:00,89.90653439973704
2011-11-30 23:00:00,60.934236075086936
2011-12-20 00:00:00,24.094274374327163
2011-12-20 01:00:00,11.677596070410138
2011-12-20 02:00:00,6.811689738772437
2011-12-20 03:00:00,5.181490407647817
2011-12-20 04:00:00,5.921566197102782
2011-12-20 05:00:00,21.35343221227787
2011-12-20 06:00:00,92.85187044255
2011-12-20 07:00:00,220.3227215953042
2011-12-20 08:00:00,377.8952487964341
2011-12-20 09:00:00,201.73469482582368
2011-12-20 10:00:00,118.84758346205052
2011-12-20 11:00:00,132.0511772790721
2011-12-20 12:00:00,161.26983053505845
2011-12-20 13:00:00,159.37969305992613
2011-12-20 14:00:00,144.97310636724404
2011-12-20 15:00:00,156.00913953160284
2011-12-20 16:00:00,232.01178801783283
2011-12-20 17:00:00,382.69199053475523
2011-12-20 18:00:00,374.6901471104238
2011-12-20 19:00:00,252.16587488673855
2011-12-20 20:00:00,188.7006299485899
2011-12-20 21:00:00,128.32734146805484
2011-12-20 22:00:00,98.15685883210485
2011-12-20 23:00:00,65.96941924786147
2011-12-21 00:00:00,24.88033209421021
2011-12-21 01:00:00,11.452390867551749
2011-12-21 02:00:00,6.670461378951294
2011-12-21 03:00:00,5.231544354457679
2011-12-21 04:00:00,5.4811965959047955
2011-12-21 05:00:00,20.78087930034216
2011-12-21 06:00:00,85.90246218904564
2011-12-21 07:00:00,215.81630243530194
2011-12-21 08:00:00,173.13448018231492
2011-12-21 09:00:00,179.92922933600434
2011-12-21 10:00:00,116.95448085735158
2011-12-21 11:00:00,135.24461025606846
2011-12-21 12:00:00,73.63699384531598
2011-12-21 13:00:00,43.046910721171095
2011-12-21 14:00:00,122.93650220576514
2011-12-21 15:00:00,120.17698945881615
2011-12-21 16:00:00,58.998875734476734
2011-12-21 17:00:00,76.99478510932238
2011-12-21 18:00:00,141.9702915265866
2011-12-21 19:00:00,156.80109865731217
2011-12-21 20:00:00,122.95395025098544
2011-12-21 21:00:00,149.43345488312676
2011-12-21 22:00:00,126.32536075025837
2011-12-21 23:00:00,72.94059310934942
2011-12-22 00:00:00,32.94338685417663
2011-12-22 01:00:00,13.880567000368085
2011-12-22 02:00:00,10.122626368044962
2011-12-22 03:00:00,6.450601231121571
2011-12-22 04:00:00,6.1388149597286725
2011-12-22 05:00:00,23.273348912156905
2011-12-22 06:00:00,99.5256453572072
2011-12-22 07:00:00,233.97924988300724
2011-12-22 08:00:00,370.01057810821294
2011-12-22 09:00:00,185.8147451506481
2011-12-22 10:00:00,124.1470562630206
2011-12-22 11:00:00,131.85952644422827
2011-12-22 12:00:00,160.1530701071586
2011-12-22 13:00:00,158.398915902783
2011-12-22 14:00:00,146.3180021873805
2011-12-22 15:00:00,153.8494437640038
2011-12-22 16:00:00,233.16039304625104
2011-12-22 17:00:00,400.52578623467696
2011-12-22 18:00:00,391.03770240303504
2011-12-22 19:00:00,257.94444109338895
2011-12-22 20:00:00,144.0157091310366
2011-12-22 21:00:00,101.59345758207333
2011-12-22 22:00:00,59.18226543379401
2011-12-22 23:00:00,40.61300647443606
2011-12-23 00:00:00,26.582101373347644
2011-12-23 01:00:00,16.198463874605185
2011-12-23 02:00:00,8.849706908828264
2011-12-23 03:00:00,5.565458017999779
2011-12-23 04:00:00,4.225044098399956
2011-12-23 05:00:00,20.547892919833934
2011-12-23 06:00:00,88.90821203446916
2011-12-23 07:00:00,229.59871931485148
2011-12-23 08:00:00,383.58996999942985
2011-12-23 09:00:00,225.1478240902003
2011-12-23 10:00:00,143.51117117730456
2011-12-23 11:00:00,161.38783643646852
2011-12-23 12:00:00,188.7359156864062
2011-12-23 13:00:00,186.34070662209876
2011-12-23 14:00:00,184.72292989315193
2011-12-23 15:00:00,189.7645802921004
2011-12-23 16:00:00,233.11038430535183
2011-12-23 17:00:00,372.0011688120836
2011-12-23 18:00:00,329.20730412699083
2011-12-23 19:00:00,205.8494751724625
2011-12-23 20:00:00,138.51232866139654
2011-12-23 21:00:00,101.4093998209735
2011-12-23 22:00:00,92.24165570003551
2011-12-23 23:00:00,91.56238109965872
2011-12-24 00:00:00,75.72614950075676
2011-12-24 01:00:00,61.704152914740376
2011-12-24 02:00:00,44.91053608622476
2011-12-24 03:00:00,19.799791861707483
2011-12-24 04:00:00,8.1142624715285
2011-12-24 05:00:00,7.07770878733097
2011-12-24 06:00:00,16.076556390517457
2011-12-24 07:00:00,38.802368952570276
2011-12-24 08:00:00,88.82077054649052
2011-12-24 09:00:00,126.17130406494815
2011-12-24 10:00:00,185.46213134602598
2011-12-24 11:00:00,234.73168263763145
2011-12-24 12:00:00,282.4310142199652
2011-12-24 13:00:00,280.4552776445849
2011-12-24 14:00:00,274.4210969579189
2011-12-24 15:00:00,269.9933073842251
2011-12-24 16:00:00,262.09781888461555
2011-12-24 17:00:00,220.0531568932922
2011-12-24 18:00:00,214.64112303474633
2011-12-24 19:00:00,167.18950115495988
2011-12-24 20:00:00,119.63555482011797
2011-12-24 21:00:00,92.61100753517194
2011-12-24 22:00:00,84.26111493905555
2011-12-24 23:00:00,75.08694495660345
2011-12-25 00:00:00,70.31692345236308
2011-12-25 01:00:00,57.28697246182648
2011-12-25 02:00:00,40.23260449258902
2011-12-25 03:00:00,20.369199740383433
2011-12-25 05:00:00,5.931271335691338
2011-12-25 06:00:00,7.482849125793228
2011-12-25 07:00:00,21.29360005659682
2011-12-25 08:00:00,46.052466141941565
2011-12-25 09:00:00,91.16116329464535
2011-12-25 10:00:00,153.15666640039368
2011-12-25 11:00:00,238.32824852661986
2011-12-25 12:00:00,221.3733243079221
2011-12-25 13:00:00,267.14012347431884
2011-12-25 14:00:00,263.18203986209886
2011-12-25 15:00:00,271.247268910727
2011-12-25 16:00:00,263.232342145114
2011-12-25 17:00:00,233.4817449494872
2011-12-25 18:00:00,183.6465523729345
2011-12-25 19:00:00,167.03969570180965
2011-12-25 20:00:00,129.10930604557657
2011-12-25 21:00:00,71.04666255307113
2011-12-25 22:00:00,54.426688948965584
2011-12-25 23:00:00,42.97067878271984
2011-12-26 00:00:00,40.19505131550057
2011-12-26 01:00:00,30.117601661202727
2011-12-26 02:00:00,19.726515114415957
2011-12-26 04:00:00,6.621942695565257
2011-12-26 05:00:00,7.108067382481815
2011-12-26 06:00:00,20.52045546614386
2011-12-26 07:00:00,81.21551364997889
2011-12-26 08:00:00,212.7329593890847
2011-12-26 09:00:00,151.87030494397723
2011-12-26 10:00:00,176.486711495522
2011-12-26 11:00:00,187.1105676063572
2011-12-26 12:00:00,232.90633625643522
2011-12-26 13:00:00,257.8781749988239
2011-12-26 14:00:00,253.1851746465159
2011-12-26 15:00:00,254.11104325690266
2011-12-26 16:00:00,262.361549830641
2011-12-26 17:00:00,245.4294169139889
2011-12-26 18:00:00,247.90111472597866
2011-12-26 19:00:00,176.62003816810682
2011-12-26 20:00:00,137.53190689376464
2011-12-26 21:00:00,98.82502285005161
2011-12-26 22:00:00,76.362595519401
2011-12-26 23:00:00,53.47029928741517
2011-12-27 00:00:00,21.762773711876243
2011-12-27 01:00:00,8.646355258344432
2011-12-27 02:00:00,5.395771894406161
2011-12-27 03:00:00,4.621909519879494
2011-12-27 04:00:00,5.195524035764412
2011-12-27 05:00:00,18.52866214743543
2011-12-27 06:00:00,92.71755543537031
2011-12-27 07:00:00,223.30919671686854
2011-12-27 08:00:00,356.9887406686387
2011-12-27 09:00:00,107.73722700711411
2011-12-27 10:00:00,115.01021763543581
2011-12-27 11:00:00,65.74301459725605
2011-12-27 12:00:00,67.62834991289935
2011-12-27 13:00:00,64.29342960268953
2011-12-27 14:00:00,57.76035473278692
2011-12-27 15:00:00,59.66493892391408
2011-12-27 16:00:00,73.64664163294648
2011-12-27 17:00:00,161.65640382357907
2011-12-27 18:00:00,226.63500908877648
2011-12-27 19:00:00,207.0468396883149
2011-12-27 20:00:00,145.82615406164123
2011-12-27 21:00:00,118.21195471901099
2011-12-27 22:00:00,92.71607294700097
2011-12-27 23:00:00,57.999167674053936
2011-12-28 00:00:00,20.820663818924736
2011-12-28 01:00:00,12.216110603789993
2011-12-28 02:00:00,6.252463957251394
2011-12-28 03:00:00,4.692010074960666
2011-12-28 05:00:00,19.062081937934924
2011-12-28 06:00:00,88.48411840802662
2011-12-28 07:00:00,209.05341359348333
2011-12-28 08:00:00,356.5918070274772
2011-12-28 09:00:00,212.1061950697214
2011-12-28 10:00:00,112.76720264433159
2011-12-28 11:00:00,132.36418468032826
2011-12-28 12:00:00,144.40442613985525
2011-12-28 13:00:00,142.9032458714988
2011-12-28 14:00:00,132.79118970562695
2011-12-28 15:00:00,135.96401405729918
2011-12-28 16:00:00,182.35395435635115
2011-12-28 17:00:00,318.4047798655466
2011-12-28 18:00:00,272.79498144737937
2011-12-28 19:00:00,192.6284402495589
2011-12-28 20:00:00,150.81233863274878
2011-12-28 21:00:00,115.47981423258798
2011-12-28 22:00:00,87.04792703381246
2011-12-28 23:00:00,56.79041094114502
2011-12-29 00:00:00,21.58531335466098
2011-12-29 01:00:00,9.663845474480743
2011-12-29 02:00:00,6.288537394310875
2011-12-29 03:00:00,4.404704207315813
2011-12-29 04:00:00,5.084222748513622
2011-12-29 05:00:00,17.303523838605532
2011-12-29 06:00:00,82.3293298689715
2011-12-29 07:00:00,208.34887034068623
2011-12-29 08:00:00,344.48657355741
2011-12-29 09:00:00,216.2628837491476
2011-12-29 10:00:00,84.97945961172718
2011-12-29 11:00:00,100.10884578068908
2011-12-29 12:00:00,123.26000296192173
2011-12-29 13:00:00,136.31733599531174
2011-12-29 14:00:00,139.8926746039891
2011-12-29 15:00:00,141.89427181100666
2011-12-29 16:00:00,191.28178888757068
2011-12-29 17:00:00,341.84027328008426
2011-12-29 18:00:00,334.3334932162142
2011-12-29 19:00:00,228.17297822232348
2011-12-29 20:00:00,159.90833619942956
2011-12-29 21:00:00,115.15945452940873
2011-12-29 22:00:00,94.32119699255087
2011-12-29 23:00:00,70.12671413215864
2011-12-30 00:00:00,34.601045078218576
2011-12-30 01:00:00,15.3573572852228
2011-12-30 02:00:00,8.774195113507117
2011-12-30 03:00:00,5.554816002613002
2011-12-30 04:00:00,5.3670786986214924
2011-12-30 05:00:00,16.873148114231547
2011-12-30 06:00:00,84.3718086999637
2011-12-30 07:00:00,206.0839907915677
2011-12-30 08:00:00,362.29540138229794
2011-12-30 09:00:00,219.17056069755458
2011-12-30 10:00:00,120.06824901187807
2011-12-30 11:00:00,142.96404582895738
2011-12-30 12:00:00,186.3517249708187
2011-12-30 13:00:00,180.24965562759346
2011-12-30 14:00:00,175.23554666246147
2011-12-30 15:00:00,196.4715469884297
2011-12-30 16:00:00,253.04644553473383
2011-12-30 17:00:00,383.2790118169105
2011-12-30 18:00:00,336.816672180768
2011-12-30 19:00:00,195.92176766041428
2011-12-30 20:00:00,151.78140768130433
2011-12-30 21:00:00,104.98425143572075
2011-12-30 22:00:00,96.34550441542716
2011-12-30 23:00:00,83.83392692296584
2011-12-31 00:00:00,83.70590817857759
2011-12-31 01:00:00,56.44367343780388
2011-12-31 02:00:00,42.81819767861032
2011-12-31 03:00:00,16.733842921478495
2011-12-31 04:00:00,8.451404878612442
2011-12-31 05:00:00,7.451341985219859
2011-12-31 06:00:00,17.387185059082192
2011-12-31 07:00:00,36.00184580889529
2011-12-31 08:00:00,117.45708318235843
2011-12-31 09:00:00,150.54333972137624
2011-12-31 10:00:00,206.63111771151847
2011-12-31 11:00:00,279.7653784442491
2011-12-31 12:00:00,360.43455250555456
2011-12-31 13:00:00,355.3665834502671
2011-12-31 14:00:00,335.59697687814565
2011-12-31 15:00:00,336.10758153969294
2011-12-31 16:00:00,297.08657663537264
2011-12-31 17:00:00,282.08939581609206
2011-12-31 18:00:00,259.69914149650606
2011-12-31 19:00:00,203.86984517579523
2011-12-31 20:00:00,183.45316451813719
2011-12-31 21:00:00,123.01868146714294
2011-12-31 22:00:00,109.08851764517411
2011-12-31 23:00:00,88.78549116239675
2012-01-20 00:00:00,22.771623257835973
2012-01-20 01:00:00,12.106395501617987
2012-01-20 02:00:00,8.108816597151334
2012-01-20 03:00:00,4.042172352746385
2012-01-20 04:00:00,4.406891939699638
2012-01-20 05:00:00,17.72984232968086
2012-01-20 06:00:00,81.04827298537927
2012-01-20 07:00:00,215.94931853763933
2012-01-20 08:00:00,463.2986236304972
2012-01-20 09:00:00,221.621853738665
2012-01-20 10:00:00,113.73730008287627
2012-01-20 11:00:00,115.20931546254972
2012-01-20 12:00:00,135.32607864795258
2012-01-20 13:00:00,143.8169345344098
2012-01-20 14:00:00,136.57424570186666
2012-01-20 15:00:00,138.64005854488212
2012-01-20 16:00:00,169.24152967981462
2012-01-20 17:00:00,245.174252825783
2012-01-20 18:00:00,231.42835853089605
2012-01-20 19:00:00,161.7236321545201
2012-01-20 20:00:00,121.00160932825484
2012-01-20 21:00:00,89.39987699126588
2012-01-20 22:00:00,79.35920443709102
2012-01-20 23:00:00,33.908171379934075
2012-01-21 00:00:00,32.42885805313945
2012-01-21 01:00:00,34.254124219365615
2012-01-21 02:00:00,29.760154860821586
2012-01-21 03:00:00,12.923528208314671
2012-01-21 04:00:00,5.797587674306186
2012-01-21 05:00:00,5.925665750215068
2012-01-21 06:00:00,5.7076276587087
2012-01-21 07:00:00,18.811907663669317
2012-01-21 08:00:00,66.2302923890722
2012-01-21 09:00:00,100.40554117126241
2012-01-21 10:00:00,93.21474394803018
2012-01-21 11:00:00,186.12472273090728
2012-01-21 12:00:00,216.49461792475057
2012-01-21 13:00:00,200.90575360755767
2012-01-21 14:00:00,129.8124949505695
2012-01-21 15:00:00,127.14959984400288
2012-01-21 16:00:00,166.00506259133076
2012-01-21 17:00:00,144.678170617925
2012-01-21 18:00:00,132.42805410169353
2012-01-21 19:00:00,111.9891112151265
2012-01-21 20:00:00,90.54032840729624
2012-01-21 21:00:00,75.27472204196357
2012-01-21 22:00:00,73.79740024995046
2012-01-21 23:00:00,61.99579803477567
2012-01-22 00:00:00,47.832583754774014
2012-01-22 01:00:00,48.096167631922
2012-01-22 02:00:00,34.8351871667619
2012-01-22 03:00:00,18.818837774067706
2012-01-22 04:00:00,4.608541109999935
2012-01-22 05:00:00,5.310031816081848
2012-01-22 06:00:00,5.633879557305803
2012-01-22 07:00:00,24.37900376955368
2012-01-22 08:00:00,44.91997929804231
2012-01-22 09:00:00,81.2231911240866
2012-01-22 10:00:00,110.50535535453083
2012-01-22 11:00:00,96.48907479375794
2012-01-22 12:00:00,164.1076029090979
2012-01-22 13:00:00,170.6391418451799
2012-01-22 14:00:00,179.05348668927985
2012-01-22 15:00:00,164.87557863934776
2012-01-22 16:00:00,152.9988713536075
2012-01-22 17:00:00,120.02889080936795
2012-01-22 18:00:00,88.9733951546921
2012-01-22 19:00:00,74.94566274705811
2012-01-22 20:00:00,59.688606903556234
2012-01-22 21:00:00,56.58456468795527
2012-01-22 22:00:00,51.883765920900714
2012-01-22 23:00:00,33.16915189217591
2012-01-23 00:00:00,14.117192042182173
2012-01-23 01:00:00,6.838657878543373
2012-01-23 02:00:00,4.817819948424594
2012-01-23 03:00:00,3.5285896846991536
2012-01-23 04:00:00,3.102915717174152
2012-01-23 05:00:00,16.166315195282163
2012-01-23 06:00:00,70.34502486010695
2012-01-23 07:00:00,100.45946371921507
2012-01-23 08:00:00,266.02951686536744
2012-01-23 09:00:00,206.0519348329215
2012-01-23 10:00:00,73.9059510957263
2012-01-23 11:00:00,85.71975613798357
2012-01-23 12:00:00,88.57729377099646
2012-01-23 13:00:00,62.33085749108639
2012-01-23 14:00:00,59.38634875415352
2012-01-23 15:00:00,89.19646254920222
2012-01-23 16:00:00,149.4067228064339
2012-01-23 17:00:00,209.82924437782438
2012-01-23 18:00:00,243.48632675499053
2012-01-23 19:00:00,158.8981765543706
2012-01-23 20:00:00,113.28306343976662
2012-01-23 21:00:00,77.0972106588591
2012-01-23 22:00:00,63.41208648386122
2012-01-23 23:00:00,30.562714453802005
2012-01-24 00:00:00,9.325696889895578
2012-01-24 01:00:00,8.278487222840992
2012-01-24 02:00:00,4.743057993987613
2012-01-24 03:00:00,3.3595197890629676
2012-01-24 04:00:00,3.5614041181486153
2012-01-24 05:00:00,14.466484247854277
2012-01-24 06:00:00,75.957939442858
2012-01-24 07:00:00,201.382831650876
2012-01-24 08:00:00,329.84152897283053
2012-01-24 09:00:00,174.60361218538776
2012-01-24 10:00:00,90.76970726862267
2012-01-24 11:00:00,115.51755536508989
2012-01-24 12:00:00,130.09462320110842
2012-01-24 13:00:00,129.78785988066085
2012-01-24 14:00:00,124.09787999448767
2012-01-24 15:00:00,152.72828379603285
2012-01-24 16:00:00,231.04720124834458
2012-01-24 17:00:00,448.037679080436
2012-01-24 18:00:00,394.46445333761335
2012-01-24 19:00:00,310.2158540393862
2012-01-24 20:00:00,149.35072762057948
2012-01-24 21:00:00,128.8938809655349
2012-01-24 22:00:00,92.44001178568307
2012-01-24 23:00:00,39.9001725098882
2012-01-25 00:00:00,17.4581135661854
2012-01-25 01:00:00,9.328279816558062
2012-01-25 02:00:00,5.192979370093011
2012-01-25 03:00:00,3.071438866379966
2012-01-25 04:00:00,3.6912338565914697
2012-01-25 05:00:00,19.657450425141278
2012-01-25 06:00:00,88.45437939043946
2012-01-25 07:00:00,233.66556057401277
2012-01-25 08:00:00,445.65509017329805
2012-01-25 09:00:00,232.55813544491272
2012-01-25 10:00:00,97.9636728486306
2012-01-25 11:00:00,99.85441786120538
2012-01-25 12:00:00,148.50554672351907
2012-01-25 13:00:00,156.5528120232071
2012-01-25 14:00:00,144.82120496621098
2012-01-25 15:00:00,153.56488494396905
2012-01-25 16:00:00,199.59143351198006
2012-01-25 17:00:00,354.69255679253905
2012-01-25 18:00:00,303.57765347752166
2012-01-25 19:00:00,233.47991994699083
2012-01-25 20:00:00,160.90141212885405
2012-01-25 21:00:00,134.2212162473355
2012-01-25 22:00:00,100.33845868015152
2012-01-25 23:00:00,42.4749472256752
2012-01-26 00:00:00,18.571624269899992
2012-01-26 01:00:00,8.644105095313689
2012-01-26 02:00:00,5.871214727947357
2012-01-26 03:00:00,3.5861974503988985
2012-01-26 04:00:00,4.36256216636773
2012-01-26 05:00:00,17.998573098662032
2012-01-26 06:00:00,83.33356833330022
2012-01-26 07:00:00,211.345782939398
2012-01-26 08:00:00,416.2096275869294
2012-01-26 09:00:00,208.68162856872186
2012-01-26 10:00:00,97.76175998073084
2012-01-26 11:00:00,104.59890941386666
2012-01-26 12:00:00,135.64484983204613
2012-01-26 13:00:00,162.84371438315262
2012-01-26 14:00:00,150.47797342972964
2012-01-26 15:00:00,163.65723195334988
2012-01-26 16:00:00,210.21895109614965
2012-01-26 17:00:00,426.2311502384496
2012-01-26 18:00:00,413.3173234068146
2012-01-26 19:00:00,261.4596774206859
2012-01-26 20:00:00,193.9656411360084
2012-01-26 21:00:00,139.94088560899067
2012-01-26 22:00:00,119.03793626219266
2012-01-26 23:00:00,69.18442063980415
2012-01-27 00:00:00,31.86054050124253
2012-01-27 01:00:00,16.25455185031985
2012-01-27 02:00:00,9.65384391234065
2012-01-27 03:00:00,4.695333896677439
2012-01-27 04:00:00,3.8599857500820245
2012-01-27 05:00:00,15.81265090258278
2012-01-27 06:00:00,80.71085790191123
2012-01-27 07:00:00,212.7682456873916
2012-01-27 08:00:00,195.3414174580915
2012-01-27 09:00:00,101.81201706369615
2012-01-27 10:00:00,48.378422032506776
2012-01-27 11:00:00,169.22097303732693
2012-01-27 12:00:00,176.36918508051295
2012-01-27 13:00:00,246.8939686466443
2012-01-27 14:00:00,240.17409500964175
2012-01-27 15:00:00,237.0298077650116
2012-01-27 16:00:00,256.05051372082045
2012-01-27 17:00:00,424.8621565957729
2012-01-27 18:00:00,358.65791112617586
2012-01-27 19:00:00,219.43586240130628
2012-01-27 20:00:00,150.5854933243789
2012-01-27 21:00:00,109.97311730728596
2012-01-27 22:00:00,104.74750007221952
2012-01-27 23:00:00,85.4532332589461
2012-01-28 00:00:00,62.40702158492358
2012-01-28 01:00:00,52.34771452764156
2012-01-28 02:00:00,32.056369073212366
2012-01-28 03:00:00,15.099576612494703
2012-01-28 04:00:00,5.464081176598854
2012-01-28 05:00:00,5.721879076288985
2012-01-28 06:00:00,8.67725099703721
2012-01-28 07:00:00,31.99789653810091
2012-01-28 08:00:00,79.44452476531907
2012-01-28 09:00:00,117.22786675977235
2012-01-28 10:00:00,170.10822091504895
2012-01-28 11:00:00,216.41775662538058
2012-01-28 12:00:00,218.81984409519626
2012-01-28 13:00:00,275.8124939437887
2012-01-28 14:00:00,297.08323107144537
2012-01-28 15:00:00,293.83305404948027
2012-01-28 16:00:00,335.9023863400164
2012-01-28 17:00:00,279.5597915438582
2012-01-28 18:00:00,245.81311004190758
2012-01-28 19:00:00,188.8145342588591
2012-01-28 20:00:00,163.7544868464218
2012-01-28 21:00:00,110.1030036333027
2012-01-28 22:00:00,103.64681004230813
2012-01-28 23:00:00,84.20897690718894
2012-01-29 00:00:00,55.71082493441968
2012-01-29 01:00:00,42.97599926702439
2012-01-29 02:00:00,22.407126699986296
2012-01-29 03:00:00,13.070176156005395
2012-01-29 04:00:00,3.5407731634555333
2012-01-29 05:00:00,5.114128657500649
2012-01-29 06:00:00,5.50870791375551
2012-01-29 07:00:00,26.784553885626142
2012-01-29 08:00:00,52.73242375673062
2012-01-29 09:00:00,92.84150602594414
2012-01-29 10:00:00,159.37988450675527
2012-01-29 11:00:00,195.56214963859153
2012-01-29 12:00:00,232.97511748400484
2012-01-29 13:00:00,228.792241668965
2012-01-29 14:00:00,229.3190651119818
2012-01-29 15:00:00,256.89290642681846
2012-01-29 16:00:00,249.62604743923475
2012-01-29 17:00:00,214.01425706344367
2012-01-29 18:00:00,156.19345440452608
2012-01-29 19:00:00,131.5812134091631
2012-01-29 20:00:00,87.43493955298025
2012-01-29 21:00:00,82.69372529978638
2012-01-29 22:00:00,67.99377828112164
2012-01-29 23:00:00,35.847526068889884
2012-01-30 00:00:00,14.488760188808946
2012-01-30 01:00:00,6.282799534778103
2012-01-30 02:00:00,4.315468211583003
2012-01-30 03:00:00,3.2983961258265633
2012-01-30 04:00:00,3.6577601798050146
2012-01-30 05:00:00,17.311369665034743
2012-01-30 06:00:00,90.5014215230386
2012-01-30 07:00:00,240.5432476763915
2012-01-30 08:00:00,423.2217254378486
2012-01-30 09:00:00,210.3078077274485
2012-01-30 10:00:00,95.45494188451481
2012-01-30 11:00:00,97.05536546969984
2012-01-30 12:00:00,127.6995708096576
2012-01-30 13:00:00,133.4852548546648
2012-01-30 14:00:00,135.6449896072651
2012-01-30 15:00:00,138.72706993467813
2012-01-30 16:00:00,201.09396892853547
2012-01-30 17:00:00,359.0235247352139
2012-01-30 18:00:00,336.3353135372376
2012-01-30 19:00:00,208.58195950258414
2012-01-30 20:00:00,145.6836362318034
2012-01-30 21:00:00,126.51169896278115
2012-01-30 22:00:00,82.36552004027
2012-01-30 23:00:00,42.083626178517726
2012-01-31 00:00:00,18.383838078441766
2012-01-31 01:00:00,7.915689974849529
2012-01-31 02:00:00,5.189511897462416
2012-01-31 03:00:00,3.3878643565320834
2012-01-31 04:00:00,3.5953100530544932
2012-01-31 05:00:00,19.323629576091058
2012-01-31 06:00:00,86.13378576563179
2012-01-31 07:00:00,196.8945321384197
2012-01-31 08:00:00,439.3713683908889
2012-01-31 09:00:00,213.4911963435368
2012-01-31 10:00:00,104.35574489016476
2012-01-31 11:00:00,145.64491995427858
2012-01-31 12:00:00,168.43263733134776
2012-01-31 13:00:00,178.89290270561187
2012-01-31 14:00:00,186.32485778798147
2012-01-31 15:00:00,193.274008673038
2012-01-31 16:00:00,286.64506313696916
2012-01-31 17:00:00,533.7099548361376
2012-01-31 18:00:00,527.2251237203022
2012-01-31 19:00:00,377.54694763647126
2012-01-31 20:00:00,201.5603029901964
2012-01-31 21:00:00,173.46010427783878
2012-01-31 22:00:00,113.28559849231918
2012-01-31 23:00:00,56.167449937257146
2012-02-20 00:00:00,24.65216344614482
2012-02-20 01:00:00,17.745502110991907
2012-02-20 02:00:00,10.75517519814554
2012-02-20 03:00:00,7.431325151507591
2012-02-20 05:00:00,6.965133983985343
2012-02-20 06:00:00,11.253258077597561
2012-02-20 07:00:00,51.27713901205429
2012-02-20 08:00:00,107.13412488133288
2012-02-20 09:00:00,129.95922251406128
2012-02-20 10:00:00,151.84686352183363
2012-02-20 11:00:00,181.55389547770363
2012-02-20 12:00:00,202.6309558710463
2012-02-20 13:00:00,197.1883139292504
2012-02-20 14:00:00,206.3483477772339
2012-02-20 15:00:00,222.26746596484725
2012-02-20 16:00:00,252.7605695897326
2012-02-20 17:00:00,268.0514265498571
2012-02-20 18:00:00,194.1798169969959
2012-02-20 19:00:00,173.2884647945393
2012-02-20 20:00:00,153.26834963574964
2012-02-20 21:00:00,102.01218883886517
2012-02-20 22:00:00,84.74514564725027
2012-02-20 23:00:00,47.85066054386895
2012-02-21 00:00:00,19.699292214147476
2012-02-21 01:00:00,7.263436261145265
2012-02-21 02:00:00,4.587872836075699
2012-02-21 04:00:00,3.6062831502108583
2012-02-21 05:00:00,15.938601999069787
2012-02-21 06:00:00,74.42241052235687
2012-02-21 07:00:00,234.75869926038808
2012-02-21 08:00:00,472.3309771421879
2012-02-21 09:00:00,225.42443476287062
2012-02-21 10:00:00,105.51988411156631
2012-02-21 11:00:00,101.45012148506473
2012-02-21 12:00:00,124.9403134050781
2012-02-21 13:00:00,153.77920319151048
2012-02-21 14:00:00,128.23501369852724
2012-02-21 15:00:00,150.65081039562182
2012-02-21 16:00:00,210.3264766330665
2012-02-21 17:00:00,419.47550799692675
2012-02-21 18:00:00,406.40108892850685
2012-02-21 19:00:00,270.8280686045616
2012-02-21 20:00:00,191.35128516251507
2012-02-21 21:00:00,145.26437681316963
2012-02-21 22:00:00,100.86252227325764
2012-02-21 23:00:00,54.58826753665344
2012-02-22 00:00:00,22.054593482595234
2012-02-22 01:00:00,9.619980300369523
2012-02-22 02:00:00,5.352879071364544
2012-02-22 03:00:00,3.7125687472744624
2012-02-22 04:00:00,3.8472221270221603
2012-02-22 05:00:00,20.055543582083903
2012-02-22 06:00:00,91.63541374326341
2012-02-22 07:00:00,247.69671606195328
2012-02-22 08:00:00,467.13491990739504
2012-02-22 09:00:00,235.9641520648094
2012-02-22 10:00:00,125.07603518379617
2012-02-22 11:00:00,142.56221711677787
2012-02-22 12:00:00,175.5115134544045
2012-02-22 13:00:00,176.19563302023747
2012-02-22 14:00:00,165.7950917850534
2012-02-22 15:00:00,208.07366383747947
2012-02-22 16:00:00,306.28211668240147
2012-02-22 17:00:00,566.4403071067221
2012-02-22 18:00:00,552.2498452857982
2012-02-22 19:00:00,352.144998525135
2012-02-22 20:00:00,230.7902073882806
2012-02-22 21:00:00,201.49051404563534
2012-02-22 22:00:00,121.65569227975875
2012-02-22 23:00:00,64.57867365353702
2012-02-23 00:00:00,33.78869298944352
2012-02-23 01:00:00,12.258243809405743
2012-02-23 02:00:00,7.359126187741112
2012-02-23 03:00:00,3.835614164523775
2012-02-23 04:00:00,4.101181642147639
2012-02-23 05:00:00,19.43548742441898
2012-02-23 06:00:00,95.68980239570575
2012-02-23 07:00:00,255.6699969617192
2012-02-23 08:00:00,457.2089425146464
2012-02-23 09:00:00,257.5486581748845
2012-02-23 10:00:00,150.87500797836063
2012-02-23 11:00:00,189.45761886145328
2012-02-23 12:00:00,225.57510051987532
2012-02-23 13:00:00,227.87914101077814
2012-02-23 14:00:00,213.07710768774993
2012-02-23 15:00:00,227.45612753455148
2012-02-23 16:00:00,326.84500269069866
2012-02-23 17:00:00,596.9859422044784
2012-02-23 18:00:00,582.9924871025306
2012-02-23 19:00:00,436.04956070361106
2012-02-23 20:00:00,271.35058453212235
2012-02-23 21:00:00,171.02505273743262
2012-02-23 22:00:00,140.6505752479407
2012-02-23 23:00:00,89.07743293236999
2012-02-24 00:00:00,46.465630872845175
2012-02-24 01:00:00,20.370822730776442
2012-02-24 02:00:00,8.403980136005803
2012-02-24 03:00:00,5.419087545434388
2012-02-24 04:00:00,4.964237218887808
2012-02-24 05:00:00,17.3698345108432
2012-02-24 06:00:00,88.76045871386478
2012-02-24 07:00:00,242.55085891592213
2012-02-24 08:00:00,455.39545039280796
2012-02-24 09:00:00,124.37972895980728
2012-02-24 10:00:00,74.82804151073815
2012-02-24 11:00:00,181.16565782003622
2012-02-24 12:00:00,206.06817888929902
2012-02-24 13:00:00,218.0981306063841
2012-02-24 14:00:00,225.250555797973
2012-02-24 15:00:00,89.31199074131239
2012-02-24 16:00:00,115.83758147272297
2012-02-24 17:00:00,231.434755856769
2012-02-24 18:00:00,347.16943824042426
2012-02-24 19:00:00,265.3388287554262
2012-02-24 20:00:00,193.89692618410913
2012-02-24 21:00:00,136.85870529291972
2012-02-24 22:00:00,113.63335251493938
2012-02-24 23:00:00,96.96474250074948
2012-02-25 00:00:00,74.67732155311118
2012-02-25 01:00:00,55.63764453971174
2012-02-25 02:00:00,38.26841674143098
2012-02-25 03:00:00,14.825238133734459
2012-02-25 04:00:00,6.349631228455111
2012-02-25 05:00:00,5.979651756734921
2012-02-25 06:00:00,9.600490764436394
2012-02-25 07:00:00,41.679107113329884
2012-02-25 08:00:00,88.00593651986674
2012-02-25 09:00:00,81.94951228768724
2012-02-25 10:00:00,180.73640050159946
2012-02-25 11:00:00,209.89408983267987
2012-02-25 12:00:00,241.60817577797036
2012-02-25 13:00:00,249.26427792075114
2012-02-25 14:00:00,244.4572737254332
2012-02-25 15:00:00,247.0944624407792
2012-02-25 16:00:00,222.02994305456582
2012-02-25 17:00:00,186.13428806948335
2012-02-25 18:00:00,147.09944681919274
2012-02-25 19:00:00,131.78388531304753
2012-02-25 20:00:00,106.8659458339755
2012-02-25 21:00:00,88.32064880509272
2012-02-25 22:00:00,80.76397310239237
2012-02-25 23:00:00,69.44007779334886
2012-02-26 00:00:00,60.513025508170436
2012-02-26 01:00:00,61.33883874588729
2012-02-26 02:00:00,36.970901960698846
2012-02-26 03:00:00,20.625428552964838
2012-02-26 04:00:00,4.97094508164503
2012-02-26 05:00:00,5.244676630302952
2012-02-26 06:00:00,5.938815718384864
2012-02-26 07:00:00,26.780249304669667
2012-02-26 08:00:00,53.171174133591876
2012-02-26 09:00:00,92.95751701463753
2012-02-26 10:00:00,173.68797338285293
2012-02-26 11:00:00,209.0891196403467
2012-02-26 12:00:00,240.32682948186243
2012-02-26 13:00:00,248.01287819148888
2012-02-26 14:00:00,264.85285074636903
2012-02-26 15:00:00,275.63835971544927
2012-02-26 16:00:00,267.94141311050265
2012-02-26 17:00:00,228.64636236357634
2012-02-26 18:00:00,171.3884540811464
2012-02-26 19:00:00,168.27163486318398
2012-02-26 20:00:00,110.3629707535188
2012-02-26 21:00:00,90.0682414000388
2012-02-26 22:00:00,74.27508341516315
2012-02-26 23:00:00,40.227845133211396
2012-02-27 00:00:00,18.611861439699293
2012-02-27 01:00:00,5.908497335411871
2012-02-27 02:00:00,4.74257924111905
2012-02-27 03:00:00,3.5006476642166873
2012-02-27 04:00:00,3.6661537697072113
2012-02-27 05:00:00,18.956104570909105
2012-02-27 06:00:00,88.79562447919126
2012-02-27 07:00:00,233.60698137939573
2012-02-27 08:00:00,460.1861100444638
2012-02-27 09:00:00,230.28962878188102
2012-02-27 10:00:00,116.82988507651237
2012-02-27 11:00:00,141.37246364505674
2012-02-27 12:00:00,177.51490549462315
2012-02-27 13:00:00,176.58388180429563
2012-02-27 14:00:00,181.5182500029102
2012-02-27 15:00:00,204.09570578454935
2012-02-27 16:00:00,299.2341848576123
2012-02-27 17:00:00,553.1072064240391
2012-02-27 18:00:00,544.2793438973966
2012-02-27 19:00:00,378.88743146604855
2012-02-27 20:00:00,259.66265522455205
2012-02-27 21:00:00,165.20057751149702
2012-02-27 22:00:00,116.00283354483398
2012-02-27 23:00:00,55.51276176565214
2012-02-28 00:00:00,25.11110239510537
2012-02-28 01:00:00,10.096241949847224
2012-02-28 02:00:00,5.838842415678998
2012-02-28 03:00:00,3.2634267951902154
2012-02-28 04:00:00,3.5053117938390557
2012-02-28 05:00:00,18.99012381831817
2012-02-28 06:00:00,87.97165981259344
2012-02-28 07:00:00,198.52138838386597
2012-02-28 08:00:00,461.5248050193502
2012-02-28 09:00:00,212.9503620766469
2012-02-28 10:00:00,113.43159614712992
2012-02-28 11:00:00,130.11805912570313
2012-02-28 12:00:00,174.8920721440321
2012-02-28 13:00:00,173.1470044792582
2012-02-28 14:00:00,167.97262512702844
2012-02-28 15:00:00,183.3056702397844
2012-02-28 16:00:00,260.8653427362552
2012-02-28 17:00:00,479.4604969131518
2012-02-28 18:00:00,461.3076052039114
2012-02-28 19:00:00,325.88657287675636
2012-02-28 20:00:00,217.06231716848635
2012-02-28 21:00:00,144.68715402824637
2012-02-28 22:00:00,112.48941954509279
2012-02-28 23:00:00,53.65546307346996
2012-02-29 00:00:00,22.622379519371947
2012-02-29 01:00:00,9.831664256220693
2012-02-29 02:00:00,5.126326868942454
2012-02-29 03:00:00,3.5823634131996243
2012-02-29 05:00:00,19.248343860571786
2012-02-29 06:00:00,86.98406108951684
2012-02-29 07:00:00,228.0156350762559
2012-02-29 08:00:00,391.0956150382987
2012-02-29 09:00:00,113.80881780196277
2012-02-29 10:00:00,53.21042068738442
2012-02-29 11:00:00,55.208616807837736
2012-02-29 12:00:00,56.39399822155993
2012-02-29 13:00:00,127.19733579812024
2012-02-29 14:00:00,121.53079835360764
2012-02-29 15:00:00,129.42737665666087
2012-02-29 16:00:00,93.09111687835524
2012-02-29 17:00:00,383.08789828352974
2012-02-29 18:00:00,154.72117231042031
2012-02-29 19:00:00,267.20125347721284
2012-02-29 20:00:00,114.9338750200322
2012-02-29 21:00:00,69.90517483366142
2012-02-29 22:00:00,51.01692883253227
2012-02-29 23:00:00,26.759433627790372
2012-03-20 00:00:00,28.022486145625816
2012-03-20 01:00:00,12.894077130198678
2012-03-20 02:00:00,7.039187664890362
2012-03-20 03:00:00,4.035343515470628
2012-03-20 04:00:00,4.81623992131282
2012-03-20 05:00:00,22.108807652511977
2012-03-20 06:00:00,107.59016351684237
2012-03-20 07:00:00,112.65443369685549
2012-03-20 08:00:00,577.1746684527421
2012-03-20 09:00:00,317.31929821878117
2012-03-20 10:00:00,162.88079559080407
2012-03-20 11:00:00,213.6646126569724
2012-03-20 12:00:00,240.55418970139846
2012-03-20 13:00:00,235.1291209976393
2012-03-20 14:00:00,225.24941884544393
2012-03-20 15:00:00,243.17117198707857
2012-03-20 16:00:00,354.29690834929363
2012-03-20 17:00:00,660.9948256995702
2012-03-20 18:00:00,676.3538786156163
2012-03-20 19:00:00,479.05865057577813
2012-03-20 20:00:00,327.41581431178645
2012-03-20 21:00:00,243.68535025855627
2012-03-20 22:00:00,165.67582102359592
2012-03-20 23:00:00,78.75531857348636
2012-03-21 00:00:00,35.803930022689485
2012-03-21 01:00:00,14.229440098395893
2012-03-21 02:00:00,7.099106383519781
2012-03-21 03:00:00,4.4314128679763
2012-03-21 04:00:00,4.756093362710831
2012-03-21 05:00:00,22.43215300144394
2012-03-21 06:00:00,111.10168880903962
2012-03-21 07:00:00,119.6432850423911
2012-03-21 08:00:00,236.2539598765381
2012-03-21 09:00:00,325.3250801485585
2012-03-21 10:00:00,182.86267203093155
2012-03-21 11:00:00,203.71765100150304
2012-03-21 12:00:00,230.30739175359656
2012-03-21 13:00:00,204.13702763850193
2012-03-21 14:00:00,213.77061108746634
2012-03-21 15:00:00,224.5185524712251
2012-03-21 16:00:00,352.54265842186123
2012-03-21 17:00:00,674.8319921234907
2012-03-21 18:00:00,691.9123921752591
2012-03-21 19:00:00,505.55718009826325
2012-03-21 20:00:00,297.5255445260392
2012-03-21 21:00:00,236.11123627219126
2012-03-21 22:00:00,175.05429286957315
2012-03-21 23:00:00,91.14458393646359
2012-03-22 00:00:00,45.49541037194345
2012-03-22 01:00:00,18.08430174110172
2012-03-22 02:00:00,10.16733882957845
2012-03-22 03:00:00,5.436302684747558
2012-03-22 04:00:00,5.106465807057716
2012-03-22 05:00:00,19.941334832665742
2012-03-22 06:00:00,113.07367518882668
2012-03-22 07:00:00,336.16890125605755
2012-03-22 08:00:00,605.2578372977775
2012-03-22 09:00:00,313.90438854806484
2012-03-22 10:00:00,144.91914984514653
2012-03-22 11:00:00,181.5354328324865
2012-03-22 12:00:00,180.05519262460265
2012-03-22 13:00:00,250.19474096090224
2012-03-22 14:00:00,247.90217695336344
2012-03-22 15:00:00,265.59770900364936
2012-03-22 16:00:00,371.0240381243179
2012-03-22 17:00:00,744.8897430515417
2012-03-22 18:00:00,741.1504814665448
2012-03-22 19:00:00,540.5192005141823
2012-03-22 20:00:00,327.1255596682269
2012-03-22 21:00:00,248.64403276051084
2012-03-22 22:00:00,189.80314099760943
2012-03-22 23:00:00,119.45681222236496
2012-03-23 00:00:00,53.8878233373039
2012-03-23 01:00:00,23.513409371750196
2012-03-23 02:00:00,13.137111912176081
2012-03-23 03:00:00,6.400139377101147
2012-03-23 04:00:00,5.672117182984161
2012-03-23 05:00:00,21.761880340769746
2012-03-23 06:00:00,116.51041543347607
2012-03-23 07:00:00,358.50043360519527
2012-03-23 08:00:00,599.5829413078932
2012-03-23 09:00:00,325.5329585943218
2012-03-23 10:00:00,177.0785943847995
2012-03-23 11:00:00,263.0120166849225
2012-03-23 12:00:00,314.45212598482465
2012-03-23 13:00:00,312.2495752997116
2012-03-23 14:00:00,302.0275016300522
2012-03-23 15:00:00,318.7978246521017
2012-03-23 16:00:00,411.58293969567256
2012-03-23 17:00:00,740.3315137537903
2012-03-23 18:00:00,715.1809366323339
2012-03-23 19:00:00,471.287896117001
2012-03-23 20:00:00,321.0515368511422
2012-03-23 21:00:00,249.26587218241983
2012-03-23 22:00:00,199.90770646771725
2012-03-23 23:00:00,177.47847515122797
2012-03-24 00:00:00,109.36734016375507
2012-03-24 01:00:00,88.86654488099427
2012-03-24 02:00:00,58.857757139825814
2012-03-24 03:00:00,25.426629478302775
2012-03-24 04:00:00,10.387746016577582
2012-03-24 05:00:00,9.33952650054994
2012-03-24 06:00:00,27.53559182538225
2012-03-24 07:00:00,67.74964781376501
2012-03-24 08:00:00,189.24624393699543
2012-03-24 09:00:00,255.73896231146796
2012-03-24 10:00:00,268.3806302849548
2012-03-24 11:00:00,316.51393062484027
2012-03-24 12:00:00,142.47964813657535
2012-03-24 13:00:00,145.63550998713183
2012-03-24 14:00:00,124.11159164834021
2012-03-24 15:00:00,94.75753992801624
2012-03-24 16:00:00,117.91288209799056
2012-03-24 17:00:00,131.40126773582105
2012-03-24 18:00:00,128.3746141266795
2012-03-24 19:00:00,131.92012946269216
2012-03-24 20:00:00,87.49210824885304
2012-03-24 21:00:00,69.206276581913
2012-03-24 22:00:00,53.485063181964776
2012-03-24 23:00:00,94.57575820225881
2012-03-25 00:00:00,65.44721979754591
2012-03-25 01:00:00,59.32250847195138
2012-03-25 02:00:00,33.831082455394935
2012-03-25 03:00:00,18.826654420021505
2012-03-25 04:00:00,8.483608225938474
2012-03-25 05:00:00,8.852030441755197
2012-03-25 06:00:00,10.190337498455929
2012-03-25 07:00:00,58.64818134939
2012-03-25 08:00:00,114.80153782347713
2012-03-25 09:00:00,177.55217911519077
2012-03-25 10:00:00,243.60055472661745
2012-03-25 11:00:00,303.5969313122673
2012-03-25 12:00:00,350.1721388894425
2012-03-25 13:00:00,383.91848351302303
2012-03-25 14:00:00,363.57796716704195
2012-03-25 15:00:00,339.9725565465712
2012-03-25 16:00:00,423.983278767441
2012-03-25 17:00:00,435.4235103237748
2012-03-25 18:00:00,405.44559523851945
2012-03-25 19:00:00,316.48608271304926
2012-03-25 20:00:00,185.13790237182693
2012-03-25 21:00:00,158.8143066371059
2012-03-25 22:00:00,109.92706542160235
2012-03-25 23:00:00,61.65347756757975
2012-03-26 00:00:00,27.246448604344504
2012-03-26 01:00:00,13.440752226418637
2012-03-26 02:00:00,6.935805995975271
2012-03-26 03:00:00,4.681385797449715
2012-03-26 04:00:00,5.007352114042267
2012-03-26 05:00:00,24.31558629367359
2012-03-26 06:00:00,122.91629408870978
2012-03-26 07:00:00,331.3274168227827
2012-03-26 08:00:00,516.5179961414757
2012-03-26 09:00:00,311.86102875641285
2012-03-26 10:00:00,203.85700644669495
2012-03-26 11:00:00,211.45437999555494
2012-03-26 12:00:00,244.07008744508732
2012-03-26 13:00:00,242.17653946965078
2012-03-26 14:00:00,228.64264898607976
2012-03-26 15:00:00,234.1056843436366
2012-03-26 16:00:00,329.68306114587136
2012-03-26 17:00:00,606.0140076674562
2012-03-26 18:00:00,539.3701116950814
2012-03-26 19:00:00,364.19651133322867
2012-03-26 20:00:00,203.94796743320782
2012-03-26 21:00:00,155.27069917057273
2012-03-26 22:00:00,105.99378485961913
2012-03-26 23:00:00,51.72834179623232
2012-03-27 00:00:00,18.472597549168473
2012-03-27 01:00:00,7.303375479875675
2012-03-27 02:00:00,4.11406766981138
2012-03-27 03:00:00,3.067205622616051
2012-03-27 04:00:00,3.140035870489017
2012-03-27 05:00:00,19.81138342617761
2012-03-27 06:00:00,101.05733906132558
2012-03-27 07:00:00,272.9762605250952
2012-03-27 08:00:00,518.2215033639519
2012-03-27 09:00:00,287.76916839920557
2012-03-27 10:00:00,127.61486902735295
2012-03-27 11:00:00,144.24567145788117
2012-03-27 12:00:00,192.58023662322358
2012-03-27 13:00:00,206.7006546992279
2012-03-27 14:00:00,202.13808877957794
2012-03-27 15:00:00,222.1464538188642
2012-03-27 16:00:00,291.8472176173529
2012-03-27 17:00:00,561.8532787928987
2012-03-27 18:00:00,559.9820317503599
2012-03-27 19:00:00,391.03439952159357
2012-03-27 20:00:00,257.5669839980294
2012-03-27 21:00:00,154.29940356007003
2012-03-27 22:00:00,118.39710784716819
2012-03-27 23:00:00,58.209123699264474
2012-03-28 00:00:00,23.4668211791695
2012-03-28 01:00:00,10.258687706624869
2012-03-28 02:00:00,5.845362480461489
2012-03-28 03:00:00,4.200520159647931
2012-03-28 04:00:00,3.9261651088136342
2012-03-28 05:00:00,22.47861874568535
2012-03-28 06:00:00,110.77049561979821
2012-03-28 07:00:00,288.462886243257
2012-03-28 08:00:00,509.29637402012474
2012-03-28 09:00:00,301.43727557449483
2012-03-28 10:00:00,206.74226358274396
2012-03-28 11:00:00,220.47066301746747
2012-03-28 12:00:00,234.87424477108218
2012-03-28 13:00:00,254.70698107488195
2012-03-28 14:00:00,252.8025609822702
2012-03-28 15:00:00,237.84783591159513
2012-03-28 16:00:00,289.19728261265413
2012-03-28 17:00:00,689.6925436025233
2012-03-28 18:00:00,687.6492777283283
2012-03-28 19:00:00,553.1596642283945
2012-03-28 20:00:00,373.5379957714293
2012-03-28 21:00:00,256.9199266025042
2012-03-28 22:00:00,190.34630704249528
2012-03-28 23:00:00,98.88202149311465
2012-03-29 00:00:00,46.37982126676285
2012-03-29 01:00:00,17.979104197095513
2012-03-29 02:00:00,9.166841223978933
2012-03-29 03:00:00,4.918296193196771
2012-03-29 04:00:00,5.30363080513167
2012-03-29 05:00:00,25.03373370521403
2012-03-29 06:00:00,141.86674264420688
2012-03-29 07:00:00,337.29705010626606
2012-03-29 08:00:00,520.9066648295175
2012-03-29 09:00:00,329.21027296598317
2012-03-29 10:00:00,202.99720959081176
2012-03-29 11:00:00,225.1780808143361
2012-03-29 12:00:00,255.46380776057885
2012-03-29 13:00:00,250.52867094745767
2012-03-29 14:00:00,241.06535181026422
2012-03-29 15:00:00,247.80878366430287
2012-03-29 16:00:00,345.75697698501716
2012-03-29 17:00:00,681.5041538132169
2012-03-29 18:00:00,660.717678881368
2012-03-29 19:00:00,474.981241556379
2012-03-29 20:00:00,280.7683576399028
2012-03-29 21:00:00,186.69912457333297
2012-03-29 22:00:00,150.3099508169018
2012-03-29 23:00:00,96.18366765571196
2012-03-30 00:00:00,44.684971220041874
2012-03-30 01:00:00,21.288075809203068
2012-03-30 02:00:00,11.175541660329607
2012-03-30 03:00:00,6.0447950734735265
2012-03-30 04:00:00,5.36339118264011
2012-03-30 05:00:00,20.60181637007075
2012-03-30 06:00:00,100.87071604472918
2012-03-30 07:00:00,268.7645935164394
2012-03-30 08:00:00,564.185165438777
2012-03-30 09:00:00,296.7523065101647
2012-03-30 10:00:00,178.47559024763186
2012-03-30 11:00:00,191.67321172459273
2012-03-30 12:00:00,238.24489274199595
2012-03-30 13:00:00,111.11070993730382
2012-03-30 14:00:00,104.65423646093814
2012-03-30 15:00:00,109.45788178530354
2012-03-30 16:00:00,112.69206120907808
2012-03-30 17:00:00,492.7306452878942
2012-03-30 18:00:00,526.2420944539742
2012-03-30 19:00:00,302.26863453404053
2012-03-30 20:00:00,200.34893694649702
2012-03-30 21:00:00,155.43305668975412
2012-03-30 22:00:00,126.48588683099558
2012-03-30 23:00:00,99.44496461003077
2012-03-31 00:00:00,80.60075559672948
2012-03-31 01:00:00,63.68822393694096
2012-03-31 02:00:00,45.75996986682457
2012-03-31 03:00:00,20.51052359307384
2012-03-31 04:00:00,7.969743216352429
2012-03-31 05:00:00,8.798374522243577
2012-03-31 06:00:00,13.374450858916347
2012-03-31 07:00:00,68.18837067396699
2012-03-31 08:00:00,138.60256257005784
2012-03-31 09:00:00,239.86568046641202
2012-03-31 10:00:00,301.71704955768064
2012-03-31 11:00:00,432.71301947107725
2012-03-31 12:00:00,495.2065416424733
2012-03-31 13:00:00,500.82417850128013
2012-03-31 14:00:00,474.1956038791754
2012-03-31 15:00:00,429.1328276996497
2012-03-31 16:00:00,462.88848768599297
2012-03-31 17:00:00,458.16184982291236
2012-03-31 18:00:00,273.2380525278997
2012-03-31 19:00:00,286.2381015936347
2012-03-31 20:00:00,184.30722819204652
2012-03-31 21:00:00,143.32034339790505
2012-03-31 22:00:00,120.74499136432046
2012-03-31 23:00:00,80.80820285801568
2012-04-20 00:00:00,70.2511371833238
2012-04-20 01:00:00,26.696323707438857
2012-04-20 02:00:00,12.68988855702916
2012-04-20 03:00:00,6.764000707658882
2012-04-20 04:00:00,5.505615518858982
2012-04-20 05:00:00,23.215635890763554
2012-04-20 06:00:00,119.43315742443691
2012-04-20 07:00:00,336.3279981962689
2012-04-20 08:00:00,586.5924206977764
2012-04-20 09:00:00,342.2859655735328
2012-04-20 10:00:00,229.2638833057018
2012-04-20 11:00:00,287.5616061064565
2012-04-20 12:00:00,338.48516514038363
2012-04-20 13:00:00,348.9420030181247
2012-04-20 14:00:00,329.14627323501537
2012-04-20 15:00:00,344.8136966901873
2012-04-20 16:00:00,486.6010555347018
2012-04-20 17:00:00,815.4264200494912
2012-04-20 18:00:00,735.4883228417923
2012-04-20 19:00:00,480.5054166780985
2012-04-20 20:00:00,311.7887281112244
2012-04-20 21:00:00,235.78586719998341
2012-04-20 22:00:00,200.87858604572503
2012-04-20 23:00:00,182.0311454471807
2012-04-21 00:00:00,110.99481275350111
2012-04-21 01:00:00,83.19087100309402
2012-04-21 02:00:00,60.700448936717564
2012-04-21 03:00:00,27.342737857414715
2012-04-21 04:00:00,12.944084204516763
2012-04-21 05:00:00,15.832188105857501
2012-04-21 06:00:00,38.56939862963518
2012-04-21 07:00:00,73.26459227501886
2012-04-21 08:00:00,234.07023061844143
2012-04-21 09:00:00,300.9271903964812
2012-04-21 10:00:00,413.4912608432048
2012-04-21 11:00:00,498.4621377360435
2012-04-21 12:00:00,625.2058883595528
2012-04-21 13:00:00,626.7148960478175
2012-04-21 14:00:00,614.4026032039166
2012-04-21 15:00:00,629.9199224302009
2012-04-21 16:00:00,681.3735553618926
2012-04-21 17:00:00,532.220870413942
2012-04-21 18:00:00,421.54648083528315
2012-04-21 19:00:00,189.1733089192838
2012-04-21 20:00:00,83.50460742137999
2012-04-21 21:00:00,72.78397855472134
2012-04-21 22:00:00,173.7500017183771
2012-04-21 23:00:00,127.88660408403814
2012-04-22 00:00:00,84.90514760156404
2012-04-22 01:00:00,76.08714184866665
2012-04-22 02:00:00,60.92570089089087
2012-04-22 03:00:00,38.46925076078733
2012-04-22 04:00:00,14.556603098598712
2012-04-22 05:00:00,12.972786666723863
2012-04-22 06:00:00,22.990627152071276
2012-04-22 07:00:00,37.50395437400322
2012-04-22 08:00:00,65.93166937134498
2012-04-22 09:00:00,104.462458083234
2012-04-22 10:00:00,126.178985863447
2012-04-22 11:00:00,141.6712442609705
2012-04-22 12:00:00,148.57240834882955
2012-04-22 13:00:00,152.475669139134
2012-04-22 14:00:00,147.6307089282606
2012-04-22 15:00:00,148.99244153873798
2012-04-22 16:00:00,163.86916804819984
2012-04-22 17:00:00,132.89220811970247
2012-04-22 18:00:00,116.26481353208457
2012-04-22 19:00:00,110.35111895905222
2012-04-22 20:00:00,80.03864384500245
2012-04-22 21:00:00,74.24168334207059
2012-04-22 22:00:00,54.976642217370404
2012-04-22 23:00:00,38.133456964683525
2012-04-23 00:00:00,16.215790787387018
2012-04-23 01:00:00,7.601707744913146
2012-04-23 02:00:00,5.136291793845249
2012-04-23 03:00:00,3.9333502077586417
2012-04-23 04:00:00,3.614022654012159
2012-04-23 05:00:00,18.459898757240442
2012-04-23 06:00:00,96.85415535090645
2012-04-23 07:00:00,225.1441273533643
2012-04-23 08:00:00,613.7036911786876
2012-04-23 09:00:00,318.34884226571603
2012-04-23 10:00:00,169.07555580462764
2012-04-23 11:00:00,174.36111115267292
2012-04-23 12:00:00,129.38320720635878
2012-04-23 13:00:00,130.22294825594798
2012-04-23 14:00:00,122.10560327776143
2012-04-23 15:00:00,219.00859349705777
2012-04-23 16:00:00,121.4571717674879
2012-04-23 17:00:00,209.75415113367944
2012-04-23 18:00:00,267.6902674939466
2012-04-23 19:00:00,342.3322744675206
2012-04-23 20:00:00,233.30626850170123
2012-04-23 21:00:00,148.5838374136876
2012-04-23 22:00:00,127.88574616899007
2012-04-23 23:00:00,70.62881379029974
2012-04-24 00:00:00,24.917771578185345
2012-04-24 01:00:00,11.600819033535528
2012-04-24 02:00:00,5.899043068697978
2012-04-24 03:00:00,3.979340506989216
2012-04-24 04:00:00,4.309069306248944
2012-04-24 05:00:00,26.277840159292886
2012-04-24 06:00:00,112.05349473907602
2012-04-24 07:00:00,339.001639547442
2012-04-24 08:00:00,691.5289372681592
2012-04-24 09:00:00,333.83817083788927
2012-04-24 10:00:00,200.21053276545146
2012-04-24 11:00:00,220.74149559261215
2012-04-24 12:00:00,267.2962993403008
2012-04-24 13:00:00,265.89439347594936
2012-04-24 14:00:00,251.03504496358033
2012-04-24 15:00:00,254.85860442236836
2012-04-24 16:00:00,385.89804335511855
2012-04-24 17:00:00,716.0038387583919
2012-04-24 18:00:00,700.5293536009639
2012-04-24 19:00:00,500.8078622792969
2012-04-24 20:00:00,328.7906784710922
2012-04-24 21:00:00,218.62574655730614
2012-04-24 22:00:00,161.46294007056562
2012-04-24 23:00:00,88.10880597651906
2012-04-25 00:00:00,34.79758720044352
2012-04-25 01:00:00,13.262218828024583
2012-04-25 02:00:00,6.61550401702
2012-04-25 03:00:00,4.36228688212275
2012-04-25 04:00:00,5.1212559043960715
2012-04-25 05:00:00,26.939838019646093
2012-04-25 06:00:00,125.61316607334076
2012-04-25 07:00:00,362.7861803119798
2012-04-25 08:00:00,695.077502217432
2012-04-25 09:00:00,346.9377930170323
2012-04-25 10:00:00,211.93916288777464
2012-04-25 11:00:00,230.96371259101764
2012-04-25 12:00:00,280.45546617041424
2012-04-25 13:00:00,273.6584063172203
2012-04-25 14:00:00,262.5797598212753
2012-04-25 15:00:00,272.93517580620573
2012-04-25 16:00:00,409.2958283976383
2012-04-25 17:00:00,742.5678179624534
2012-04-25 18:00:00,736.0021413049361
2012-04-25 19:00:00,530.6114482255839
2012-04-25 20:00:00,371.62160969584875
2012-04-25 21:00:00,265.11518586725475
2012-04-25 22:00:00,189.22215138078153
2012-04-25 23:00:00,98.02767071208052
2012-04-26 00:00:00,45.16754828232741
2012-04-26 01:00:00,18.96327657558506
2012-04-26 02:00:00,10.95729858794527
2012-04-26 03:00:00,5.844756584113795
2012-04-26 04:00:00,6.3005098323064574
2012-04-26 05:00:00,26.847733587739153
2012-04-26 06:00:00,137.883167492129
2012-04-26 07:00:00,159.32163784146357
2012-04-26 08:00:00,310.7976075259248
2012-04-26 09:00:00,145.5445254569865
2012-04-26 10:00:00,171.69103540465613
2012-04-26 11:00:00,190.0266044938609
2012-04-26 12:00:00,226.6862959084283
2012-04-26 13:00:00,221.99766725874676
2012-04-26 14:00:00,218.26566401439976
2012-04-26 15:00:00,203.55697732326672
2012-04-26 16:00:00,257.113865099763
2012-04-26 17:00:00,589.8119448088579
2012-04-26 18:00:00,533.3565021257399
2012-04-26 19:00:00,395.7934546983245
2012-04-26 20:00:00,294.7223308480791
2012-04-26 21:00:00,236.05379365126302
2012-04-26 22:00:00,195.10133009253352
2012-04-26 23:00:00,113.21707464283972
2012-04-27 00:00:00,66.0054031501531
2012-04-27 01:00:00,28.27583331071985
2012-04-27 02:00:00,14.664252813184609
2012-04-27 03:00:00,7.087892165693415
2012-04-27 04:00:00,5.985388699566932
2012-04-27 05:00:00,26.187145547655213
2012-04-27 06:00:00,118.79465347481406
2012-04-27 07:00:00,331.28441939623144
2012-04-27 08:00:00,568.3321287851052
2012-04-27 09:00:00,346.8822968035013
2012-04-27 10:00:00,245.66538150544534
2012-04-27 11:00:00,272.7159729299601
2012-04-27 12:00:00,323.0445437280463
2012-04-27 13:00:00,321.3502515084503
2012-04-27 14:00:00,316.2268640819028
2012-04-27 15:00:00,339.51968773754015
2012-04-27 16:00:00,468.6438297035155
2012-04-27 17:00:00,753.7195769777063
2012-04-27 18:00:00,672.5483960847732
2012-04-27 19:00:00,414.2544685595252
2012-04-27 20:00:00,267.9613541141464
2012-04-27 21:00:00,178.62519111047942
2012-04-27 22:00:00,162.51225917720845
2012-04-27 23:00:00,139.90647333863396
2012-04-28 00:00:00,93.26738008393929
2012-04-28 01:00:00,62.910008081223786
2012-04-28 02:00:00,48.2443660685833
2012-04-28 03:00:00,20.43153140896366
2012-04-28 04:00:00,10.385383112630231
2012-04-28 05:00:00,10.490371434293621
2012-04-28 06:00:00,27.964280972315688
2012-04-28 07:00:00,86.62978530520125
2012-04-28 08:00:00,214.33328857334044
2012-04-28 09:00:00,281.4841771367647
2012-04-28 10:00:00,334.9646683675913
2012-04-28 11:00:00,397.00580579719264
2012-04-28 12:00:00,433.21001563679675
2012-04-28 13:00:00,427.75860362358304
2012-04-28 14:00:00,476.3445331229437
2012-04-28 15:00:00,465.1430567645049
2012-04-28 16:00:00,496.93146363772763
2012-04-28 17:00:00,425.2100694379772
2012-04-28 18:00:00,236.56469049533243
2012-04-28 19:00:00,172.91009076793188
2012-04-28 20:00:00,225.19279028765882
2012-04-28 21:00:00,97.52362646429391
2012-04-28 22:00:00,141.7505684006263
2012-04-28 23:00:00,129.79474133910827
2012-04-29 00:00:00,61.36719558465148
2012-04-29 01:00:00,87.9862083770871
2012-04-29 02:00:00,60.31591101847895
2012-04-29 03:00:00,32.04134158717102
2012-04-29 04:00:00,13.5588684495602
2012-04-29 05:00:00,12.830400479151379
2012-04-29 06:00:00,18.769408459149943
2012-04-29 07:00:00,53.979809025741915
2012-04-29 08:00:00,143.00110642333294
2012-04-29 09:00:00,224.63134032421442
2012-04-29 10:00:00,357.93501106502106
2012-04-29 11:00:00,436.53475348097254
2012-04-29 12:00:00,498.87534272609065
2012-04-29 13:00:00,490.1001836388874
2012-04-29 14:00:00,486.0211638560319
2012-04-29 15:00:00,503.1274723368947
2012-04-29 16:00:00,565.836106587063
2012-04-29 17:00:00,530.9733631111923
2012-04-29 18:00:00,456.9211700835763
2012-04-29 19:00:00,374.9895123272401
2012-04-29 20:00:00,277.3119352951115
2012-04-29 21:00:00,180.17257443807708
2012-04-29 22:00:00,105.91316259718982
2012-04-29 23:00:00,61.62729336355905
2012-04-30 00:00:00,34.99122334114819
2012-04-30 01:00:00,13.501042394187163
2012-04-30 02:00:00,7.132195675255652
2012-04-30 03:00:00,4.8009195469501265
2012-04-30 04:00:00,4.9757466422863885
2012-04-30 05:00:00,26.55754149654347
2012-04-30 06:00:00,120.90839345374164
2012-04-30 07:00:00,354.9217530805035
2012-04-30 08:00:00,589.0723133320498
2012-04-30 09:00:00,338.28972166525546
2012-04-30 10:00:00,193.13279551983095
2012-04-30 11:00:00,200.4651381917242
2012-04-30 12:00:00,240.63848483588768
2012-04-30 13:00:00,246.8307676392425
2012-04-30 14:00:00,228.05140998573344
2012-04-30 15:00:00,240.88548435397576
2012-04-30 16:00:00,391.61441546854417
2012-04-30 17:00:00,733.6857217640129
2012-04-30 18:00:00,683.8896727993215
2012-04-30 19:00:00,479.60723070910785
2012-04-30 20:00:00,309.35445980983417
2012-04-30 21:00:00,216.62131936385248
2012-04-30 22:00:00,142.15146848342798
2012-04-30 23:00:00,70.48895069148386
2012-05-20 00:00:00,161.12109776802916
2012-05-20 01:00:00,118.20882569304231
2012-05-20 02:00:00,76.20252697224015
2012-05-20 03:00:00,44.808689233903905
2012-05-20 04:00:00,15.163189738747752
2012-05-20 05:00:00,14.676237116505282
2012-05-20 06:00:00,23.929281856069004
2012-05-20 07:00:00,91.8121962678106
2012-05-20 08:00:00,177.65497057844678
2012-05-20 09:00:00,248.74361051157965
2012-05-20 10:00:00,435.294458880617
2012-05-20 11:00:00,542.7005705558627
2012-05-20 12:00:00,603.6003001656159
2012-05-20 13:00:00,600.4345593655565
2012-05-20 14:00:00,579.7828699881785
2012-05-20 15:00:00,547.080851759665
2012-05-20 16:00:00,617.5523452955273
2012-05-20 17:00:00,545.4494293800566
2012-05-20 18:00:00,507.4854372367768
2012-05-20 19:00:00,374.17856678534514
2012-05-20 20:00:00,299.88795680974823
2012-05-20 21:00:00,200.44783885243035
2012-05-20 22:00:00,142.17733449485456
2012-05-20 23:00:00,48.25290540103438
2012-05-21 00:00:00,23.84860723873897
2012-05-21 01:00:00,11.269031957901696
2012-05-21 02:00:00,5.5994376262092365
2012-05-21 03:00:00,5.968314360261334
2012-05-21 04:00:00,4.970644368386323
2012-05-21 05:00:00,23.38334260296489
2012-05-21 06:00:00,57.674912358935934
2012-05-21 07:00:00,144.64158853657693
2012-05-21 08:00:00,266.26624480847295
2012-05-21 09:00:00,149.678711577486
2012-05-21 10:00:00,82.20421540400051
2012-05-21 11:00:00,184.37993590137333
2012-05-21 12:00:00,189.92507653496557
2012-05-21 13:00:00,95.81270521699938
2012-05-21 14:00:00,93.1622303351313
2012-05-21 15:00:00,263.98958495059446
2012-05-21 16:00:00,384.0417961520492
2012-05-21 17:00:00,701.3278216185618
2012-05-21 18:00:00,688.822453016193
2012-05-21 19:00:00,537.5490183142751
2012-05-21 20:00:00,358.4091665235213
2012-05-21 21:00:00,277.66283617237207
2012-05-21 22:00:00,160.5252792301975
2012-05-21 23:00:00,101.44444681657833
2012-05-22 00:00:00,40.8487197631969
2012-05-22 01:00:00,16.859874562412976
2012-05-22 02:00:00,8.626369677374486
2012-05-22 03:00:00,6.341848359459094
2012-05-22 04:00:00,6.952861857509486
2012-05-22 05:00:00,24.01668316282027
2012-05-22 06:00:00,69.88079182043809
2012-05-22 07:00:00,168.90876260536828
2012-05-22 08:00:00,638.6368191597863
2012-05-22 09:00:00,326.82831174993385
2012-05-22 10:00:00,185.18139967580584
2012-05-22 11:00:00,197.48847974844526
2012-05-22 12:00:00,236.32236433925596
2012-05-22 13:00:00,265.7333745893511
2012-05-22 14:00:00,242.06599263617167
2012-05-22 15:00:00,281.68968320986244
2012-05-22 16:00:00,417.0547777464309
2012-05-22 17:00:00,800.7373511435542
2012-05-22 18:00:00,785.255296649811
2012-05-22 19:00:00,541.539254720196
2012-05-22 20:00:00,377.5402359142096
2012-05-22 21:00:00,250.85499855320933
2012-05-22 22:00:00,207.6777435222505
2012-05-22 23:00:00,114.33230765970872
2012-05-23 00:00:00,46.69736679437583
2012-05-23 01:00:00,18.333952779466575
2012-05-23 02:00:00,9.093743025796556
2012-05-23 03:00:00,7.2224916405624064
2012-05-23 04:00:00,5.825919444153647
2012-05-23 05:00:00,25.04583632036301
2012-05-23 06:00:00,160.82901487006893
2012-05-23 07:00:00,470.90445379659326
2012-05-23 08:00:00,650.9722079307933
2012-05-23 09:00:00,346.55883684178497
2012-05-23 10:00:00,193.1130640898175
2012-05-23 11:00:00,230.30074708004906
2012-05-23 12:00:00,282.9365999312157
2012-05-23 13:00:00,281.13938430785663
2012-05-23 14:00:00,270.6932557442582
2012-05-23 15:00:00,285.7267390677288
2012-05-23 16:00:00,359.9191271594083
2012-05-23 17:00:00,437.60668713739886
2012-05-23 18:00:00,452.009073431244
2012-05-23 19:00:00,396.33227650149047
2012-05-23 20:00:00,257.6470907058661
2012-05-23 21:00:00,206.92800800314097
2012-05-23 22:00:00,159.8410818306804
2012-05-23 23:00:00,117.98723662936793
2012-05-24 00:00:00,63.23607609516264
2012-05-24 01:00:00,21.466503168636045
2012-05-24 02:00:00,10.464646732376206
2012-05-24 03:00:00,6.853302571285723
2012-05-24 04:00:00,7.232188281296271
2012-05-24 05:00:00,33.76287916151133
2012-05-24 06:00:00,156.57243836251718
2012-05-24 07:00:00,476.0595617991263
2012-05-24 08:00:00,674.4608784870056
2012-05-24 09:00:00,351.25989448733725
2012-05-24 10:00:00,212.3182536833747
2012-05-24 11:00:00,233.950850884372
2012-05-24 12:00:00,303.2493175464599
2012-05-24 13:00:00,303.798323369807
2012-05-24 14:00:00,273.4349777315411
2012-05-24 15:00:00,295.2579669699716
2012-05-24 16:00:00,417.7444004689919
2012-05-24 17:00:00,811.0314413569228
2012-05-24 18:00:00,814.1630425343935
2012-05-24 19:00:00,591.2646910318784
2012-05-24 20:00:00,323.47619692025893
2012-05-24 21:00:00,140.8237443766901
2012-05-24 22:00:00,189.0858722115109
2012-05-24 23:00:00,146.94152226671653
2012-05-25 00:00:00,81.73941656786948
2012-05-25 01:00:00,35.67101671572896
2012-05-25 02:00:00,16.243392427910027
2012-05-25 03:00:00,8.547538550283672
2012-05-25 04:00:00,7.628341141079297
2012-05-25 05:00:00,31.68356780619635
2012-05-25 06:00:00,143.652698355869
2012-05-25 07:00:00,414.15421568954486
2012-05-25 08:00:00,632.247165206145
2012-05-25 09:00:00,338.5581027165647
2012-05-25 10:00:00,233.9909457391683
2012-05-25 11:00:00,261.439143450061
2012-05-25 12:00:00,348.44741491664564
2012-05-25 13:00:00,358.07134569505234
2012-05-25 14:00:00,339.4330545900923
2012-05-25 15:00:00,333.77591605086945
2012-05-25 16:00:00,460.04578606438355
2012-05-25 17:00:00,800.971979503662
2012-05-25 18:00:00,740.8780630250943
2012-05-25 19:00:00,505.9239611574771
2012-05-25 20:00:00,356.61826142488263
2012-05-25 21:00:00,284.3838547912559
2012-05-25 22:00:00,231.2047200858088
2012-05-25 23:00:00,196.8689592896956
2012-05-26 00:00:00,181.65320445929984
2012-05-26 01:00:00,133.6715481206249
2012-05-26 02:00:00,75.45177656125014
2012-05-26 03:00:00,33.22503041051892
2012-05-26 04:00:00,12.516522532943059
2012-05-26 05:00:00,15.274777666658753
2012-05-26 06:00:00,35.83632110705816
2012-05-26 07:00:00,68.45048533615687
2012-05-26 08:00:00,207.44324842511475
2012-05-26 09:00:00,270.49940478266063
2012-05-26 10:00:00,355.85732179264886
2012-05-26 11:00:00,488.5588687231998
2012-05-26 12:00:00,540.4325275153946
2012-05-26 13:00:00,543.1571423818253
2012-05-26 14:00:00,534.5006951368256
2012-05-26 15:00:00,526.9185263199112
2012-05-26 16:00:00,676.5586898225941
2012-05-26 17:00:00,576.4739594873533
2012-05-26 18:00:00,513.2855506420325
2012-05-26 19:00:00,429.65992505839654
2012-05-26 20:00:00,356.89862178606796
2012-05-26 21:00:00,285.8999233516008
2012-05-26 22:00:00,278.64602827131813
2012-05-26 23:00:00,225.96653811972206
2012-05-27 00:00:00,162.34429694447152
2012-05-27 01:00:00,128.28209758536647
2012-05-27 02:00:00,83.12855603484411
2012-05-27 03:00:00,47.290130316109156
2012-05-27 04:00:00,14.709261742802028
2012-05-27 05:00:00,14.840525870253726
2012-05-27 06:00:00,24.551205810061266
2012-05-27 07:00:00,52.08648961654317
2012-05-27 08:00:00,122.40763456627174
2012-05-27 09:00:00,209.26266625175737
2012-05-27 10:00:00,415.1589467862874
2012-05-27 11:00:00,500.99285526717415
2012-05-27 12:00:00,508.505655485125
2012-05-27 13:00:00,499.45504927850044
2012-05-27 14:00:00,496.2819047384644
2012-05-27 15:00:00,478.32564671057
2012-05-27 16:00:00,523.4815146508172
2012-05-27 17:00:00,527.6141052205836
2012-05-27 18:00:00,477.8469233366738
2012-05-27 19:00:00,384.68140649582966
2012-05-27 20:00:00,325.84856455633445
2012-05-27 21:00:00,162.19340076771707
2012-05-27 22:00:00,79.36481351526952
2012-05-27 23:00:00,59.857023353390936
2012-05-28 00:00:00,90.39127665930533
2012-05-28 01:00:00,44.95533557971002
2012-05-28 02:00:00,34.01895143452829
2012-05-28 03:00:00,17.216393643257582
2012-05-28 04:00:00,9.668340868010068
2012-05-28 05:00:00,22.949508404930533
2012-05-28 06:00:00,60.504502183617625
2012-05-28 07:00:00,150.41159197724477
2012-05-28 08:00:00,317.3425320035527
2012-05-28 09:00:00,301.87211620174355
2012-05-28 10:00:00,355.63660756498473
2012-05-28 11:00:00,448.5540630868303
2012-05-28 12:00:00,501.86153444471074
2012-05-28 13:00:00,355.3663108981597
2012-05-28 14:00:00,362.95739746555137
2012-05-28 15:00:00,377.4029263989794
2012-05-28 16:00:00,516.3058564270751
2012-05-28 17:00:00,615.5459323009417
2012-05-28 18:00:00,592.7858793562875
2012-05-28 19:00:00,477.43914744168296
2012-05-28 20:00:00,409.65313535043646
2012-05-28 21:00:00,318.9575566962054
2012-05-28 22:00:00,296.02579787416147
2012-05-28 23:00:00,159.82843686641814
2012-05-29 00:00:00,41.26929480679045
2012-05-29 01:00:00,18.867650280418637
2012-05-29 02:00:00,9.510511414942934
2012-05-29 03:00:00,6.412552307891204
2012-05-29 04:00:00,7.313808244141223
2012-05-29 05:00:00,37.08491482869266
2012-05-29 06:00:00,166.81793835557372
2012-05-29 07:00:00,468.405447811967
2012-05-29 08:00:00,674.8421118345051
2012-05-29 09:00:00,358.6946275433329
2012-05-29 10:00:00,186.45339069457648
2012-05-29 11:00:00,203.06467042135165
2012-05-29 12:00:00,257.2619445523785
2012-05-29 13:00:00,255.91266650538515
2012-05-29 14:00:00,241.86722712635557
2012-05-29 15:00:00,245.4699084300218
2012-05-29 16:00:00,356.2405156639072
2012-05-29 17:00:00,789.3895270151843
2012-05-29 18:00:00,761.9640201479847
2012-05-29 19:00:00,580.4159496461165
2012-05-29 20:00:00,235.88898917405626
2012-05-29 21:00:00,108.33081497810493
2012-05-29 22:00:00,147.7213806585859
2012-05-29 23:00:00,40.92726736705609
2012-05-30 00:00:00,30.692437254623922
2012-05-30 01:00:00,13.78483391515523
2012-05-30 02:00:00,6.564109360391131
2012-05-30 03:00:00,5.79242345050389
2012-05-30 04:00:00,7.1643839850752995
2012-05-30 05:00:00,38.4635958668242
2012-05-30 06:00:00,170.97166388839193
2012-05-30 07:00:00,212.4563272261574
2012-05-30 08:00:00,668.4121067223109
2012-05-30 09:00:00,350.21413709211055
2012-05-30 10:00:00,205.58424302089279
2012-05-30 11:00:00,223.26848811523604
2012-05-30 12:00:00,301.4434778797385
2012-05-30 13:00:00,295.8521146109385
2012-05-30 14:00:00,279.229226821604
2012-05-30 15:00:00,292.7583948757263
2012-05-30 16:00:00,438.57512621602393
2012-05-30 17:00:00,827.8676986227397
2012-05-30 18:00:00,832.5595633907643
2012-05-30 19:00:00,606.6922286064838
2012-05-30 20:00:00,351.83770470075973
2012-05-30 21:00:00,334.0406842405103
2012-05-30 22:00:00,236.7897045995454
2012-05-30 23:00:00,151.09673681593958
2012-05-31 00:00:00,64.05301266328738
2012-05-31 01:00:00,25.1019055794956
2012-05-31 02:00:00,13.328532728467403
2012-05-31 03:00:00,7.965064027428504
2012-05-31 04:00:00,8.166462099168623
2012-05-31 05:00:00,38.16177425291183
2012-05-31 06:00:00,176.8069788434243
2012-05-31 07:00:00,410.6272007323679
2012-05-31 08:00:00,694.9231147836266
2012-05-31 09:00:00,371.701858645746
2012-05-31 10:00:00,217.50414669565106
2012-05-31 11:00:00,245.93627720682272
2012-05-31 12:00:00,308.36383110137825
2012-05-31 13:00:00,304.9209467973786
2012-05-31 14:00:00,283.65268510539113
2012-05-31 15:00:00,296.2729501955775
2012-05-31 16:00:00,439.86824582127315
2012-05-31 17:00:00,839.9431272293856
2012-05-31 18:00:00,827.6749004397032
2012-05-31 19:00:00,607.8921359908135
2012-05-31 20:00:00,432.4695863981631
2012-05-31 21:00:00,345.04476857238717
2012-05-31 22:00:00,266.1595862617237
2012-05-31 23:00:00,192.82865270373023
2012-06-20 00:00:00,43.85845452982636
2012-06-20 01:00:00,19.17407768779785
2012-06-20 02:00:00,9.289283335264944
2012-06-20 03:00:00,7.0005583748883895
2012-06-20 04:00:00,7.8548283616024515
2012-06-20 05:00:00,39.976263475531574
2012-06-20 06:00:00,157.83211676632732
2012-06-20 07:00:00,453.999729209502
2012-06-20 08:00:00,733.7079546673172
2012-06-20 09:00:00,335.1923101167776
2012-06-20 10:00:00,191.5181602408885
2012-06-20 11:00:00,203.67773477167225
2012-06-20 12:00:00,250.7818598905603
2012-06-20 13:00:00,250.13169522632208
2012-06-20 14:00:00,228.73037876911215
2012-06-20 15:00:00,237.7696581291279
2012-06-20 16:00:00,353.19801672236053
2012-06-20 17:00:00,727.5095706739224
2012-06-20 18:00:00,721.2394715286518
2012-06-20 19:00:00,555.9544439110703
2012-06-20 20:00:00,405.16627862380705
2012-06-20 21:00:00,328.0407779927087
2012-06-20 22:00:00,250.6866585448542
2012-06-20 23:00:00,155.6361125711407
2012-06-21 00:00:00,58.36136736263829
2012-06-21 01:00:00,23.054424901657857
2012-06-21 02:00:00,12.69671440412901
2012-06-21 03:00:00,7.537170133056931
2012-06-21 04:00:00,8.198939021525316
2012-06-21 05:00:00,38.97002916982454
2012-06-21 06:00:00,166.44602153950214
2012-06-21 07:00:00,490.342001006629
2012-06-21 08:00:00,610.0114153322288
2012-06-21 09:00:00,319.01918301961024
2012-06-21 10:00:00,180.04713379978242
2012-06-21 11:00:00,206.9285074528932
2012-06-21 12:00:00,242.6030964814858
2012-06-21 13:00:00,236.62074957190467
2012-06-21 14:00:00,229.56280587246053
2012-06-21 15:00:00,222.99071853115294
2012-06-21 16:00:00,353.3158176315498
2012-06-21 17:00:00,727.0998296579268
2012-06-21 18:00:00,759.8828005416082
2012-06-21 19:00:00,548.899237773166
2012-06-21 20:00:00,403.1371553688895
2012-06-21 21:00:00,335.58628829084756
2012-06-21 22:00:00,252.97326992863083
2012-06-21 23:00:00,179.94741146916593
2012-06-22 00:00:00,74.50944074232089
2012-06-22 01:00:00,34.416252071393174
2012-06-22 02:00:00,16.469349336739015
2012-06-22 03:00:00,9.072686599846138
2012-06-22 04:00:00,8.564705260790163
2012-06-22 05:00:00,37.66787396083365
2012-06-22 06:00:00,165.46800954679918
2012-06-22 07:00:00,435.05937150010953
2012-06-22 08:00:00,624.6694641380128
2012-06-22 09:00:00,339.5822195558517
2012-06-22 10:00:00,229.41066691377978
2012-06-22 11:00:00,264.3080437397732
2012-06-22 12:00:00,298.7174670658951
2012-06-22 13:00:00,281.25733272037564
2012-06-22 14:00:00,270.2130097422563
2012-06-22 15:00:00,285.4253467821064
2012-06-22 16:00:00,390.3233326251174
2012-06-22 17:00:00,770.5565629026287
2012-06-22 18:00:00,699.2263023541946
2012-06-22 19:00:00,409.9831336652806
2012-06-22 20:00:00,248.1580969961274
2012-06-22 21:00:00,161.10881452052348
2012-06-22 22:00:00,230.29107525302595
2012-06-22 23:00:00,176.96026049074695
2012-06-23 00:00:00,167.5618054125688
2012-06-23 01:00:00,127.1917358248492
2012-06-23 02:00:00,65.33647773775664
2012-06-23 03:00:00,30.264570567517605
2012-06-23 04:00:00,12.249307739179002
2012-06-23 05:00:00,12.887794149957298
2012-06-23 06:00:00,38.968519092739164
2012-06-23 07:00:00,73.31262210465934
2012-06-23 08:00:00,216.00934550191928
2012-06-23 09:00:00,297.21284217518786
2012-06-23 10:00:00,441.24715770667984
2012-06-23 11:00:00,536.3420091357407
2012-06-23 12:00:00,585.8141687285363
2012-06-23 13:00:00,583.7793451014305
2012-06-23 14:00:00,618.0597871312226
2012-06-23 15:00:00,571.01807372415
2012-06-23 16:00:00,631.6584264249099
2012-06-23 17:00:00,568.4484184706491
2012-06-23 18:00:00,505.31517425364814
2012-06-23 19:00:00,434.5010844957282
2012-06-23 20:00:00,374.86849047812547
2012-06-23 21:00:00,308.2578890826917
2012-06-23 22:00:00,265.428361136301
2012-06-23 23:00:00,216.42700982527998
2012-06-24 00:00:00,156.93855159937542
2012-06-24 01:00:00,133.30350634932827
2012-06-24 02:00:00,85.39853507023973
2012-06-24 03:00:00,44.86408439730946
2012-06-24 04:00:00,14.179025153438154
2012-06-24 05:00:00,14.12344981633871
2012-06-24 06:00:00,23.730971094500116
2012-06-24 07:00:00,81.72814063907593
2012-06-24 08:00:00,148.4913486071902
2012-06-24 09:00:00,256.4085898223812
2012-06-24 10:00:00,425.16254205383603
2012-06-24 11:00:00,508.78741078491726
2012-06-24 12:00:00,538.7300585734482
2012-06-24 13:00:00,531.5867529680004
2012-06-24 14:00:00,520.923501271349
2012-06-24 15:00:00,503.10948895242365
2012-06-24 16:00:00,544.9597712550618
2012-06-24 17:00:00,518.1975756967443
2012-06-24 18:00:00,498.93580327814607
2012-06-24 19:00:00,395.3164088271047
2012-06-24 20:00:00,324.7416090738289
2012-06-24 21:00:00,240.4107871467225
2012-06-24 22:00:00,176.7252026169058
2012-06-24 23:00:00,110.04349919314024
2012-06-25 00:00:00,40.97495716915714
2012-06-25 01:00:00,18.19767891062437
2012-06-25 02:00:00,10.180576341630985
2012-06-25 03:00:00,6.962315074387114
2012-06-25 04:00:00,8.178494731381617
2012-06-25 05:00:00,39.10597367998496
2012-06-25 06:00:00,166.9691405465477
2012-06-25 07:00:00,432.3509507810558
2012-06-25 08:00:00,592.6430523106632
2012-06-25 09:00:00,336.2187389921057
2012-06-25 10:00:00,194.82199657828207
2012-06-25 11:00:00,219.9427267074958
2012-06-25 12:00:00,263.22659740286934
2012-06-25 13:00:00,279.1741255526718
2012-06-25 14:00:00,263.8091674257491
2012-06-25 15:00:00,276.6194238464764
2012-06-25 16:00:00,401.5034427775675
2012-06-25 17:00:00,797.292951843816
2012-06-25 18:00:00,787.886751459177
2012-06-25 19:00:00,567.2627165054994
2012-06-25 20:00:00,392.77945652376957
2012-06-25 21:00:00,299.6873862962092
2012-06-25 22:00:00,204.51012147268938
2012-06-25 23:00:00,117.694409759043
2012-06-26 00:00:00,38.13481626125849
2012-06-26 01:00:00,16.293405973933265
2012-06-26 02:00:00,10.071797169064373
2012-06-26 03:00:00,7.069363216187436
2012-06-26 04:00:00,8.118271254015214
2012-06-26 05:00:00,40.59757270136683
2012-06-26 06:00:00,170.77669112522094
2012-06-26 07:00:00,384.9156109380842
2012-06-26 08:00:00,563.0655024643454
2012-06-26 09:00:00,335.26028428699215
2012-06-26 10:00:00,208.03435853787224
2012-06-26 11:00:00,230.54550528248564
2012-06-26 12:00:00,290.8326947603377
2012-06-26 13:00:00,286.1347782006445
2012-06-26 14:00:00,277.1113805220099
2012-06-26 15:00:00,281.23903353850653
2012-06-26 16:00:00,418.2825635559511
2012-06-26 17:00:00,801.3640291038851
2012-06-26 18:00:00,799.3011274111118
2012-06-26 19:00:00,587.801580670728
2012-06-26 20:00:00,424.61844515721754
2012-06-26 21:00:00,331.4597514571992
2012-06-26 22:00:00,245.26672618254443
2012-06-26 23:00:00,127.88548242867873
2012-06-27 00:00:00,47.82346442948781
2012-06-27 01:00:00,19.840482108723197
2012-06-27 02:00:00,10.053697194690635
2012-06-27 03:00:00,7.817963582105643
2012-06-27 04:00:00,8.094935093014906
2012-06-27 05:00:00,41.88289992706647
2012-06-27 06:00:00,184.32367675584896
2012-06-27 07:00:00,435.87026521685567
2012-06-27 08:00:00,639.0430309655798
2012-06-27 09:00:00,350.51336267112947
2012-06-27 10:00:00,211.60730827978995
2012-06-27 11:00:00,235.2840297611781
2012-06-27 12:00:00,295.0582588750738
2012-06-27 13:00:00,280.9943700725364
2012-06-27 14:00:00,283.5021358410007
2012-06-27 15:00:00,285.0772192822177
2012-06-27 16:00:00,448.52628757348907
2012-06-27 17:00:00,866.0170786335717
2012-06-27 18:00:00,792.5396056722615
2012-06-27 19:00:00,583.8543123678389
2012-06-27 20:00:00,431.9383594595087
2012-06-27 21:00:00,333.7986516812432
2012-06-27 22:00:00,255.54229102850394
2012-06-27 23:00:00,159.73321811031605
2012-06-28 00:00:00,66.4389291489237
2012-06-28 01:00:00,24.323025541586652
2012-06-28 02:00:00,13.395368137057865
2012-06-28 03:00:00,8.101620429392126
2012-06-28 04:00:00,8.622296350983499
2012-06-28 05:00:00,40.84988736228044
2012-06-28 06:00:00,185.76373490826762
2012-06-28 07:00:00,428.9694314795978
2012-06-28 08:00:00,648.6574982901345
2012-06-28 09:00:00,351.42738913054615
2012-06-28 10:00:00,206.48487393879066
2012-06-28 11:00:00,227.71754594026723
2012-06-28 12:00:00,293.4546080815557
2012-06-28 13:00:00,286.6057132021533
2012-06-28 14:00:00,280.96215579607866
2012-06-28 15:00:00,285.14716720812703
2012-06-28 16:00:00,406.15835133076695
2012-06-28 17:00:00,782.0727109442155
2012-06-28 18:00:00,803.9099885380253
2012-06-28 19:00:00,589.5271104186374
2012-06-28 20:00:00,425.2594106333663
2012-06-28 21:00:00,338.58611160917536
2012-06-28 22:00:00,266.70433435743695
2012-06-28 23:00:00,189.73092914809885
2012-06-29 00:00:00,84.58597059142207
2012-06-29 01:00:00,36.47300746559054
2012-06-29 02:00:00,17.16562706273155
2012-06-29 03:00:00,9.522643238986978
2012-06-29 04:00:00,8.90632090168657
2012-06-29 05:00:00,40.36127725421494
2012-06-29 06:00:00,174.9789429851724
2012-06-29 07:00:00,448.82795456791825
2012-06-29 08:00:00,648.996215612074
2012-06-29 09:00:00,345.42334013274774
2012-06-29 10:00:00,191.00390866407582
2012-06-29 11:00:00,221.34599720183928
2012-06-29 12:00:00,277.5515342121417
2012-06-29 13:00:00,236.37069136280422
2012-06-29 14:00:00,228.7958045352096
2012-06-29 15:00:00,216.57027627374134
2012-06-29 16:00:00,302.6956366044613
2012-06-29 17:00:00,545.5482243652092
2012-06-29 18:00:00,508.1964503210949
2012-06-29 19:00:00,418.33671555593224
2012-06-29 20:00:00,303.9319165289616
2012-06-29 21:00:00,250.00518092638134
2012-06-29 22:00:00,113.35406872948994
2012-06-29 23:00:00,118.71628285019332
2012-06-30 00:00:00,117.0035419034723
2012-06-30 01:00:00,88.99560616226536
2012-06-30 02:00:00,67.71418193140984
2012-06-30 03:00:00,31.76668030492508
2012-06-30 04:00:00,12.26025922945331
2012-06-30 05:00:00,13.774626214663169
2012-06-30 06:00:00,36.67769462024699
2012-06-30 07:00:00,73.23357647965996
2012-06-30 08:00:00,196.66509779258172
2012-06-30 09:00:00,260.4799931873221
2012-06-30 10:00:00,420.02418886248984
2012-06-30 11:00:00,501.0104357394383
2012-06-30 12:00:00,566.4655552082527
2012-06-30 13:00:00,564.4979389278526
2012-06-30 14:00:00,545.1562770784218
2012-06-30 15:00:00,537.769251838258
2012-06-30 16:00:00,521.7410827261739
2012-06-30 17:00:00,494.8580977926831
2012-06-30 18:00:00,451.68976559060104
2012-06-30 19:00:00,444.7997039764418
2012-06-30 20:00:00,367.74889704623513
2012-06-30 21:00:00,303.611005393501
2012-06-30 22:00:00,257.87746424409704
2012-06-30 23:00:00,209.740778864726
2012-07-20 00:00:00,52.13955733254515
2012-07-20 01:00:00,30.733942572106727
2012-07-20 02:00:00,14.208091655514746
2012-07-20 03:00:00,8.813940730486278
2012-07-20 04:00:00,8.946376858574247
2012-07-20 05:00:00,38.61851740488411
2012-07-20 06:00:00,166.74602408167968
2012-07-20 07:00:00,462.10523665721774
2012-07-20 08:00:00,723.4312507765496
2012-07-20 09:00:00,347.78160846643004
2012-07-20 10:00:00,217.4922847104286
2012-07-20 11:00:00,216.4003691488291
2012-07-20 12:00:00,193.0802462203511
2012-07-20 13:00:00,185.1463061634399
2012-07-20 14:00:00,192.81323312177165
2012-07-20 15:00:00,257.7372089786788
2012-07-20 16:00:00,288.23161139424906
2012-07-20 17:00:00,457.1144947795556
2012-07-20 18:00:00,441.7423792096853
2012-07-20 19:00:00,284.6721363099412
2012-07-20 20:00:00,107.2643344239156
2012-07-20 21:00:00,89.70483173684626
2012-07-20 22:00:00,167.21667692141878
2012-07-20 23:00:00,128.77914606165842
2012-07-21 00:00:00,106.34834529617628
2012-07-21 01:00:00,109.37367116244076
2012-07-21 02:00:00,53.56448347670164
2012-07-21 03:00:00,25.55904375437062
2012-07-21 04:00:00,9.979580938887379
2012-07-21 05:00:00,11.204423574629619
2012-07-21 06:00:00,27.604001844770096
2012-07-21 07:00:00,62.61104465496508
2012-07-21 08:00:00,160.68532408424468
2012-07-21 09:00:00,227.4947370183923
2012-07-21 10:00:00,137.17893077969862
2012-07-21 11:00:00,324.865729913813
2012-07-21 12:00:00,191.982654015566
2012-07-21 13:00:00,204.04027735483987
2012-07-21 14:00:00,331.83493046107407
2012-07-21 15:00:00,177.27940932926452
2012-07-21 16:00:00,224.60425496957265
2012-07-21 17:00:00,194.2188389972749
2012-07-21 18:00:00,272.7198847936626
2012-07-21 19:00:00,281.034366607897
2012-07-21 20:00:00,132.04407922714753
2012-07-21 21:00:00,176.16001456009187
2012-07-21 22:00:00,164.81476227358615
2012-07-21 23:00:00,138.68523023838054
2012-07-22 00:00:00,136.212880615056
2012-07-22 01:00:00,121.49629225447887
2012-07-22 02:00:00,73.39713502749558
2012-07-22 03:00:00,40.830838737213945
2012-07-22 04:00:00,13.801324840654
2012-07-22 05:00:00,14.203527604656186
2012-07-22 06:00:00,22.819766311806063
2012-07-22 07:00:00,49.56044719146746
2012-07-22 08:00:00,116.08034935599514
2012-07-22 09:00:00,262.5212935462471
2012-07-22 10:00:00,347.2556506769202
2012-07-22 11:00:00,396.98664444728615
2012-07-22 12:00:00,459.08179555966416
2012-07-22 13:00:00,489.6221944122183
2012-07-22 14:00:00,512.8607497897385
2012-07-22 15:00:00,508.60598802782084
2012-07-22 16:00:00,524.3116781014967
2012-07-22 17:00:00,462.5588954117319
2012-07-22 18:00:00,431.4933077845098
2012-07-22 19:00:00,353.1019208304976
2012-07-22 20:00:00,285.72966571628507
2012-07-22 21:00:00,209.25896919708464
2012-07-22 22:00:00,159.6892423088683
2012-07-22 23:00:00,113.6478649663993
2012-07-23 00:00:00,44.878545871337565
2012-07-23 01:00:00,17.903008326784732
2012-07-23 02:00:00,9.596760983080785
2012-07-23 03:00:00,6.6126006481397885
2012-07-23 04:00:00,7.856980691653227
2012-07-23 05:00:00,37.05558058344845
2012-07-23 06:00:00,159.13953236281176
2012-07-23 07:00:00,486.34431558535493
2012-07-23 08:00:00,647.0071329361342
2012-07-23 09:00:00,320.2677824444289
2012-07-23 10:00:00,195.3236855872242
2012-07-23 11:00:00,221.0807861717435
2012-07-23 12:00:00,277.82206566152854
2012-07-23 13:00:00,270.49744539293334
2012-07-23 14:00:00,257.2545675187166
2012-07-23 15:00:00,264.7196451980661
2012-07-23 16:00:00,392.5536370808966
2012-07-23 17:00:00,772.2726720222139
2012-07-23 18:00:00,765.037693568025
2012-07-23 19:00:00,569.2933258652702
2012-07-23 20:00:00,390.6638202939919
2012-07-23 21:00:00,300.8653555040739
2012-07-23 22:00:00,202.62373486944708
2012-07-23 23:00:00,119.62919129655235
2012-07-24 00:00:00,45.76846476182679
2012-07-24 01:00:00,18.738313050930028
2012-07-24 02:00:00,9.511869870624862
2012-07-24 03:00:00,6.885114132473451
2012-07-24 04:00:00,8.147281938601857
2012-07-24 05:00:00,39.179481642273885
2012-07-24 06:00:00,165.62377777493182
2012-07-24 07:00:00,433.4233848884278
2012-07-24 08:00:00,580.6915880867592
2012-07-24 09:00:00,286.7357376330388
2012-07-24 10:00:00,183.13394371893676
2012-07-24 11:00:00,191.74889296862847
2012-07-24 12:00:00,251.44274325023576
2012-07-24 13:00:00,237.14867272340015
2012-07-24 14:00:00,240.1355601367423
2012-07-24 15:00:00,264.62119557457515
2012-07-24 16:00:00,391.6893311419952
2012-07-24 17:00:00,775.7054869583918
2012-07-24 18:00:00,756.0903290991768
2012-07-24 19:00:00,570.0986438113142
2012-07-24 20:00:00,398.1758857191978
2012-07-24 21:00:00,312.52663912739956
2012-07-24 22:00:00,220.51957904133363
2012-07-24 23:00:00,131.3998382333553
2012-07-25 00:00:00,42.57462658657339
2012-07-25 01:00:00,19.80532868556833
2012-07-25 02:00:00,10.041650430208128
2012-07-25 03:00:00,7.07943444700025
2012-07-25 04:00:00,7.889970904026858
2012-07-25 05:00:00,40.00813497579331
2012-07-25 06:00:00,172.23577290370008
2012-07-25 07:00:00,431.04416261105706
2012-07-25 08:00:00,610.9489598474267
2012-07-25 09:00:00,349.44046847564937
2012-07-25 10:00:00,206.09591813571592
2012-07-25 11:00:00,232.5998116588552
2012-07-25 12:00:00,298.25165774733404
2012-07-25 13:00:00,292.29106653017044
2012-07-25 14:00:00,265.1214556334156
2012-07-25 15:00:00,283.1817803474012
2012-07-25 16:00:00,416.87427804705675
2012-07-25 17:00:00,796.7166776765076
2012-07-25 18:00:00,793.5500465763873
2012-07-25 19:00:00,595.5752336025043
2012-07-25 20:00:00,429.99704374088697
2012-07-25 21:00:00,330.9814208982546
2012-07-25 22:00:00,241.5436285039944
2012-07-25 23:00:00,164.82825103833082
2012-07-26 00:00:00,60.545437157799824
2012-07-26 01:00:00,22.581687677073337
2012-07-26 02:00:00,12.023846670118418
2012-07-26 03:00:00,7.622945274297065
2012-07-26 04:00:00,8.394715129629516
2012-07-26 05:00:00,39.83776861676711
2012-07-26 06:00:00,172.6964736808787
2012-07-26 07:00:00,456.5238777885465
2012-07-26 08:00:00,666.983674502249
2012-07-26 09:00:00,332.52638985265696
2012-07-26 10:00:00,199.44529890007266
2012-07-26 11:00:00,210.13041221265536
2012-07-26 12:00:00,252.3012271009248
2012-07-26 13:00:00,234.01235758895774
2012-07-26 14:00:00,211.54919398310147
2012-07-26 15:00:00,220.1489130979884
2012-07-26 16:00:00,272.8592168797016
2012-07-26 17:00:00,678.2430875793376
2012-07-26 18:00:00,673.8432386142905
2012-07-26 19:00:00,509.51696791315555
2012-07-26 20:00:00,398.72297039674373
2012-07-26 21:00:00,300.3221490979531
2012-07-26 22:00:00,235.69513817254966
2012-07-26 23:00:00,177.82099079202794
2012-07-27 00:00:00,83.70576153388387
2012-07-27 01:00:00,34.12456256562641
2012-07-27 02:00:00,16.62374071755253
2012-07-27 03:00:00,9.202165818753247
2012-07-27 04:00:00,8.859995877130466
2012-07-27 05:00:00,38.561398932414455
2012-07-27 06:00:00,159.99247402225606
2012-07-27 07:00:00,419.6508023679963
2012-07-27 08:00:00,604.1301949268166
2012-07-27 09:00:00,328.8925051071112
2012-07-27 10:00:00,221.53194651868782
2012-07-27 11:00:00,259.51728976334874
2012-07-27 12:00:00,292.6127897778275
2012-07-27 13:00:00,324.91687437635846
2012-07-27 14:00:00,288.4514748097579
2012-07-27 15:00:00,296.58384628278196
2012-07-27 16:00:00,444.36758011571936
2012-07-27 17:00:00,764.3561384708856
2012-07-27 18:00:00,713.5142966973924
2012-07-27 19:00:00,496.08574377816956
2012-07-27 20:00:00,343.0235426811067
2012-07-27 21:00:00,274.7741968950061
2012-07-27 22:00:00,230.80705133931204
2012-07-27 23:00:00,202.02979437383118
2012-07-28 00:00:00,173.701827185846
2012-07-28 01:00:00,117.94055849554113
2012-07-28 02:00:00,67.0237034327862
2012-07-28 03:00:00,30.864446418713126
2012-07-28 04:00:00,12.797418254553774
2012-07-28 05:00:00,15.413816426090213
2012-07-28 06:00:00,37.087702487837966
2012-07-28 07:00:00,106.90619205835274
2012-07-28 08:00:00,208.04253864030102
2012-07-28 09:00:00,289.9607752825913
2012-07-28 10:00:00,419.2622756019263
2012-07-28 11:00:00,514.5295522227857
2012-07-28 12:00:00,570.22841024918
2012-07-28 13:00:00,505.32058304813694
2012-07-28 14:00:00,543.0296577077343
2012-07-28 15:00:00,528.2272202143921
2012-07-28 16:00:00,588.6613465289669
2012-07-28 17:00:00,525.771967115833
2012-07-28 18:00:00,493.01877114843137
2012-07-28 19:00:00,341.26841797447236
2012-07-28 20:00:00,277.1527799790643
2012-07-28 21:00:00,262.1971286539691
2012-07-28 22:00:00,238.76849258098397
2012-07-28 23:00:00,200.96962142110414
2012-07-29 00:00:00,181.00248371693777
2012-07-29 01:00:00,138.86426877634193
2012-07-29 02:00:00,86.73021498059478
2012-07-29 03:00:00,43.74523094974981
2012-07-29 04:00:00,12.550010978289842
2012-07-29 05:00:00,14.577107019245547
2012-07-29 06:00:00,23.955411384250517
2012-07-29 07:00:00,69.57039125854413
2012-07-29 08:00:00,125.69823578626458
2012-07-29 09:00:00,242.76748346082002
2012-07-29 10:00:00,410.8381047289034
2012-07-29 11:00:00,473.5950067931362
2012-07-29 12:00:00,520.4511688498162
2012-07-29 13:00:00,505.87985328093987
2012-07-29 14:00:00,504.65459601597905
2012-07-29 15:00:00,505.89563058544314
2012-07-29 16:00:00,522.8305339304969
2012-07-29 17:00:00,492.02941134720993
2012-07-29 18:00:00,486.07372148031925
2012-07-29 19:00:00,387.46549309224275
2012-07-29 20:00:00,284.35972681725826
2012-07-29 21:00:00,211.98257391631205
2012-07-29 22:00:00,154.30270596663004
2012-07-29 23:00:00,101.64649140254181
2012-07-30 00:00:00,45.59631836980271
2012-07-30 01:00:00,17.18384343232153
2012-07-30 02:00:00,10.488347675257895
2012-07-30 03:00:00,6.903177973998926
2012-07-30 04:00:00,8.029306392355755
2012-07-30 05:00:00,39.179481642273885
2012-07-30 06:00:00,165.02396598201253
2012-07-30 07:00:00,484.99172278613133
2012-07-30 08:00:00,634.6232715603868
2012-07-30 09:00:00,317.45185084037223
2012-07-30 10:00:00,190.06493382369774
2012-07-30 11:00:00,219.5486144086566
2012-07-30 12:00:00,270.9967707732059
2012-07-30 13:00:00,275.2213041634558
2012-07-30 14:00:00,254.55698551523938
2012-07-30 15:00:00,264.67452641991395
2012-07-30 16:00:00,393.3678765471483
2012-07-30 17:00:00,770.2192299365968
2012-07-30 18:00:00,748.2769088854213
2012-07-30 19:00:00,578.434608419349
2012-07-30 20:00:00,379.08943203104326
2012-07-30 21:00:00,293.38170063521
2012-07-30 22:00:00,174.75954767816577
2012-07-30 23:00:00,117.10694003155527
2012-07-31 00:00:00,43.80028968774297
2012-07-31 01:00:00,18.052834571747546
2012-07-31 02:00:00,9.511869870624862
2012-07-31 03:00:00,6.959603393752916
2012-07-31 04:00:00,8.147281938601857
2012-07-31 05:00:00,38.76014012527522
2012-07-31 06:00:00,162.01391078060186
2012-07-31 07:00:00,472.2871626525845
2012-07-31 08:00:00,679.1281241874021
2012-07-31 09:00:00,334.91712225801217
2012-07-31 10:00:00,193.22865729197846
2012-07-31 11:00:00,216.37132873921175
2012-07-31 12:00:00,277.0750461366273
2012-07-31 13:00:00,269.22766072069226
2012-07-31 14:00:00,260.73743711331304
2012-07-31 15:00:00,271.14686673867175
2012-07-31 16:00:00,400.6138752534316
2012-07-31 17:00:00,787.4050809408836
2012-07-31 18:00:00,777.8379815469414
2012-07-31 19:00:00,457.9105340079445
2012-07-31 20:00:00,333.0176986489921
2012-07-31 21:00:00,275.7128114126579
2012-07-31 22:00:00,214.75966186751225
2012-07-31 23:00:00,106.9453477642744
2012-08-20 00:00:00,33.83762845785765
2012-08-20 01:00:00,15.908749153835464
2012-08-20 02:00:00,8.817641648220002
2012-08-20 03:00:00,6.334242211612159
2012-08-20 04:00:00,7.1928658261313645
2012-08-20 05:00:00,33.33958136850481
2012-08-20 06:00:00,161.90712593568355
2012-08-20 07:00:00,445.57823040828754
2012-08-20 08:00:00,602.0802801268792
2012-08-20 09:00:00,322.34780862818764
2012-08-20 10:00:00,202.7987104439456
2012-08-20 11:00:00,213.84306393172395
2012-08-20 12:00:00,276.37012370993074
2012-08-20 13:00:00,279.99367392494383
2012-08-20 14:00:00,265.4619866256204
2012-08-20 15:00:00,278.726358819853
2012-08-20 16:00:00,415.94493001800106
2012-08-20 17:00:00,767.8627213687181
2012-08-20 18:00:00,514.128864067717
2012-08-20 19:00:00,410.7995948983743
2012-08-20 20:00:00,185.10486245968994
2012-08-20 21:00:00,209.55520282482766
2012-08-20 22:00:00,127.91142524149716
2012-08-20 23:00:00,70.01610562994632
2012-08-21 00:00:00,34.16347754527819
2012-08-21 01:00:00,15.27370738270013
2012-08-21 02:00:00,8.203019220148109
2012-08-21 03:00:00,6.291444629221212
2012-08-21 04:00:00,7.365099747117492
2012-08-21 05:00:00,36.42598027556596
2012-08-21 06:00:00,155.6498104211005
2012-08-21 07:00:00,455.3132146274813
2012-08-21 08:00:00,612.4374748769229
2012-08-21 09:00:00,335.8587648485439
2012-08-21 10:00:00,197.51017336523017
2012-08-21 11:00:00,228.09574694094528
2012-08-21 12:00:00,288.413070030171
2012-08-21 13:00:00,293.79134004251716
2012-08-21 14:00:00,271.3741772240871
2012-08-21 15:00:00,288.7146656866165
2012-08-21 16:00:00,430.8505371456695
2012-08-21 17:00:00,800.0294965494468
2012-08-21 18:00:00,807.6472791328295
2012-08-21 19:00:00,353.2491377774471
2012-08-21 20:00:00,371.2795946514597
2012-08-21 21:00:00,290.2010526294211
2012-08-21 22:00:00,191.94320393535048
2012-08-21 23:00:00,102.88762904578502
2012-08-22 00:00:00,42.43534054481004
2012-08-22 01:00:00,18.749578542039018
2012-08-22 02:00:00,9.506366514890507
2012-08-22 03:00:00,7.309985741112365
2012-08-22 04:00:00,7.380772224111472
2012-08-22 05:00:00,40.74197931477899
2012-08-22 06:00:00,176.16190764870544
2012-08-22 07:00:00,481.8591782059122
2012-08-22 08:00:00,632.1835812753376
2012-08-22 09:00:00,358.9015404280933
2012-08-22 10:00:00,204.66390189307054
2012-08-22 11:00:00,228.14778353831406
2012-08-22 12:00:00,297.1124676885277
2012-08-22 13:00:00,286.1600316150412
2012-08-22 14:00:00,268.45496586588695
2012-08-22 15:00:00,285.0080475721772
2012-08-22 16:00:00,423.9088941460404
2012-08-22 17:00:00,763.4725903455893
2012-08-22 18:00:00,747.7021477914819
2012-08-22 19:00:00,533.7286918083549
2012-08-22 20:00:00,385.59840923655736
2012-08-22 21:00:00,298.4858001972551
2012-08-22 22:00:00,228.8123100909393
2012-08-22 23:00:00,129.56602528801807
2012-08-23 00:00:00,63.472453374010605
2012-08-23 01:00:00,20.493887460713736
2012-08-23 02:00:00,10.314147074677335
2012-08-23 03:00:00,7.1104412080317765
2012-08-23 04:00:00,7.728466440004871
2012-08-23 05:00:00,36.27001843165838
2012-08-23 06:00:00,147.99269165493098
2012-08-23 07:00:00,422.9165006438022
2012-08-23 08:00:00,676.8754192627268
2012-08-23 09:00:00,324.4857950762499
2012-08-23 10:00:00,200.5590849885699
2012-08-23 11:00:00,230.05268373870726
2012-08-23 12:00:00,292.25855592741874
2012-08-23 13:00:00,285.402311145185
2012-08-23 14:00:00,270.44231978852343
2012-08-23 15:00:00,283.10589499116867
2012-08-23 16:00:00,428.5311761766748
2012-08-23 17:00:00,817.8759870123785
2012-08-23 18:00:00,819.0476388425336
2012-08-23 19:00:00,592.0455893929325
2012-08-23 20:00:00,415.65284990746153
2012-08-23 21:00:00,331.0632494946355
2012-08-23 22:00:00,218.38876782010163
2012-08-23 23:00:00,160.44132427632073
2012-08-24 00:00:00,80.49838015165594
2012-08-24 01:00:00,32.82542082826211
2012-08-24 02:00:00,16.940552386711754
2012-08-24 03:00:00,9.202175889164756
2012-08-24 04:00:00,8.684097349076707
2012-08-24 05:00:00,38.70525704453953
2012-08-24 06:00:00,145.93330352470213
2012-08-24 07:00:00,464.54884113854956
2012-08-24 08:00:00,678.2396742139717
2012-08-24 09:00:00,349.4588092367473
2012-08-24 10:00:00,233.95210319100715
2012-08-24 11:00:00,263.78329417951915
2012-08-24 12:00:00,334.18925973586306
2012-08-24 13:00:00,330.4894930338307
2012-08-24 14:00:00,320.0142494780271
2012-08-24 15:00:00,331.24506834762764
2012-08-24 16:00:00,454.4758603298618
2012-08-24 17:00:00,790.6482613002424
2012-08-24 18:00:00,699.9741032708951
2012-08-24 19:00:00,493.80854935508955
2012-08-24 20:00:00,330.9219671237576
2012-08-24 21:00:00,260.90967870469177
2012-08-24 22:00:00,204.8958518510672
2012-08-24 23:00:00,180.43749212352242
2012-08-25 00:00:00,175.17785764050996
2012-08-25 01:00:00,118.39261508607765
2012-08-25 02:00:00,69.32769250378567
2012-08-25 03:00:00,32.21288134527619
2012-08-25 04:00:00,12.409948426738366
2012-08-25 05:00:00,13.130580819351083
2012-08-25 06:00:00,36.052830708442464
2012-08-25 07:00:00,68.98266285607599
2012-08-25 08:00:00,187.51020961074744
2012-08-25 09:00:00,284.4443666121137
2012-08-25 10:00:00,415.34204412173335
2012-08-25 11:00:00,485.3158398290352
2012-08-25 12:00:00,457.9942075251761
2012-08-25 13:00:00,566.0402284455914
2012-08-25 14:00:00,445.52733018408134
2012-08-25 15:00:00,430.12172595749837
2012-08-25 16:00:00,513.9710871655444
2012-08-25 17:00:00,429.6273213262264
2012-08-25 18:00:00,412.13533299513784
2012-08-25 19:00:00,295.47405803995326
2012-08-25 20:00:00,144.0249021671112
2012-08-25 21:00:00,219.86159965951867
2012-08-25 22:00:00,202.11267795294884
2012-08-25 23:00:00,143.97079722073363
2012-08-26 00:00:00,157.07779981977728
2012-08-26 01:00:00,126.7411341520418
2012-08-26 02:00:00,81.6278550764349
2012-08-26 03:00:00,45.67399958450605
2012-08-26 04:00:00,12.463848685348564
2012-08-26 05:00:00,12.84719937299408
2012-08-26 06:00:00,21.389043675396962
2012-08-26 07:00:00,46.697115274231734
2012-08-26 08:00:00,99.20447244387027
2012-08-26 09:00:00,203.2847950862839
2012-08-26 10:00:00,406.205623738293
2012-08-26 11:00:00,472.7713098055742
2012-08-26 12:00:00,334.006451763242
2012-08-26 13:00:00,247.906881994092
2012-08-26 14:00:00,346.8833006617801
2012-08-26 15:00:00,175.5724472154712
2012-08-26 16:00:00,216.36552515405268
2012-08-26 17:00:00,323.62620335596716
2012-08-26 18:00:00,236.62190467732384
2012-08-26 19:00:00,249.1157659581752
2012-08-26 20:00:00,192.63278132712324
2012-08-26 21:00:00,169.94710689551295
2012-08-26 22:00:00,127.96652293430378
2012-08-26 23:00:00,84.49382574774843
2012-08-27 00:00:00,38.34859321916134
2012-08-27 01:00:00,15.901324537659063
2012-08-27 02:00:00,8.720582205734102
2012-08-27 03:00:00,6.412605526143617
2012-08-27 04:00:00,7.674482476124132
2012-08-27 05:00:00,35.42991816010386
2012-08-27 06:00:00,149.766800525928
2012-08-27 07:00:00,433.446210903615
2012-08-27 08:00:00,568.6819325149814
2012-08-27 09:00:00,309.98634713810054
2012-08-27 10:00:00,193.66937845385786
2012-08-27 11:00:00,210.6239727116012
2012-08-27 12:00:00,279.61845461119975
2012-08-27 13:00:00,279.15820962712587
2012-08-27 14:00:00,256.16569282148373
2012-08-27 15:00:00,267.3892293717717
2012-08-27 16:00:00,397.4038512956074
2012-08-27 17:00:00,796.5042718370943
2012-08-27 18:00:00,785.2947967007356
2012-08-27 19:00:00,550.2690192360094
2012-08-27 20:00:00,388.9407787114639
2012-08-27 21:00:00,293.52192057367944
2012-08-27 22:00:00,175.1250053230734
2012-08-27 23:00:00,111.82745541159855
2012-08-28 00:00:00,40.3625521552801
2012-08-28 01:00:00,17.36018566712627
2012-08-28 02:00:00,9.087984645171334
2012-08-28 03:00:00,6.4207517638611735
2012-08-28 04:00:00,7.62234975743221
2012-08-28 05:00:00,35.247392095938615
2012-08-28 06:00:00,147.60297247225475
2012-08-28 07:00:00,410.12749072057755
2012-08-28 08:00:00,633.9024684462842
2012-08-28 09:00:00,315.57706379547744
2012-08-28 10:00:00,197.8113916473043
2012-08-28 11:00:00,218.2217900427195
2012-08-28 12:00:00,279.4003129089654
2012-08-28 13:00:00,277.6446026746249
2012-08-28 14:00:00,266.85710712306224
2012-08-28 15:00:00,275.46927495054985
2012-08-28 16:00:00,413.05511894917606
2012-08-28 17:00:00,801.6514799816234
2012-08-28 18:00:00,792.4898786061782
2012-08-28 19:00:00,588.117402614396
2012-08-28 20:00:00,411.4761323828134
2012-08-28 21:00:00,322.2626413413006
2012-08-28 22:00:00,238.09307041221544
2012-08-28 23:00:00,141.78977257120647
2012-08-29 00:00:00,45.34639795657917
2012-08-29 01:00:00,19.25917722311694
2012-08-29 02:00:00,9.564690664291824
2012-08-29 03:00:00,7.385489163419966
2012-08-29 04:00:00,8.044805029264452
2012-08-29 05:00:00,41.46933574311013
2012-08-29 06:00:00,177.36159913248053
2012-08-29 07:00:00,414.38245104198745
2012-08-29 08:00:00,636.3040567532424
2012-08-29 09:00:00,359.4173514805794
2012-08-29 10:00:00,208.28305122105044
2012-08-29 11:00:00,236.47797642200513
2012-08-29 12:00:00,292.4680165481114
2012-08-29 13:00:00,299.3714535015909
2012-08-29 14:00:00,268.11499685860827
2012-08-29 15:00:00,289.68759979743163
2012-08-29 16:00:00,439.2813809894357
2012-08-29 17:00:00,817.013059103148
2012-08-29 18:00:00,837.6422684715583
2012-08-29 19:00:00,615.1643464185812
2012-08-29 20:00:00,428.60542386206106
2012-08-29 21:00:00,329.4356595981797
2012-08-29 22:00:00,253.83301439221725
2012-08-29 23:00:00,159.62239824669342
2012-08-30 00:00:00,63.22487507984118
2012-08-30 01:00:00,23.210935498630892
2012-08-30 02:00:00,12.350852227589513
2012-08-30 03:00:00,7.812783771264785
2012-08-30 04:00:00,8.510816798510977
2012-08-30 05:00:00,40.08951205911155
2012-08-30 06:00:00,159.40172360594028
2012-08-30 07:00:00,415.1551615520183
2012-08-30 08:00:00,642.0278528468432
2012-08-30 09:00:00,350.76579571255047
2012-08-30 10:00:00,208.9804630674592
2012-08-30 11:00:00,230.2457449443901
2012-08-30 12:00:00,294.5214047621794
2012-08-30 13:00:00,289.09979533540866
2012-08-30 14:00:00,272.39234638924887
2012-08-30 15:00:00,286.0210824426672
2012-08-30 16:00:00,422.00990653911583
2012-08-30 17:00:00,804.2544994787025
2012-08-30 18:00:00,789.3626108387133
2012-08-30 19:00:00,590.2243070630174
2012-08-30 20:00:00,415.90026934038775
2012-08-30 21:00:00,325.2510108163846
2012-08-30 22:00:00,249.5142116719513
2012-08-30 23:00:00,176.34300739399959
2012-08-31 00:00:00,73.69548915590654
2012-08-31 01:00:00,29.618553045379038
2012-08-31 02:00:00,14.048437964148041
2012-08-31 03:00:00,8.448789153120124
2012-08-31 04:00:00,7.987819488075938
2012-08-31 05:00:00,34.70652815145867
2012-08-31 06:00:00,151.93228219520384
2012-08-31 07:00:00,404.5290846724548
2012-08-31 08:00:00,670.8720432792978
2012-08-31 09:00:00,350.94362659377487
2012-08-31 10:00:00,226.80610986325905
2012-08-31 11:00:00,266.6137240491523
2012-08-31 12:00:00,343.4159233562817
2012-08-31 13:00:00,318.7270074264592
2012-08-31 14:00:00,321.03662175604455
2012-08-31 15:00:00,290.9313840899241
2012-08-31 16:00:00,399.4393841487843
2012-08-31 17:00:00,749.2120801489109
2012-08-31 18:00:00,702.1704668706732
2012-08-31 19:00:00,499.0231313607585
2012-08-31 20:00:00,355.0174684706973
2012-08-31 21:00:00,282.0205952534553
2012-08-31 22:00:00,235.37192352906067
2012-08-31 23:00:00,206.23824234764442
2012-09-20 00:00:00,56.85633787580132
2012-09-20 01:00:00,21.865798181224562
2012-09-20 02:00:00,12.046414284302662
2012-09-20 03:00:00,7.2383197155054555
2012-09-20 04:00:00,8.129394462057075
2012-09-20 05:00:00,39.22993897963557
2012-09-20 06:00:00,176.8433711803817
2012-09-20 07:00:00,435.16171837460956
2012-09-20 08:00:00,630.8233559929747
2012-09-20 09:00:00,345.00234997590667
2012-09-20 10:00:00,209.77903780240845
2012-09-20 11:00:00,243.561975854325
2012-09-20 12:00:00,309.8647329377151
2012-09-20 13:00:00,306.772912254968
2012-09-20 14:00:00,291.0627441842879
2012-09-20 15:00:00,310.48818562350107
2012-09-20 16:00:00,446.11738224452694
2012-09-20 17:00:00,849.5444797240418
2012-09-20 18:00:00,825.6675586738855
2012-09-20 19:00:00,579.6164366614399
2012-09-20 20:00:00,392.74232426174166
2012-09-20 21:00:00,294.77468537718255
2012-09-20 22:00:00,222.39468691104383
2012-09-20 23:00:00,163.68191704269623
2012-09-21 00:00:00,76.94073673427269
2012-09-21 01:00:00,33.80806902050045
2012-09-21 02:00:00,16.77276244367953
2012-09-21 03:00:00,9.784741425041247
2012-09-21 04:00:00,9.45047873374421
2012-09-21 05:00:00,38.1907181408899
2012-09-21 06:00:00,180.19543333526752
2012-09-21 07:00:00,500.2778758851516
2012-09-21 08:00:00,668.7499350677831
2012-09-21 09:00:00,358.7951435660342
2012-09-21 10:00:00,251.3499434618529
2012-09-21 11:00:00,286.7608105759995
2012-09-21 12:00:00,368.4988740594656
2012-09-21 13:00:00,366.48509952419545
2012-09-21 14:00:00,361.5661860524629
2012-09-21 15:00:00,367.59831265187074
2012-09-21 16:00:00,508.11575951580295
2012-09-21 17:00:00,848.6718512718243
2012-09-21 18:00:00,753.8373103654385
2012-09-21 19:00:00,475.027507181376
2012-09-21 20:00:00,340.20268132789306
2012-09-21 21:00:00,245.4846561482605
2012-09-21 22:00:00,221.51257229275075
2012-09-21 23:00:00,199.43766406001217
2012-09-22 00:00:00,154.98315171417576
2012-09-22 01:00:00,103.53740762571006
2012-09-22 02:00:00,65.4479436568099
2012-09-22 03:00:00,31.32752968100188
2012-09-22 04:00:00,12.503149456457397
2012-09-22 05:00:00,14.811869808427321
2012-09-22 06:00:00,38.881383782434284
2012-09-22 07:00:00,76.02841526399385
2012-09-22 08:00:00,245.80442501927544
2012-09-22 09:00:00,321.27311841738185
2012-09-22 10:00:00,445.0016766851029
2012-09-22 11:00:00,542.9703349657684
2012-09-22 12:00:00,638.5314439535315
2012-09-22 13:00:00,618.9753512711726
2012-09-22 14:00:00,606.3633986885553
2012-09-22 15:00:00,619.1264934270322
2012-09-22 16:00:00,675.7040704941244
2012-09-22 17:00:00,564.021833485829
2012-09-22 18:00:00,518.2726057457853
2012-09-22 19:00:00,443.67284045451885
2012-09-22 20:00:00,377.35141252367447
2012-09-22 21:00:00,305.1371259372292
2012-09-22 22:00:00,262.5369871414586
2012-09-22 23:00:00,218.69941808890616
2012-09-23 00:00:00,143.36243206456305
2012-09-23 01:00:00,103.81267907208908
2012-09-23 02:00:00,69.68765532878048
2012-09-23 03:00:00,39.78983946713867
2012-09-23 04:00:00,12.867628597190635
2012-09-23 05:00:00,12.757567427773273
2012-09-23 06:00:00,23.431592510778174
2012-09-23 07:00:00,102.02731868699513
2012-09-23 08:00:00,187.88709397085663
2012-09-23 09:00:00,276.8132032455418
2012-09-23 10:00:00,396.79362489561106
2012-09-23 11:00:00,485.9637470514341
2012-09-23 12:00:00,542.2933936439695
2012-09-23 13:00:00,615.5403694155322
2012-09-23 14:00:00,606.666636138102
2012-09-23 15:00:00,601.6336481258007
2012-09-23 16:00:00,644.4500413085995
2012-09-23 17:00:00,551.796358078125
2012-09-23 18:00:00,495.0598596365336
2012-09-23 19:00:00,376.4043273755543
2012-09-23 20:00:00,270.68220313076495
2012-09-23 21:00:00,170.83791740044558
2012-09-23 22:00:00,127.60483889818391
2012-09-23 23:00:00,67.92328541701619
2012-09-24 00:00:00,40.39390820077209
2012-09-24 01:00:00,17.401622333466328
2012-09-24 02:00:00,8.921898443367253
2012-09-24 03:00:00,7.817341953634414
2012-09-24 04:00:00,7.8912525771676245
2012-09-24 05:00:00,40.89885131948381
2012-09-24 06:00:00,181.6163705792818
2012-09-24 07:00:00,382.4185862475651
2012-09-24 08:00:00,616.2949411796184
2012-09-24 09:00:00,350.2465010433411
2012-09-24 10:00:00,214.3804144241306
2012-09-24 11:00:00,247.68167648468236
2012-09-24 12:00:00,305.1244670060405
2012-09-24 13:00:00,313.4147195647881
2012-09-24 14:00:00,291.94861009765685
2012-09-24 15:00:00,307.20096238700154
2012-09-24 16:00:00,450.8530289975548
2012-09-24 17:00:00,817.7922562263162
2012-09-24 18:00:00,786.5937104569105
2012-09-24 19:00:00,557.2170262355338
2012-09-24 20:00:00,356.36495670400257
2012-09-24 21:00:00,248.0325137681743
2012-09-24 22:00:00,159.05302201052694
2012-09-24 23:00:00,90.51448063605913
2012-09-25 00:00:00,39.67768486200319
2012-09-25 01:00:00,16.821211862420405
2012-09-25 02:00:00,8.514450108614334
2012-09-25 03:00:00,5.671340384494709
2012-09-25 04:00:00,6.884994277919424
2012-09-25 05:00:00,37.983101683092016
2012-09-25 06:00:00,169.54298486087353
2012-09-25 07:00:00,430.06832749938485
2012-09-25 08:00:00,620.5542952653565
2012-09-25 09:00:00,351.4020795086505
2012-09-25 10:00:00,222.0013081373279
2012-09-25 11:00:00,245.96967917520885
2012-09-25 12:00:00,310.5563782559483
2012-09-25 13:00:00,303.6187054617405
2012-09-25 14:00:00,309.3158137336399
2012-09-25 15:00:00,313.92316096421087
2012-09-25 16:00:00,470.7151772779393
2012-09-25 17:00:00,893.0814367143248
2012-09-25 18:00:00,877.4792782899447
2012-09-25 19:00:00,606.5507963629113
2012-09-25 20:00:00,435.68749320463553
2012-09-25 21:00:00,341.02754652409783
2012-09-25 22:00:00,246.18703863870027
2012-09-25 23:00:00,136.16499044093192
2012-09-26 00:00:00,36.68380063762812
2012-09-26 01:00:00,14.285034656886761
2012-09-26 02:00:00,8.203323531188873
2012-09-26 03:00:00,7.223647861494038
2012-09-26 04:00:00,8.366425579921792
2012-09-26 05:00:00,43.53762071422557
2012-09-26 06:00:00,186.82125848262635
2012-09-26 07:00:00,510.52961246526036
2012-09-26 08:00:00,651.0463860034382
2012-09-26 09:00:00,367.704349597468
2012-09-26 10:00:00,221.0005197823583
2012-09-26 11:00:00,237.9065229238434
2012-09-26 12:00:00,309.898301418776
2012-09-26 13:00:00,306.80614579076735
2012-09-26 14:00:00,296.20854742287474
2012-09-26 15:00:00,300.62065818490464
2012-09-26 16:00:00,449.5637230825884
2012-09-26 17:00:00,847.219206698806
2012-09-26 18:00:00,855.2863239050258
2012-09-26 19:00:00,629.7275135383519
2012-09-26 20:00:00,421.5397843880646
2012-09-26 21:00:00,329.5869061262278
2012-09-26 22:00:00,168.40223568207267
2012-09-26 23:00:00,110.59531821858074
2012-09-27 00:00:00,58.57935188316086
2012-09-27 01:00:00,21.921189365977447
2012-09-27 02:00:00,12.189839650236726
2012-09-27 03:00:00,8.116114566749285
2012-09-27 04:00:00,8.22142038876162
2012-09-27 05:00:00,37.11768150811409
2012-09-27 06:00:00,161.8076391017496
2012-09-27 07:00:00,500.98591930800626
2012-09-27 08:00:00,672.7728890330721
2012-09-27 09:00:00,347.1419163737799
2012-09-27 10:00:00,216.00353301446413
2012-09-27 11:00:00,242.83736075313718
2012-09-27 12:00:00,300.0407264015618
2012-09-27 13:00:00,299.0967073806005
2012-09-27 14:00:00,275.9760577000726
2012-09-27 15:00:00,291.72586430944506
2012-09-27 16:00:00,403.6310827073501
2012-09-27 17:00:00,679.3739635123569
2012-09-27 18:00:00,735.4848933044829
2012-09-27 19:00:00,594.4536068501411
2012-09-27 20:00:00,367.80396892557553
2012-09-27 21:00:00,122.45420213427737
2012-09-27 22:00:00,85.48862044995957
2012-09-27 23:00:00,72.56500022026975
2012-09-28 00:00:00,47.77637451482416
2012-09-28 01:00:00,21.953585719269288
2012-09-28 02:00:00,10.510961479894329
2012-09-28 03:00:00,8.262127175602425
2012-09-28 04:00:00,7.026993097112995
2012-09-28 05:00:00,35.622644371794735
2012-09-28 06:00:00,144.07800040592588
2012-09-28 07:00:00,346.5980251553108
2012-09-28 08:00:00,587.1530918629078
2012-09-28 09:00:00,306.6795347655366
2012-09-28 10:00:00,221.903955988073
2012-09-28 11:00:00,277.21934150917895
2012-09-28 12:00:00,356.9293836026294
2012-09-28 13:00:00,353.3679532970883
2012-09-28 14:00:00,338.53098767899587
2012-09-28 15:00:00,339.5947046468939
2012-09-28 16:00:00,489.8938570217174
2012-09-28 17:00:00,778.0274568491512
2012-09-28 18:00:00,753.302912053587
2012-09-28 19:00:00,486.03013874164856
2012-09-28 20:00:00,323.7394889908613
2012-09-28 21:00:00,240.90320867258276
2012-09-28 22:00:00,196.64671185031682
2012-09-28 23:00:00,174.42154555910767
2012-09-29 00:00:00,149.73633815453704
2012-09-29 01:00:00,111.7665377446794
2012-09-29 02:00:00,67.0505166980496
2012-09-29 03:00:00,32.38786210405415
2012-09-29 04:00:00,12.05600308693256
2012-09-29 05:00:00,13.630789605194396
2012-09-29 06:00:00,39.43596338184686
2012-09-29 07:00:00,130.26541475052971
2012-09-29 08:00:00,243.09247298293928
2012-09-29 09:00:00,312.8243433805326
2012-09-29 10:00:00,393.2693725719443
2012-09-29 11:00:00,508.2911644714366
2012-09-29 12:00:00,699.6544146746862
2012-09-29 13:00:00,695.9848927644593
2012-09-29 14:00:00,673.6617122125667
2012-09-29 15:00:00,650.3033991277763
2012-09-29 16:00:00,696.5597553148993
2012-09-29 17:00:00,595.5180534857881
2012-09-29 18:00:00,501.81169724969726
2012-09-29 19:00:00,401.66095112544207
2012-09-29 20:00:00,316.9135944184763
2012-09-29 21:00:00,246.84730738379568
2012-09-29 22:00:00,204.10712951538383
2012-09-29 23:00:00,187.84541484860196
2012-09-30 00:00:00,135.3933797981692
2012-09-30 01:00:00,104.91180529770595
2012-09-30 02:00:00,71.95803303210405
2012-09-30 03:00:00,44.17150073058956
2012-09-30 04:00:00,13.774225731528054
2012-09-30 05:00:00,13.638104176315764
2012-09-30 06:00:00,23.843866359013486
2012-09-30 07:00:00,60.21720739220329
2012-09-30 08:00:00,154.94163679582525
2012-09-30 09:00:00,257.7427468870103
2012-09-30 10:00:00,409.06353277977945
2012-09-30 11:00:00,530.2298131293319
2012-09-30 12:00:00,632.2251909727154
2012-09-30 13:00:00,613.4343184610352
2012-09-30 14:00:00,600.5014331185946
2012-09-30 15:00:00,602.9217962442708
2012-09-30 16:00:00,620.8718524608626
2012-09-30 17:00:00,580.4946942456247
2012-09-30 18:00:00,476.0830461440102
2012-09-30 19:00:00,248.86278995726028
2012-09-30 20:00:00,191.47269930566094
2012-09-30 21:00:00,159.20411312646272
2012-09-30 22:00:00,112.66715161609437
2012-09-30 23:00:00,73.52791496578958
2012-10-20 00:00:00,126.21076828939223
2012-10-20 01:00:00,110.70828354746797
2012-10-20 02:00:00,67.96085378346189
2012-10-20 03:00:00,26.998795678343043
2012-10-20 04:00:00,12.588541320608234
2012-10-20 05:00:00,13.083096938082175
2012-10-20 06:00:00,34.02504315600984
2012-10-20 07:00:00,88.61891050899159
2012-10-20 08:00:00,229.8837428093341
2012-10-20 09:00:00,311.70862105140435
2012-10-20 10:00:00,392.01364670197694
2012-10-20 11:00:00,491.078328514888
2012-10-20 12:00:00,575.8928475030293
2012-10-20 13:00:00,587.106473598284
2012-10-20 14:00:00,592.3771789771976
2012-10-20 15:00:00,571.8372976688352
2012-10-20 16:00:00,653.8185875742649
2012-10-20 17:00:00,564.899112275857
2012-10-20 18:00:00,519.0257979606371
2012-10-20 19:00:00,385.12426312353836
2012-10-20 20:00:00,323.16214299131485
2012-10-20 21:00:00,223.31967327867505
2012-10-20 22:00:00,176.22548458024235
2012-10-20 23:00:00,152.27650823357686
2012-10-21 00:00:00,136.3740639777632
2012-10-21 01:00:00,108.7964066491198
2012-10-21 02:00:00,71.86864381902238
2012-10-21 03:00:00,37.83143546543762
2012-10-21 04:00:00,11.577782014701553
2012-10-21 05:00:00,11.193086117731209
2012-10-21 06:00:00,23.17269372931218
2012-10-21 07:00:00,74.86681113582931
2012-10-21 08:00:00,117.55379314171107
2012-10-21 09:00:00,254.4650109480631
2012-10-21 10:00:00,412.3575879899561
2012-10-21 11:00:00,491.4131507937488
2012-10-21 12:00:00,566.4921018637604
2012-10-21 13:00:00,570.5107101344124
2012-10-21 14:00:00,554.2704903084508
2012-10-21 15:00:00,571.768090741265
2012-10-21 16:00:00,593.0425515052377
2012-10-21 17:00:00,530.7996132915108
2012-10-21 18:00:00,495.0598596365336
2012-10-21 19:00:00,354.7111403694859
2012-10-21 20:00:00,244.86573366850646
2012-10-21 21:00:00,128.45782016479842
2012-10-21 22:00:00,97.30935514418631
2012-10-21 23:00:00,65.20764699800853
2012-10-22 00:00:00,35.2217128875656
2012-10-22 01:00:00,13.78547825533721
2012-10-22 02:00:00,7.649043725182114
2012-10-22 03:00:00,5.788987140683629
2012-10-22 04:00:00,7.23430657477032
2012-10-22 05:00:00,37.570769529484075
2012-10-22 06:00:00,157.46671773575417
2012-10-22 07:00:00,367.1677794514683
2012-10-22 08:00:00,615.9704777253514
2012-10-22 09:00:00,342.2125159732695
2012-10-22 10:00:00,214.09628568583508
2012-10-22 11:00:00,246.00633300887245
2012-10-22 12:00:00,305.8172877072964
2012-10-22 13:00:00,310.51702857063077
2012-10-22 14:00:00,290.2408046758787
2012-10-22 15:00:00,307.2799868983251
2012-10-22 16:00:00,458.55567154652766
2012-10-22 17:00:00,839.4292607392878
2012-10-22 18:00:00,740.9607662292519
2012-10-22 19:00:00,533.3446630442484
2012-10-22 20:00:00,349.26267108816035
2012-10-22 21:00:00,241.28593366954036
2012-10-22 22:00:00,145.9107819480073
2012-10-22 23:00:00,90.77871740157703
2012-10-23 00:00:00,33.706451535620005
2012-10-23 01:00:00,16.76638869019581
2012-10-23 02:00:00,7.693119949138282
2012-10-23 03:00:00,6.653715004669511
2012-10-23 04:00:00,7.341213046200432
2012-10-23 05:00:00,38.4652373279923
2012-10-23 06:00:00,151.39844917218824
2012-10-23 07:00:00,393.5863772807478
2012-10-23 08:00:00,648.6179346112352
2012-10-23 09:00:00,328.0903143138811
2012-10-23 10:00:00,211.74974476981842
2012-10-23 11:00:00,234.77438161498705
2012-10-23 12:00:00,298.0146992515939
2012-10-23 13:00:00,296.7657254875529
2012-10-23 14:00:00,293.1929533147832
2012-10-23 15:00:00,312.06482817454446
2012-10-23 16:00:00,448.25583086517685
2012-10-23 17:00:00,883.558843363386
2012-10-23 18:00:00,830.9808922061446
2012-10-23 19:00:00,601.9683074273255
2012-10-23 20:00:00,386.46005753946054
2012-10-23 21:00:00,276.8875549967174
2012-10-23 22:00:00,205.10287152319702
2012-10-23 23:00:00,109.46660105362058
2012-10-24 00:00:00,43.53410767495367
2012-10-24 01:00:00,16.91864565361449
2012-10-24 02:00:00,8.704206034166958
2012-10-24 03:00:00,7.755026969362917
2012-10-24 04:00:00,8.65687855280271
2012-10-24 05:00:00,40.20136739725765
2012-10-24 06:00:00,171.97322899626667
2012-10-24 07:00:00,447.4944040969942
2012-10-24 08:00:00,645.8447810679081
2012-10-24 09:00:00,334.73181537914957
2012-10-24 10:00:00,203.92389687281837
2012-10-24 11:00:00,230.06532612816247
2012-10-24 12:00:00,297.4189395053019
2012-10-24 13:00:00,306.47537706517033
2012-10-24 14:00:00,297.4798177530326
2012-10-24 15:00:00,309.19754428038146
2012-10-24 16:00:00,464.4009757389387
2012-10-24 17:00:00,862.4165018567389
2012-10-24 18:00:00,865.1002189315253
2012-10-24 19:00:00,596.5867457865229
2012-10-24 20:00:00,388.36857282906846
2012-10-24 21:00:00,299.618524155423
2012-10-24 22:00:00,215.20546278176235
2012-10-24 23:00:00,113.9893504038853
2012-10-25 00:00:00,52.840074348938174
2012-10-25 01:00:00,21.604319594445144
2012-10-25 02:00:00,12.21641595601614
2012-10-25 03:00:00,6.858082286150967
2012-10-25 04:00:00,7.378727940352755
2012-10-25 05:00:00,35.75470408458285
2012-10-25 06:00:00,156.5067270565065
2012-10-25 07:00:00,429.67736448341066
2012-10-25 08:00:00,675.703452328335
2012-10-25 09:00:00,296.86594432179703
2012-10-25 10:00:00,171.1647547810039
2012-10-25 11:00:00,192.09593665917035
2012-10-25 12:00:00,235.62547168548653
2012-10-25 13:00:00,234.78286069627615
2012-10-25 14:00:00,270.1778042117215
2012-10-25 15:00:00,292.03713813820883
2012-10-25 16:00:00,414.53614124903794
2012-10-25 17:00:00,745.3049915945975
2012-10-25 18:00:00,473.45070637583945
2012-10-25 19:00:00,376.05314445075766
2012-10-25 20:00:00,241.6551316561043
2012-10-25 21:00:00,189.64104365765849
2012-10-25 22:00:00,172.03830348351946
2012-10-25 23:00:00,109.48492772510339
2012-10-26 00:00:00,67.70389036474157
2012-10-26 01:00:00,23.433619152222178
2012-10-26 02:00:00,11.625820066728654
2012-10-26 03:00:00,8.14583918550479
2012-10-26 04:00:00,8.02078750549189
2012-10-26 05:00:00,33.56535987586453
2012-10-26 06:00:00,144.2725553964166
2012-10-26 07:00:00,407.55484882984905
2012-10-26 08:00:00,607.2767054147275
2012-10-26 09:00:00,306.13499083712605
2012-10-26 10:00:00,184.76120806575858
2012-10-26 11:00:00,239.28598804511276
2012-10-26 12:00:00,314.77218534940283
2012-10-26 13:00:00,307.55734021189033
2012-10-26 14:00:00,318.4397382758437
2012-10-26 15:00:00,346.0429980591966
2012-10-26 16:00:00,427.54006124445715
2012-10-26 17:00:00,559.5485671490992
2012-10-26 18:00:00,509.9613105147707
2012-10-26 19:00:00,320.2059611230086
2012-10-26 20:00:00,215.3035259815435
2012-10-26 21:00:00,200.88892764746578
2012-10-26 22:00:00,148.6617243235202
2012-10-26 23:00:00,163.37025634796322
2012-10-27 00:00:00,131.8109156117213
2012-10-27 01:00:00,92.02214926481996
2012-10-27 02:00:00,59.117175718816775
2012-10-27 03:00:00,30.996430275558843
2012-10-27 04:00:00,11.27348559564029
2012-10-27 05:00:00,12.553479477103705
2012-10-27 06:00:00,34.31704165615917
2012-10-27 07:00:00,71.72992543909766
2012-10-27 08:00:00,202.38985109849958
2012-10-27 09:00:00,269.1805308850149
2012-10-27 10:00:00,383.5214875700959
2012-10-27 11:00:00,493.8928716207693
2012-10-27 12:00:00,661.1729313434129
2012-10-27 13:00:00,667.1446102969995
2012-10-27 14:00:00,651.7726229217186
2012-10-27 15:00:00,542.35835685519
2012-10-27 16:00:00,591.8735674143164
2012-10-27 17:00:00,505.6545206849659
2012-10-27 18:00:00,466.1242255221443
2012-10-27 19:00:00,376.72081808248026
2012-10-27 20:00:00,283.9561933983358
2012-10-27 21:00:00,224.23176073367128
2012-10-27 22:00:00,191.69718204902722
2012-10-27 23:00:00,167.17349809188642
2012-10-28 00:00:00,98.93620944807634
2012-10-28 01:00:00,100.41465571476958
2012-10-28 02:00:00,71.12493921677273
2012-10-28 03:00:00,38.99355722135595
2012-10-28 04:00:00,13.109787726214618
2012-10-28 05:00:00,13.061484927131369
2012-10-28 06:00:00,27.131316873431
2012-10-28 07:00:00,109.1832210029473
2012-10-28 08:00:00,185.26134307369637
2012-10-28 09:00:00,286.69225515050823
2012-10-28 10:00:00,396.2205111654412
2012-10-28 11:00:00,451.139476097259
2012-10-28 12:00:00,491.5171728582395
2012-10-28 13:00:00,489.75489583191325
2012-10-28 14:00:00,481.7354080727358
2012-10-28 15:00:00,481.3383165819864
2012-10-28 16:00:00,430.17418742902345
2012-10-28 17:00:00,225.70925459255955
2012-10-28 18:00:00,133.49449174538407
2012-10-28 19:00:00,121.8758866311423
2012-10-28 20:00:00,88.760968309279
2012-10-28 21:00:00,88.76239182457444
2012-10-28 22:00:00,64.87737338415437
2012-10-28 23:00:00,41.440211983156644
2012-10-29 00:00:00,28.427456139333582
2012-10-30 13:00:00,114.62830980924514
2012-10-30 14:00:00,109.54867282227436
2012-10-30 15:00:00,118.10343530423238
2012-10-30 16:00:00,146.16330159016292
2012-10-30 17:00:00,247.93059341905845
2012-10-30 18:00:00,258.06824497432876
2012-10-30 19:00:00,520.543783919612
2012-10-30 20:00:00,201.84258865766427
2012-10-30 21:00:00,152.98014328600544
2012-10-30 22:00:00,142.11962616621472
2012-10-30 23:00:00,87.4255700107691
2012-10-31 00:00:00,28.493873239819006
2012-10-31 01:00:00,13.714944519944908
2012-10-31 02:00:00,6.910623414441763
2012-10-31 03:00:00,5.590037566912219
2012-10-31 04:00:00,6.158641114485471
2012-10-31 05:00:00,37.026674331112396
2012-10-31 06:00:00,147.3071597328077
2012-10-31 07:00:00,365.6760651395389
2012-10-31 08:00:00,700.0015089605796
2012-10-31 09:00:00,343.7565558988706
2012-10-31 10:00:00,190.68454161575565
2012-10-31 11:00:00,194.69032856018737
2012-10-31 12:00:00,273.5537353628228
2012-10-31 13:00:00,267.073000852446
2012-10-31 14:00:00,235.3473854390794
2012-10-31 15:00:00,261.3001691385218
2012-10-31 16:00:00,361.8943373560006
2012-10-31 17:00:00,604.1849188143739
2012-10-31 18:00:00,585.8795007061728
2012-10-31 19:00:00,437.41767616283465
2012-10-31 20:00:00,290.4432533087905
2012-10-31 21:00:00,211.01835385194417
2012-10-31 22:00:00,159.536397954394
2012-10-31 23:00:00,101.27115325560763
2012-11-20 00:00:00,27.734505259770124
2012-11-20 01:00:00,13.389158797514224
2012-11-20 02:00:00,6.759581698095367
2012-11-20 03:00:00,5.5529714003186434
2012-11-20 04:00:00,7.00759271468673
2012-11-20 05:00:00,34.901340702349266
2012-11-20 06:00:00,139.801457380747
2012-11-20 07:00:00,391.99289942448473
2012-11-20 08:00:00,643.2679539302221
2012-11-20 09:00:00,321.97709906388525
2012-11-20 10:00:00,179.09837282223498
2012-11-20 11:00:00,193.89696453570934
2012-11-20 12:00:00,231.29739045878375
2012-11-20 13:00:00,238.61889925900394
2012-11-20 14:00:00,216.52553910829522
2012-11-20 15:00:00,244.43150392194644
2012-11-20 16:00:00,336.43359237189975
2012-11-20 17:00:00,579.0487748822824
2012-11-20 18:00:00,548.5810523215998
2012-11-20 19:00:00,409.33570705411535
2012-11-20 20:00:00,250.06527420868187
2012-11-20 21:00:00,191.63532534142456
2012-11-20 22:00:00,154.8218326539737
2012-11-20 23:00:00,91.2746662858622
2012-11-21 00:00:00,29.82300589867576
2012-11-21 01:00:00,13.894448877828722
2012-11-21 02:00:00,6.682290979423395
2012-11-21 03:00:00,5.578734604307031
2012-11-21 04:00:00,6.383677289664796
2012-11-21 05:00:00,35.969847140819645
2012-11-21 06:00:00,134.92825524553155
2012-11-21 07:00:00,374.00814363217205
2012-11-21 08:00:00,671.6065969848895
2012-11-21 09:00:00,341.33893365241835
2012-11-21 10:00:00,181.99967365093096
2012-11-21 11:00:00,210.0906446155075
2012-11-21 12:00:00,256.4242848634002
2012-11-21 13:00:00,256.0206953163427
2012-11-21 14:00:00,252.16733250113435
2012-11-21 15:00:00,262.914348585941
2012-11-21 16:00:00,356.9985018130257
2012-11-21 17:00:00,591.2792215355181
2012-11-21 18:00:00,615.6496421557744
2012-11-21 19:00:00,406.43051806587476
2012-11-21 20:00:00,275.2809461227514
2012-11-21 21:00:00,188.69977927204837
2012-11-21 22:00:00,153.21474927397728
2012-11-21 23:00:00,94.98626908833465
2012-11-22 00:00:00,58.511972554520035
2012-11-22 01:00:00,38.517140762152174
2012-11-22 02:00:00,21.407861681150383
2012-11-22 03:00:00,11.2410059197735
2012-11-22 04:00:00,7.607038612685213
2012-11-22 05:00:00,13.45912248810754
2012-11-22 06:00:00,36.78873637838071
2012-11-22 07:00:00,92.54519184933812
2012-11-22 08:00:00,267.49387335448307
2012-11-22 09:00:00,220.3652528830384
2012-11-22 10:00:00,271.3752027040912
2012-11-22 11:00:00,333.6318727117012
2012-11-22 12:00:00,411.3062446970987
2012-11-22 13:00:00,443.2177479658736
2012-11-22 14:00:00,434.43631897368454
2012-11-22 15:00:00,434.6371404249715
2012-11-22 16:00:00,493.99708894760187
2012-11-22 17:00:00,389.71609379131485
2012-11-22 18:00:00,350.72099360026345
2012-11-22 19:00:00,267.9113724878665
2012-11-22 20:00:00,240.28952205966385
2012-11-22 21:00:00,168.81332965811728
2012-11-22 22:00:00,149.93603502511263
2012-11-22 23:00:00,109.54397131718932
2012-11-23 00:00:00,47.507444801547905
2012-11-23 01:00:00,24.6268003363755
2012-11-23 02:00:00,10.51580967462981
2012-11-23 03:00:00,6.641503495690614
2012-11-23 04:00:00,7.171265475130925
2012-11-23 05:00:00,32.99582719404769
2012-11-23 06:00:00,134.13483748613092
2012-11-23 07:00:00,380.22370082529045
2012-11-23 08:00:00,653.9870619444582
2012-11-23 09:00:00,331.8123691307804
2012-11-23 10:00:00,208.15346390339718
2012-11-23 11:00:00,241.80214647175694
2012-11-23 12:00:00,300.1840265906278
2012-11-23 13:00:00,326.28275626457344
2012-11-23 14:00:00,321.1735698176875
2012-11-23 15:00:00,325.45948389649294
2012-11-23 16:00:00,418.7505607094016
2012-11-23 17:00:00,702.0793114822475
2012-11-23 18:00:00,592.90966035232
2012-11-23 19:00:00,399.07554237055797
2012-11-23 20:00:00,273.91152555955176
2012-11-23 21:00:00,203.13208283687607
2012-11-23 22:00:00,144.40400277424874
2012-11-23 23:00:00,143.69280782675173
2012-11-24 00:00:00,117.13068925949474
2012-11-24 01:00:00,97.38373969199448
2012-11-24 02:00:00,47.74718663782268
2012-11-24 03:00:00,24.003256847752695
2012-11-24 04:00:00,8.1427117444567
2012-11-24 05:00:00,9.349347267733641
2012-11-24 06:00:00,21.933299008876407
2012-11-24 07:00:00,51.02744191114439
2012-11-24 08:00:00,114.62930495212
2012-11-24 09:00:00,174.02001909861775
2012-11-24 10:00:00,288.5986765991042
2012-11-24 11:00:00,340.0846719495672
2012-11-24 12:00:00,327.7360063651006
2012-11-24 13:00:00,395.77413190648195
2012-11-24 14:00:00,384.6316346922788
2012-11-24 15:00:00,354.4174252276545
2012-11-24 16:00:00,355.2476167448333
2012-11-24 17:00:00,298.2197849900434
2012-11-24 18:00:00,260.3760822485777
2012-11-24 19:00:00,210.0415084911819
2012-11-24 20:00:00,164.71152569666697
2012-11-24 21:00:00,123.66347558683536
2012-11-24 22:00:00,116.22010222859791
2012-11-24 23:00:00,99.84747877586082
2012-11-25 00:00:00,97.83309162750103
2012-11-25 01:00:00,98.66789341900822
2012-11-25 02:00:00,48.28468754756392
2012-11-25 03:00:00,31.0606040960389
2012-11-25 04:00:00,10.201103060703486
2012-11-25 05:00:00,8.764095498867432
2012-11-25 06:00:00,18.027843405934398
2012-11-25 07:00:00,36.042901602137036
2012-11-25 08:00:00,87.0557193529548
2012-11-25 09:00:00,148.1292532359604
2012-11-25 10:00:00,257.0869718021292
2012-11-25 11:00:00,318.8323294156359
2012-11-25 12:00:00,359.8441890059045
2012-11-25 13:00:00,351.382425096994
2012-11-25 14:00:00,355.3406713596605
2012-11-25 15:00:00,352.417934098918
2012-11-25 16:00:00,335.6302451457705
2012-11-25 17:00:00,267.3091976073016
2012-11-25 18:00:00,224.6270501563073
2012-11-25 19:00:00,171.07777278564754
2012-11-25 20:00:00,108.75770290076935
2012-11-25 21:00:00,87.34411068934502
2012-11-25 22:00:00,71.3624006346023
2012-11-25 23:00:00,46.46731320972736
2012-11-26 00:00:00,24.83534264550793
2012-11-26 01:00:00,10.507993758146842
2012-11-26 02:00:00,6.397531896143625
2012-11-26 03:00:00,5.348969305805796
2012-11-26 04:00:00,6.5318134590718415
2012-11-26 05:00:00,33.72533639150706
2012-11-26 06:00:00,132.76067347517542
2012-11-26 07:00:00,359.1023283672734
2012-11-26 08:00:00,681.8419571829378
2012-11-26 09:00:00,332.35802554510644
2012-11-26 10:00:00,179.89501039204148
2012-11-26 11:00:00,211.66118480992844
2012-11-26 12:00:00,253.89586847949673
2012-11-26 13:00:00,250.9201222149774
2012-11-26 14:00:00,231.68837346487692
2012-11-26 15:00:00,245.0078771974807
2012-11-26 16:00:00,356.6531969265385
2012-11-26 17:00:00,634.8046035364001
2012-11-26 18:00:00,529.5758555519874
2012-11-26 19:00:00,382.88321017908834
2012-11-26 20:00:00,253.15950025087562
2012-11-26 21:00:00,172.62777852148926
2012-11-26 22:00:00,126.35161723596386
2012-11-26 23:00:00,70.81145257777015
2012-11-27 00:00:00,27.368710806801626
2012-11-27 01:00:00,13.409001085351331
2012-11-27 02:00:00,7.065985179165937
2012-11-27 03:00:00,5.432081452165935
2012-11-27 04:00:00,6.3919384116792655
2012-11-27 05:00:00,33.22075123975335
2012-11-27 06:00:00,134.75876974502006
2012-11-27 07:00:00,226.32466182537604
2012-11-27 08:00:00,455.72627629172035
2012-11-27 09:00:00,317.06862840110216
2012-11-27 10:00:00,91.75828715652419
2012-11-27 11:00:00,99.58746086244395
2012-11-27 12:00:00,116.21820572141876
2012-11-27 13:00:00,115.84201128837745
2012-11-27 14:00:00,106.5172645046894
2012-11-27 15:00:00,199.1997970911941
2012-11-27 16:00:00,241.82746955885344
2012-11-27 17:00:00,414.75194741752426
2012-11-27 18:00:00,326.4452090610328
2012-11-27 19:00:00,316.7187256624886
2012-11-27 20:00:00,223.35922277523863
2012-11-27 21:00:00,131.6547250324017
2012-11-27 22:00:00,123.77932424230208
2012-11-27 23:00:00,74.73903778737768
2012-11-28 00:00:00,31.096983100695358
2012-11-28 01:00:00,11.872865725187696
2012-11-28 02:00:00,6.623388628266352
2012-11-28 03:00:00,5.794806099001372
2012-11-28 04:00:00,6.665749779492119
2012-11-28 05:00:00,35.292955732680404
2012-11-28 06:00:00,144.35740255287783
2012-11-28 07:00:00,385.9220122201529
2012-11-28 08:00:00,671.2330839395293
2012-11-28 09:00:00,339.4665248406816
2012-11-28 10:00:00,163.56458960968024
2012-11-28 11:00:00,187.2837379297859
2012-11-28 12:00:00,244.77696347147184
2012-11-28 13:00:00,254.46811828984235
2012-11-28 14:00:00,238.5272392256197
2012-11-28 15:00:00,241.13184596302966
2012-11-28 16:00:00,317.54759247358106
2012-11-28 17:00:00,530.008426607925
2012-11-28 18:00:00,511.3869940917071
2012-11-28 19:00:00,377.08659134158904
2012-11-28 20:00:00,275.84139268036085
2012-11-28 21:00:00,182.32952213044356
2012-11-28 22:00:00,132.1469627233583
2012-11-28 23:00:00,82.36266688041158
2012-11-29 00:00:00,36.37987732869893
2012-11-29 01:00:00,13.603204299178438
2012-11-29 02:00:00,7.9426398101414994
2012-11-29 04:00:00,7.033154256789071
2012-11-29 05:00:00,34.20484524652864
2012-11-29 06:00:00,137.96103751452063
2012-11-29 07:00:00,375.51143166517966
2012-11-29 08:00:00,728.9804284299968
2012-11-29 09:00:00,344.62162916831903
2012-11-29 10:00:00,159.7273011801129
2012-11-29 11:00:00,205.05704430869758
2012-11-29 12:00:00,262.49580933758364
2012-11-29 13:00:00,253.29205298919564
2012-11-29 14:00:00,238.9312178717203
2012-11-29 15:00:00,249.95553576866882
2012-11-29 16:00:00,324.5382193458797
2012-11-29 17:00:00,545.7456236404481
2012-11-29 18:00:00,507.4611535184937
2012-11-29 19:00:00,349.36160195154196
2012-11-29 20:00:00,250.58875207861345
2012-11-29 21:00:00,160.46288130428394
2012-11-29 22:00:00,147.23991778519272
2012-11-29 23:00:00,107.64750165724452
2012-11-30 00:00:00,48.93426141474051
2012-11-30 01:00:00,21.07838033011079
2012-11-30 02:00:00,10.60389281885771
2012-11-30 03:00:00,6.870505711002125
2012-11-30 04:00:00,6.982056538522421
2012-11-30 05:00:00,32.92756902797716
2012-11-30 06:00:00,127.16536427350445
2012-11-30 07:00:00,368.83597386550383
2012-11-30 08:00:00,692.1881831276289
2012-11-30 09:00:00,342.7913301134439
2012-11-30 10:00:00,183.32804638414478
2012-11-30 11:00:00,212.5179979896176
2012-11-30 12:00:00,269.57629476145723
2012-11-30 13:00:00,270.1682093712137
2012-11-30 14:00:00,251.02393286937854
2012-11-30 15:00:00,268.42931622995064
2012-11-30 16:00:00,360.91506572468506
2012-11-30 17:00:00,548.0901271691965
2012-11-30 18:00:00,464.44663905870846
2012-11-30 19:00:00,328.20661132302075
2012-11-30 20:00:00,234.8984221306728
2012-11-30 21:00:00,149.52647382894574
2012-11-30 22:00:00,149.10199129365867
2012-11-30 23:00:00,104.84708656670358
2012-12-20 00:00:00,41.3951536098477
2012-12-20 01:00:00,17.266166535622563
2012-12-20 02:00:00,9.111221183021263
2012-12-20 03:00:00,5.593938172054541
2012-12-20 04:00:00,6.315393077598353
2012-12-20 05:00:00,33.83409020324454
2012-12-20 06:00:00,141.81399374228286
2012-12-20 07:00:00,371.3488489524527
2012-12-20 08:00:00,678.8810620767641
2012-12-20 09:00:00,314.81351072959797
2012-12-20 10:00:00,172.79319152974495
2012-12-20 11:00:00,181.04080042705266
2012-12-20 12:00:00,243.58209658596095
2012-12-20 13:00:00,240.0363409845141
2012-12-20 14:00:00,221.74627727307728
2012-12-20 15:00:00,234.9600648260015
2012-12-20 16:00:00,295.4763896003561
2012-12-20 17:00:00,517.4657390752594
2012-12-20 18:00:00,502.89066108221203
2012-12-20 19:00:00,257.59203192288277
2012-12-20 20:00:00,163.62331386177217
2012-12-20 21:00:00,118.57387334163003
2012-12-20 22:00:00,82.58606404240726
2012-12-20 23:00:00,69.24809022840837
2012-12-21 00:00:00,41.433279577032415
2012-12-21 01:00:00,20.836461200263727
2012-12-21 02:00:00,7.139268103051526
2012-12-21 03:00:00,5.5698875779415875
2012-12-21 04:00:00,7.584988262963646
2012-12-21 05:00:00,36.1250661094389
2012-12-21 06:00:00,132.57380820261338
2012-12-21 07:00:00,363.9022280654497
2012-12-21 08:00:00,671.4931849789659
2012-12-21 09:00:00,328.46188941492557
2012-12-21 10:00:00,203.61157683104253
2012-12-21 11:00:00,210.99494082106565
2012-12-21 12:00:00,263.3132111846426
2012-12-21 13:00:00,261.471212551613
2012-12-21 14:00:00,258.0942306512362
2012-12-21 15:00:00,246.67729575308533
2012-12-21 16:00:00,296.1432045348948
2012-12-21 17:00:00,437.6987440634063
2012-12-21 18:00:00,393.0379989567082
2012-12-21 19:00:00,286.40555209701483
2012-12-21 20:00:00,204.95588259535697
2012-12-21 21:00:00,135.34079944708063
2012-12-21 22:00:00,122.31994143776022
2012-12-21 23:00:00,101.63023758634384
2012-12-22 00:00:00,89.70070098891753
2012-12-22 01:00:00,82.28910957064033
2012-12-22 02:00:00,40.4742030699852
2012-12-22 03:00:00,19.476151389195305
2012-12-22 04:00:00,9.218123134111478
2012-12-22 05:00:00,9.432310530654286
2012-12-22 06:00:00,19.208695049741724
2012-12-22 07:00:00,52.03627171568744
2012-12-22 08:00:00,113.05472110134802
2012-12-22 09:00:00,191.1971716820278
2012-12-22 10:00:00,281.46108123340684
2012-12-22 11:00:00,343.5772523284904
2012-12-22 12:00:00,333.3475163903046
2012-12-22 13:00:00,389.36354585083814
2012-12-22 14:00:00,380.98613178255175
2012-12-22 15:00:00,350.50549238186545
2012-12-22 16:00:00,337.3401822878525
2012-12-22 17:00:00,297.3025711740695
2012-12-22 18:00:00,218.44788596303755
2012-12-22 19:00:00,195.83125450605652
2012-12-22 20:00:00,172.05002923827962
2012-12-22 21:00:00,115.03952647864111
2012-12-22 22:00:00,104.92764678122617
2012-12-22 23:00:00,94.85088148652726
2012-12-23 00:00:00,97.96687241118252
2012-12-23 01:00:00,96.18663535461351
2012-12-23 02:00:00,55.364767955406975
2012-12-23 03:00:00,30.38770243413884
2012-12-23 04:00:00,7.002184849194947
2012-12-23 05:00:00,7.03642520513027
2012-12-23 06:00:00,10.63792043612412
2012-12-23 07:00:00,35.70923673612037
2012-12-23 08:00:00,69.61238923131424
2012-12-23 09:00:00,133.65992251762043
2012-12-23 10:00:00,237.19983604790795
2012-12-23 11:00:00,294.4726220763096
2012-12-23 12:00:00,365.32088044351923
2012-12-23 13:00:00,373.12312773200625
2012-12-23 14:00:00,364.0873749016085
2012-12-23 15:00:00,364.5144606094716
2012-12-23 16:00:00,363.2308068256192
2012-12-23 17:00:00,283.12144001600853
2012-12-23 18:00:00,233.0596187561825
2012-12-23 19:00:00,184.84039806466046
2012-12-23 20:00:00,104.9660729248298
2012-12-23 21:00:00,84.69759314595976
2012-12-23 22:00:00,63.638910309257305
2012-12-23 23:00:00,52.76860460132098
2012-12-24 00:00:00,25.24751281396723
2012-12-24 01:00:00,10.461803837250171
2012-12-24 02:00:00,6.490148339854873
2012-12-24 03:00:00,5.426405811424936
2012-12-24 05:00:00,30.89692978636615
2012-12-24 06:00:00,130.9232656876802
2012-12-24 07:00:00,351.74827782290316
2012-12-24 08:00:00,635.9836891272062
2012-12-24 09:00:00,338.9210921687697
2012-12-24 10:00:00,143.00154223064987
2012-12-24 11:00:00,157.35593589098812
2012-12-24 12:00:00,213.99688530920542
2012-12-24 13:00:00,125.80617252154168
2012-12-24 14:00:00,111.81215589792187
2012-12-24 15:00:00,119.45692555578513
2012-12-24 16:00:00,156.99583975439023
2012-12-24 17:00:00,268.7814463704135
2012-12-24 18:00:00,244.84969081027563
2012-12-24 19:00:00,277.7022368112432
2012-12-24 20:00:00,141.02048074101538
2012-12-24 21:00:00,95.10730285841171
2012-12-24 22:00:00,97.98553285955184
2012-12-24 23:00:00,47.7843769030792
2012-12-25 00:00:00,36.21901743928026
2012-12-25 01:00:00,34.24694836886587
2012-12-25 02:00:00,18.290720037475236
2012-12-25 04:00:00,6.3141206852325436
2012-12-25 05:00:00,13.623201044302983
2012-12-25 06:00:00,25.34943581454857
2012-12-25 07:00:00,114.93082603897447
2012-12-25 08:00:00,209.0529054176662
2012-12-25 09:00:00,209.25553691301664
2012-12-25 10:00:00,312.3313072773478
2012-12-25 11:00:00,282.55423969039106
2012-12-25 12:00:00,343.2293613066125
2012-12-25 13:00:00,371.78937588302426
2012-12-25 14:00:00,363.42537342767247
2012-12-25 15:00:00,343.25009129297126
2012-12-25 16:00:00,366.56044224466984
2012-12-25 17:00:00,310.3314922663451
2012-12-25 18:00:00,286.72532148701765
2012-12-25 19:00:00,253.4958508372324
2012-12-25 20:00:00,205.01281938524343
2012-12-25 21:00:00,137.17573995213766
2012-12-25 22:00:00,115.88926873006316
2012-12-25 23:00:00,76.26471546660935
2012-12-26 00:00:00,31.640463409110918
2012-12-26 01:00:00,10.395343683924649
2012-12-26 02:00:00,6.409611568745251
2012-12-26 03:00:00,5.308539865086698
2012-12-26 04:00:00,5.4994137923484985
2012-12-26 05:00:00,33.66844849202022
2012-12-26 06:00:00,136.13703477849973
2012-12-26 07:00:00,176.9333332652262
2012-12-26 08:00:00,316.087229571446
2012-12-26 09:00:00,152.8500202060056
2012-12-26 10:00:00,69.46340251626106
2012-12-26 11:00:00,91.82173861418572
2012-12-26 12:00:00,91.72466486815874
2012-12-26 13:00:00,91.78405264250782
2012-12-26 14:00:00,115.1061711880346
2012-12-26 15:00:00,117.15394762847404
2012-12-26 16:00:00,151.25123900710196
2012-12-26 17:00:00,244.63690862548498
2012-12-26 18:00:00,216.25367714352396
2012-12-26 19:00:00,189.97117301560976
2012-12-26 20:00:00,129.05846703923044
2012-12-26 21:00:00,125.81124064597158
2012-12-26 22:00:00,63.95766313255131
2012-12-26 23:00:00,51.202888522775964
2012-12-27 00:00:00,26.42280524344795
2012-12-27 01:00:00,9.064646028010108
2012-12-27 02:00:00,5.546400907269776
2012-12-27 03:00:00,5.6330299493240705
2012-12-27 04:00:00,6.035623897013211
2012-12-27 05:00:00,34.1476693780799
2012-12-27 06:00:00,120.26484932378243
2012-12-27 07:00:00,378.8404750380002
2012-12-27 08:00:00,716.9185821544788
2012-12-27 09:00:00,311.64721344996065
2012-12-27 10:00:00,164.74578539303008
2012-12-27 11:00:00,164.92771481892552
2012-12-27 12:00:00,215.256173465555
2012-12-27 13:00:00,213.2102726454168
2012-12-27 14:00:00,171.0288925826905
2012-12-27 15:00:00,173.99124789168593
2012-12-27 16:00:00,262.139906391304
2012-12-27 17:00:00,430.8657438069047
2012-12-27 18:00:00,427.6139681112361
2012-12-27 19:00:00,308.2762283400053
2012-12-27 20:00:00,243.92150963700738
2012-12-27 21:00:00,153.25111750041683
2012-12-27 22:00:00,118.21769599377276
2012-12-27 23:00:00,85.05509487179486
2012-12-28 00:00:00,52.15522179997301
2012-12-28 01:00:00,21.54182081281741
2012-12-28 02:00:00,10.767236852355607
2012-12-28 03:00:00,7.135632015381073
2012-12-28 04:00:00,7.27551192907239
2012-12-28 05:00:00,32.33649153252678
2012-12-28 06:00:00,128.18185191546345
2012-12-28 07:00:00,361.0526646038086
2012-12-28 08:00:00,716.1867817852705
2012-12-28 09:00:00,328.425855970623
2012-12-28 10:00:00,171.3436028895806
2012-12-28 11:00:00,194.51971766546515
2012-12-28 12:00:00,245.21177819236522
2012-12-28 13:00:00,242.33781243096095
2012-12-28 14:00:00,231.59343843211406
2012-12-28 15:00:00,241.40381765574935
2012-12-28 16:00:00,304.6939895024817
2012-12-28 17:00:00,450.5510685443704
2012-12-28 18:00:00,407.23645768859643
2012-12-28 19:00:00,273.4282774644172
2012-12-28 20:00:00,193.34727151559918
2012-12-28 21:00:00,132.34298143803252
2012-12-28 22:00:00,111.15349234172103
2012-12-28 23:00:00,93.76017701813426
2012-12-29 00:00:00,111.13038083808873
2012-12-29 01:00:00,88.767019420683
2012-12-29 02:00:00,48.07837218809142
2012-12-29 03:00:00,21.046774734487418
2012-12-29 04:00:00,8.952780983491227
2012-12-29 05:00:00,9.315450382458648
2012-12-29 06:00:00,17.670931819478202
2012-12-29 07:00:00,47.18836796914303
2012-12-29 08:00:00,118.96864139384274
2012-12-29 09:00:00,182.39734330633848
2012-12-29 10:00:00,184.7726218544995
2012-12-29 11:00:00,215.24432948682215
2012-12-29 12:00:00,245.79979838769603
2012-12-29 13:00:00,258.60352563172876
2012-12-29 14:00:00,321.1970497018488
2012-12-29 15:00:00,322.0132008060247
2012-12-29 16:00:00,330.36006643506124
2012-12-29 17:00:00,260.41237676394354
2012-12-29 18:00:00,255.5426199024415
2012-12-29 19:00:00,218.73222678576172
2012-12-29 20:00:00,133.4689766461381
2012-12-29 21:00:00,109.36162451066791
2012-12-29 22:00:00,106.3984573723685
2012-12-29 23:00:00,88.87146138451928
2012-12-30 00:00:00,119.12907810855268
2012-12-30 01:00:00,106.48961584721653
2012-12-30 02:00:00,61.159430060704345
2012-12-30 03:00:00,27.670956893289485
2012-12-30 04:00:00,7.988673979253271
2012-12-30 05:00:00,7.099614923168725
2012-12-30 06:00:00,12.128504902747212
2012-12-30 07:00:00,42.320616764300965
2012-12-30 08:00:00,90.75523496092987
2012-12-30 09:00:00,153.4242395700857
2012-12-30 10:00:00,241.63249553353057
2012-12-30 11:00:00,307.86880055203625
2012-12-30 12:00:00,325.8631032853156
2012-12-30 13:00:00,323.2154312428757
2012-12-30 14:00:00,328.89807802152444
2012-12-30 15:00:00,346.1947710106737
2012-12-30 16:00:00,330.93035243595597
2012-12-30 17:00:00,247.98519770890096
2012-12-30 18:00:00,197.73422893357926
2012-12-30 19:00:00,214.0957765285644
2012-12-30 20:00:00,106.42308744577221
2012-12-30 21:00:00,70.10903836705627
2012-12-30 22:00:00,57.23758289714917
2012-12-30 23:00:00,42.071883319070096
2012-12-31 00:00:00,24.618875976859016
2012-12-31 01:00:00,11.149979106795286
2012-12-31 02:00:00,6.89290364059172
2012-12-31 03:00:00,5.705363719165712
2012-12-31 04:00:00,6.606073467652537
2012-12-31 05:00:00,31.126305248152846
2012-12-31 06:00:00,128.10770819889336
2012-12-31 07:00:00,349.953295961009
2012-12-31 08:00:00,633.2236217528731
2012-12-31 09:00:00,320.5418184828987
2012-12-31 10:00:00,138.2699908194815
2012-12-31 11:00:00,143.79245101875253
2012-12-31 12:00:00,199.16608967412668
2012-12-31 13:00:00,201.1127100650696
2012-12-31 14:00:00,198.54916695191517
2012-12-31 15:00:00,210.77478822538419
2012-12-31 16:00:00,269.3930792309754
2012-12-31 17:00:00,432.5491954068234
2012-12-31 18:00:00,428.6655108020838
2012-12-31 19:00:00,324.08092426191337
2012-12-31 20:00:00,222.69991299179082
2012-12-31 21:00:00,147.9373604671654
2012-12-31 22:00:00,107.3473206011988
2012-12-31 23:00:00,70.01895990817052
