datetime,count
2011-01-20 00:00:00,12.438410001432887
2011-01-20 01:00:00,5.847818190629906
2011-01-20 02:00:00,4.250332350049447
2011-01-20 03:00:00,3.068264273792085
2011-01-20 04:00:00,3.0789967256828112
2011-01-20 05:00:00,7.5721042796995075
2011-01-20 06:00:00,28.970411140148066
2011-01-20 07:00:00,90.73703761775097
2011-01-20 08:00:00,174.86863162282458
2011-01-20 09:00:00,118.42369085217402
2011-01-20 10:00:00,54.10531045385689
2011-01-20 11:00:00,59.59199730386248
2011-01-20 12:00:00,69.13485028024108
2011-01-20 13:00:00,65.06188460589217
2011-01-20 14:00:00,64.32067788001565
2011-01-20 15:00:00,67.34134555356557
2011-01-20 16:00:00,87.34481253750683
2011-01-20 17:00:00,171.30240978001726
2011-01-20 18:00:00,152.2657256571398
2011-01-20 19:00:00,108.27015791953923
2011-01-20 20:00:00,69.45300258577485
2011-01-20 21:00:00,54.57619495745423
2011-01-20 22:00:00,33.00888362257866
2011-01-20 23:00:00,21.13583257291803
2011-01-21 00:00:00,14.84092647819651
2011-01-21 01:00:00,8.051926732629173
2011-01-21 02:00:00,5.998927723338461
2011-01-21 03:00:00,2.615973427375806
2011-01-21 04:00:00,3.260346845715888
2011-01-21 05:00:00,4.221236972536546
2011-01-21 06:00:00,28.09565977355157
2011-01-21 07:00:00,64.32714458894753
2011-01-21 08:00:00,136.761726695598
2011-01-21 09:00:00,80.01138948829873
2011-01-21 10:00:00,37.59836409750006
2011-01-21 11:00:00,41.44700032593496
2011-01-21 12:00:00,44.11000380068074
2011-01-21 13:00:00,45.08491943669964
2011-01-21 14:00:00,45.20528664409702
2011-01-21 15:00:00,42.33141036292238
2011-01-21 16:00:00,56.55016081381501
2011-01-21 17:00:00,99.84987423605388
2011-01-21 18:00:00,89.82602502358581
2011-01-21 19:00:00,56.62024696326075
2011-01-21 20:00:00,42.07090229237097
2011-01-21 21:00:00,32.620427537798435
2011-01-21 22:00:00,27.090716443002083
2011-01-21 23:00:00,18.210093014505976
2011-01-22 00:00:00,22.62495197351097
2011-01-22 01:00:00,14.448407479325274
2011-01-22 02:00:00,9.943435338564678
2011-01-22 03:00:00,4.316367726459804
2011-01-22 04:00:00,2.014502632788229
2011-01-22 06:00:00,3.056807316846534
2011-01-22 07:00:00,6.396728561442835
2011-01-22 08:00:00,17.46697957390057
2011-01-22 09:00:00,30.218943787065456
2011-01-22 10:00:00,51.187365623832
2011-01-22 11:00:00,60.47101116666649
2011-01-22 12:00:00,70.15634022218745
2011-01-22 13:00:00,70.63414998732972
2011-01-22 14:00:00,63.49803663548382
2011-01-22 15:00:00,67.04815716063156
2011-01-22 16:00:00,61.933222244654864
2011-01-22 17:00:00,73.77294500850338
2011-01-22 18:00:00,47.52716170480599
2011-01-22 19:00:00,37.92574833240597
2011-01-22 20:00:00,28.658889823397526
2011-01-22 21:00:00,26.624478081981508
2011-01-22 22:00:00,26.6906441030298
2011-01-22 23:00:00,16.99631927497688
2011-01-23 00:00:00,22.989475895019197
2011-01-23 01:00:00,18.391366983433027
2011-01-23 02:00:00,11.397978967419888
2011-01-23 03:00:00,7.854102011155669
2011-01-23 05:00:00,1.8019142288788195
2011-01-23 06:00:00,2.3002637388941105
2011-01-23 07:00:00,4.504212774949987
2011-01-23 08:00:00,10.218192269422863
2011-01-23 09:00:00,23.038358689645616
2011-01-23 10:00:00,43.44372959678721
2011-01-23 11:00:00,54.72523001500427
2011-01-23 12:00:00,62.41107327079102
2011-01-23 13:00:00,62.4859322057323
2011-01-23 14:00:00,61.439448908355416
2011-01-23 15:00:00,61.93210153402787
2011-01-23 16:00:00,59.54286707079506
2011-01-23 17:00:00,48.16606941684901
2011-01-23 18:00:00,45.72667111464649
2011-01-23 19:00:00,29.257132699735745
2011-01-23 20:00:00,24.700933976113163
2011-01-23 21:00:00,18.83487381380384
2011-01-23 22:00:00,12.886915826570512
2011-01-23 23:00:00,7.582546075588514
2011-01-24 00:00:00,8.453203289048833
2011-01-24 01:00:00,4.1388205579842445
2011-01-24 03:00:00,1.8072056800887224
2011-01-24 04:00:00,2.2214737192677534
2011-01-24 05:00:00,5.424707041556611
2011-01-24 06:00:00,24.896363125252098
2011-01-24 07:00:00,71.99562859005016
2011-01-24 08:00:00,159.63299937181867
2011-01-24 09:00:00,94.45315389841316
2011-01-24 10:00:00,35.554256432407136
2011-01-24 11:00:00,38.6193402388154
2011-01-24 12:00:00,39.81973772172149
2011-01-24 13:00:00,40.58298458618392
2011-01-24 14:00:00,37.88953341881499
2011-01-24 15:00:00,45.266909243951325
2011-01-24 16:00:00,60.93920323536347
2011-01-24 17:00:00,106.0298923843938
2011-01-24 18:00:00,101.66661087578487
2011-01-24 19:00:00,79.95808562339043
2011-01-24 20:00:00,47.68525606350139
2011-01-24 21:00:00,37.953506258653626
2011-01-24 22:00:00,21.170278254721836
2011-01-24 23:00:00,14.287443545441548
2011-01-25 00:00:00,7.0988443955742415
2011-01-25 01:00:00,4.289974072646684
2011-01-25 02:00:00,2.5228071842996975
2011-01-25 04:00:00,2.2129646439189496
2011-01-25 05:00:00,5.132931801989774
2011-01-25 06:00:00,22.868590018395857
2011-01-25 07:00:00,70.41329099767205
2011-01-25 08:00:00,149.7268238240135
2011-01-25 09:00:00,112.99537262609398
2011-01-25 10:00:00,48.555332224753286
2011-01-25 11:00:00,54.453970218636194
2011-01-25 12:00:00,60.28897202006084
2011-01-25 13:00:00,60.593841879772484
2011-01-25 14:00:00,61.57228922823367
2011-01-25 15:00:00,67.97401482239802
2011-01-25 16:00:00,88.09688476340969
2011-01-25 17:00:00,173.89001768297126
2011-01-25 18:00:00,168.3641696312889
2011-01-25 19:00:00,104.75760377398683
2011-01-25 20:00:00,74.12790950580442
2011-01-25 21:00:00,53.07655549249217
2011-01-25 22:00:00,31.396942770157676
2011-01-25 23:00:00,18.92474060903255
2011-01-26 00:00:00,10.362827726974336
2011-01-26 01:00:00,5.171619995151096
2011-01-26 02:00:00,3.9051645684505845
2011-01-26 05:00:00,3.709656113973923
2011-01-26 06:00:00,6.881077887274943
2011-01-26 07:00:00,25.375845326165482
2011-01-26 08:00:00,28.624950894694283
2011-01-26 09:00:00,20.871249145063626
2011-01-26 10:00:00,8.899810529903814
2011-01-26 11:00:00,8.26265415167153
2011-01-26 12:00:00,8.751311653279537
2011-01-26 13:00:00,8.751311653279537
2011-01-26 14:00:00,8.351197611255786
2011-01-26 15:00:00,6.0493142364244985
2011-01-26 16:00:00,12.411088447054833
2011-01-26 17:00:00,16.411645598790674
2011-01-27 16:00:00,78.74958839697491
2011-01-27 17:00:00,147.73436220860066
2011-01-27 18:00:00,138.7646160902198
2011-01-27 19:00:00,100.57049875671231
2011-01-27 20:00:00,62.99880740517536
2011-01-27 21:00:00,49.711527426113264
2011-01-27 22:00:00,35.239731274580286
2011-01-27 23:00:00,24.853186727043262
2011-01-28 00:00:00,12.771525481461783
2011-01-28 01:00:00,6.930666290700181
2011-01-28 02:00:00,3.907039001900326
2011-01-28 03:00:00,3.6866868694576636
2011-01-28 05:00:00,6.304256001956691
2011-01-28 06:00:00,26.325266792141267
2011-01-28 07:00:00,74.68425360571757
2011-01-28 08:00:00,165.072820247815
2011-01-28 09:00:00,60.85809404815422
2011-01-28 10:00:00,31.177459124331723
2011-01-28 11:00:00,33.928246431599675
2011-01-28 12:00:00,35.32411379897371
2011-01-28 13:00:00,34.98050364559596
2011-01-28 14:00:00,36.02327003099275
2011-01-28 15:00:00,55.92428218764912
2011-01-28 16:00:00,79.72457482959693
2011-01-28 17:00:00,151.10750833495638
2011-01-28 18:00:00,136.35631275511673
2011-01-28 19:00:00,90.52559853759543
2011-01-28 20:00:00,60.93323098149503
2011-01-28 21:00:00,44.78640530157516
2011-01-28 22:00:00,35.14684702953715
2011-01-28 23:00:00,34.74463263547245
2011-01-29 00:00:00,22.289175408031923
2011-01-29 01:00:00,23.288777402453675
2011-01-29 02:00:00,17.284124685899066
2011-01-29 03:00:00,7.3425886071869835
2011-01-29 04:00:00,2.49447913814324
2011-01-29 06:00:00,3.046647804634901
2011-01-29 07:00:00,7.0712943857991295
2011-01-29 08:00:00,24.49023997658411
2011-01-29 09:00:00,40.702803674260274
2011-01-29 10:00:00,66.23918359020041
2011-01-29 11:00:00,73.06263815801816
2011-01-29 12:00:00,87.72912422604387
2011-01-29 13:00:00,100.20345101017277
2011-01-29 14:00:00,97.26161475081008
2011-01-29 15:00:00,92.49800421191374
2011-01-29 16:00:00,103.86429385059398
2011-01-29 17:00:00,92.43312127007135
2011-01-29 18:00:00,75.81076436460252
2011-01-29 19:00:00,58.22144345792415
2011-01-29 20:00:00,43.84227433971329
2011-01-29 21:00:00,37.70587867405066
2011-01-29 22:00:00,32.21918690185379
2011-01-29 23:00:00,29.45348226689571
2011-01-30 00:00:00,23.254374260776494
2011-01-30 01:00:00,25.43633343760893
2011-01-30 02:00:00,20.230722145473795
2011-01-30 03:00:00,9.889198855898549
2011-01-30 04:00:00,3.4324179804068065
2011-01-30 05:00:00,2.645571581265498
2011-01-30 07:00:00,6.136054195223916
2011-01-30 08:00:00,13.953183300858498
2011-01-30 09:00:00,38.43037635999459
2011-01-30 10:00:00,70.99776832690736
2011-01-30 11:00:00,82.7144308110207
2011-01-30 12:00:00,120.67801034001685
2011-01-30 13:00:00,112.48622945985473
2011-01-30 14:00:00,120.10110293404958
2011-01-30 15:00:00,118.34960081268343
2011-01-30 16:00:00,110.71934839777674
2011-01-30 17:00:00,88.29997990774324
2011-01-30 18:00:00,72.28005639797051
2011-01-30 19:00:00,53.55266208179621
2011-01-30 20:00:00,39.97583835610449
2011-01-30 21:00:00,34.32198850172081
2011-01-30 22:00:00,22.583358811332687
2011-01-30 23:00:00,13.793591470466062
2011-01-31 00:00:00,10.297796978150735
2011-01-31 01:00:00,4.92290413721932
2011-01-31 02:00:00,3.6780887132468036
2011-01-31 03:00:00,2.9248965484833267
2011-01-31 04:00:00,2.45422177493494
2011-01-31 05:00:00,3.880949406431422
2011-01-31 06:00:00,20.026615935146214
2011-01-31 07:00:00,58.13821848721565
2011-01-31 08:00:00,122.51220170958103
2011-01-31 09:00:00,74.82593689540151
2011-01-31 10:00:00,37.487994444432566
2011-01-31 11:00:00,38.19073186609601
2011-01-31 12:00:00,52.17296424033861
2011-01-31 13:00:00,56.99228459656413
2011-01-31 14:00:00,47.692304315201284
2011-01-31 15:00:00,40.77139867799156
2011-01-31 16:00:00,56.32405004327459
2011-01-31 17:00:00,113.51364594415806
2011-01-31 18:00:00,108.9258623102181
2011-01-31 19:00:00,123.15476560059413
2011-01-31 20:00:00,38.83715068377858
2011-01-31 21:00:00,34.34883354084189
2011-01-31 22:00:00,22.94384425076671
2011-01-31 23:00:00,17.705880841032386
2011-02-20 00:00:00,39.03292449192513
2011-02-20 01:00:00,26.02152760501553
2011-02-20 02:00:00,15.430010782516396
2011-02-20 03:00:00,8.905342246599004
2011-02-20 04:00:00,2.015314466785255
2011-02-20 06:00:00,3.6912911335777823
2011-02-20 07:00:00,7.80642000790219
2011-02-20 08:00:00,19.56500153274414
2011-02-20 09:00:00,41.561117190635855
2011-02-20 10:00:00,92.04412996760955
2011-02-20 11:00:00,112.19609909280283
2011-02-20 12:00:00,132.2859404650582
2011-02-20 13:00:00,139.1684633940755
2011-02-20 14:00:00,134.802218556587
2011-02-20 15:00:00,137.97809117413078
2011-02-20 16:00:00,129.87950047032302
2011-02-20 17:00:00,108.6283299995295
2011-02-20 18:00:00,87.319237608767
2011-02-20 19:00:00,76.30103357222778
2011-02-20 20:00:00,59.65110782471309
2011-02-20 21:00:00,48.085811982678294
2011-02-20 22:00:00,36.48215273127196
2011-02-20 23:00:00,24.380557536767288
2011-02-21 00:00:00,21.233761883767603
2011-02-21 01:00:00,13.455662293423226
2011-02-21 02:00:00,10.092967809472281
2011-02-21 03:00:00,6.134845626341107
2011-02-21 04:00:00,4.079559314643266
2011-02-21 05:00:00,3.6675040318159646
2011-02-21 06:00:00,7.437392109680549
2011-02-21 07:00:00,30.18330571251041
2011-02-21 08:00:00,73.61090908760589
2011-02-21 09:00:00,62.70772481028704
2011-02-21 10:00:00,95.58216807986119
2011-02-21 11:00:00,112.00824185265242
2011-02-21 12:00:00,113.88042944244636
2011-02-21 13:00:00,46.068721676533
2011-02-21 14:00:00,111.43201191130903
2011-02-21 15:00:00,98.96603766917544
2011-02-21 16:00:00,63.46754039603831
2011-02-21 17:00:00,99.26205396466186
2011-02-21 18:00:00,27.57150918031204
2011-02-21 19:00:00,22.10994443642305
2011-02-21 20:00:00,31.719809047601558
2011-02-21 21:00:00,31.80310549491611
2011-02-21 22:00:00,23.07415149112156
2011-02-21 23:00:00,14.753598273888151
2011-02-22 06:00:00,31.188669852786504
2011-02-22 07:00:00,97.12938111073373
2011-02-22 08:00:00,212.73868491411713
2011-02-22 09:00:00,127.82134591607539
2011-02-22 10:00:00,51.06271578577123
2011-02-22 11:00:00,54.16260112931809
2011-02-22 12:00:00,64.04358120156124
2011-02-22 13:00:00,63.52280582195753
2011-02-22 14:00:00,60.117092943267416
2011-02-22 15:00:00,68.21762978904285
2011-02-22 16:00:00,85.46586002805924
2011-02-22 17:00:00,162.08262754406312
2011-02-22 18:00:00,158.53612363323305
2011-02-22 19:00:00,110.80135739196653
2011-02-22 20:00:00,83.53954807881125
2011-02-22 21:00:00,57.22799025905264
2011-02-22 22:00:00,35.50986781894216
2011-02-22 23:00:00,21.09604420288006
2011-02-23 00:00:00,13.365862834425988
2011-02-23 01:00:00,6.236874191666626
2011-02-23 02:00:00,3.6302760066252002
2011-02-23 03:00:00,2.765948703806674
2011-02-23 05:00:00,7.523820345153568
2011-02-23 06:00:00,35.009119610221724
2011-02-23 07:00:00,113.53248433536187
2011-02-23 08:00:00,224.78147716453392
2011-02-23 09:00:00,136.0455927159954
2011-02-23 10:00:00,52.64557694573312
2011-02-23 11:00:00,59.68343621102177
2011-02-23 12:00:00,68.9813628861931
2011-02-23 13:00:00,78.02716962338916
2011-02-23 14:00:00,75.61601246857471
2011-02-23 15:00:00,81.33538850018529
2011-02-23 16:00:00,103.10052276558443
2011-02-23 17:00:00,198.88679467378248
2011-02-23 18:00:00,189.06343359043558
2011-02-23 19:00:00,133.230290561639
2011-02-23 20:00:00,87.25950710148409
2011-02-23 21:00:00,69.00647616169088
2011-02-23 22:00:00,50.448854032925645
2011-02-23 23:00:00,29.856986995723897
2011-02-24 00:00:00,13.835574690647176
2011-02-24 01:00:00,6.430215834254894
2011-02-24 02:00:00,4.538518601401681
2011-02-24 03:00:00,2.89523056717063
2011-02-24 05:00:00,7.397184189399876
2011-02-24 06:00:00,33.88010464948985
2011-02-24 07:00:00,115.59465190214131
2011-02-24 08:00:00,234.74374665512363
2011-02-24 09:00:00,123.39012863717295
2011-02-24 10:00:00,58.035749878422834
2011-02-24 11:00:00,64.39426901700794
2011-02-24 12:00:00,76.15188130192342
2011-02-24 13:00:00,79.2347072045216
2011-02-24 14:00:00,76.04584335690265
2011-02-24 15:00:00,36.20672861795029
2011-02-24 16:00:00,51.00696893068089
2011-02-24 17:00:00,101.96946924341715
2011-02-24 18:00:00,52.59717993134907
2011-02-24 19:00:00,21.058031440075627
2011-02-24 20:00:00,24.79799194823665
2011-02-24 21:00:00,21.315185058721887
2011-02-24 22:00:00,11.906293726181946
2011-02-24 23:00:00,25.641951743176193
2011-02-25 00:00:00,10.489823302709521
2011-02-25 01:00:00,8.839973263865211
2011-02-25 02:00:00,5.794863623084832
2011-02-25 03:00:00,3.672868592254612
2011-02-25 05:00:00,9.2744788897849
2011-02-25 06:00:00,25.369472328464973
2011-02-25 07:00:00,43.63648305811615
2011-02-25 08:00:00,139.30379248693768
2011-02-25 09:00:00,19.80628900382087
2011-02-25 10:00:00,10.015353263711447
2011-02-25 11:00:00,107.26016527154063
2011-02-25 12:00:00,73.31444206334568
2011-02-25 13:00:00,73.05590269841544
2011-02-25 14:00:00,58.26348064885927
2011-02-25 15:00:00,124.22198141072464
2011-02-25 16:00:00,99.33850684934788
2011-02-25 17:00:00,175.37961953618156
2011-02-25 18:00:00,152.88465857476731
2011-02-25 19:00:00,102.0560070761873
2011-02-25 20:00:00,65.11406704621527
2011-02-25 21:00:00,57.65061831068078
2011-02-25 22:00:00,44.98250948268059
2011-02-25 23:00:00,35.61146345884447
2011-02-26 00:00:00,31.105045212245436
2011-02-26 01:00:00,24.661694263942657
2011-02-26 02:00:00,12.4027408331013
2011-02-26 03:00:00,9.394116784557545
2011-02-26 04:00:00,3.879569096123416
2011-02-26 05:00:00,3.1651874606641246
2011-02-26 06:00:00,4.613302584402365
2011-02-26 07:00:00,11.440498151087112
2011-02-26 08:00:00,30.030414426157197
2011-02-26 09:00:00,50.77068983942473
2011-02-26 10:00:00,99.37601769973949
2011-02-26 11:00:00,125.81113561307566
2011-02-26 12:00:00,124.71406254526092
2011-02-26 13:00:00,125.98648827667726
2011-02-26 14:00:00,119.57502421757752
2011-02-26 15:00:00,122.10764841899613
2011-02-26 16:00:00,122.9623976322728
2011-02-26 17:00:00,115.96045307473709
2011-02-26 18:00:00,97.04843170975731
2011-02-26 19:00:00,82.34888048252247
2011-02-26 20:00:00,62.67324220733064
2011-02-26 21:00:00,52.72756304035688
2011-02-26 22:00:00,46.852892531771516
2011-02-26 23:00:00,39.217619615357854
2011-02-27 00:00:00,31.353333604070748
2011-02-27 01:00:00,29.0720843757596
2011-02-27 02:00:00,20.913274829615194
2011-02-27 03:00:00,12.161666403491731
2011-02-27 04:00:00,4.855569568667819
2011-02-27 06:00:00,3.4648800674854177
2011-02-27 07:00:00,8.134620179392991
2011-02-27 08:00:00,21.533505135698363
2011-02-27 09:00:00,43.55942873253602
2011-02-27 10:00:00,102.62563585102689
2011-02-27 11:00:00,128.54514325174475
2011-02-27 12:00:00,152.74476913709324
2011-02-27 13:00:00,173.72505498995284
2011-02-27 14:00:00,179.87927779270714
2011-02-27 15:00:00,204.41456386929616
2011-02-27 16:00:00,243.7791391551285
2011-02-27 17:00:00,143.10882110716253
2011-02-27 18:00:00,101.49375214096355
2011-02-27 19:00:00,85.80604309452835
2011-02-27 20:00:00,67.16414004465192
2011-02-27 21:00:00,57.656584346476286
2011-02-27 22:00:00,42.83962255035303
2011-02-27 23:00:00,26.381842572608395
2011-02-28 00:00:00,14.643918671226658
2011-02-28 01:00:00,6.180344566672634
2011-02-28 03:00:00,2.9313190251664007
2011-02-28 05:00:00,9.538457104468304
2011-02-28 06:00:00,35.15220943853207
2011-02-28 07:00:00,89.26296126082529
2011-02-28 08:00:00,60.95586409083297
2011-02-28 09:00:00,84.8267214116292
2011-02-28 10:00:00,89.89833204514817
2011-02-28 11:00:00,96.0366345650413
2011-02-28 12:00:00,110.24779034635272
2011-02-28 13:00:00,37.585063586210495
2011-02-28 14:00:00,9.009310905542796
2011-02-28 15:00:00,9.325601778527954
2011-02-28 16:00:00,36.338067693970864
2011-02-28 17:00:00,24.64305809159875
2011-02-28 18:00:00,85.31266936419054
2011-02-28 19:00:00,13.280063153902423
2011-02-28 20:00:00,9.891533174684932
2011-02-28 21:00:00,25.35951805323927
2011-02-28 22:00:00,9.521871171808998
2011-02-28 23:00:00,19.55070252555448
2011-03-20 00:00:00,39.2769207157081
2011-03-20 01:00:00,30.465283672769164
2011-03-20 02:00:00,25.408973156460004
2011-03-20 03:00:00,14.286605148459625
2011-03-20 04:00:00,3.8332183589387205
2011-03-20 05:00:00,3.3879533014145107
2011-03-20 06:00:00,5.0865891865106505
2011-03-20 07:00:00,11.776188568297835
2011-03-20 08:00:00,26.85789897853559
2011-03-20 09:00:00,63.042552609725426
2011-03-20 10:00:00,114.68030696136063
2011-03-20 11:00:00,142.0384121651323
2011-03-20 12:00:00,154.3218286960725
2011-03-20 13:00:00,165.9264070881699
2011-03-20 14:00:00,160.70608438285316
2011-03-20 15:00:00,164.51874176358538
2011-03-20 16:00:00,179.09644640994583
2011-03-20 17:00:00,143.02365076699687
2011-03-20 18:00:00,124.93287360418334
2011-03-20 19:00:00,87.8449632410906
2011-03-20 20:00:00,63.41219400243569
2011-03-20 21:00:00,48.80706770801306
2011-03-20 22:00:00,36.842689880277206
2011-03-20 23:00:00,16.30421800606334
2011-03-21 00:00:00,13.09502968175786
2011-03-21 01:00:00,7.731457655587301
2011-03-21 02:00:00,4.854336858179044
2011-03-21 03:00:00,3.4228808352769167
2011-03-21 05:00:00,9.28550667954465
2011-03-21 06:00:00,31.03043210221171
2011-03-21 07:00:00,24.094259819867393
2011-03-21 08:00:00,59.744210234461185
2011-03-21 09:00:00,98.64751609563
2011-03-21 10:00:00,71.6385643086766
2011-03-21 11:00:00,84.1210330910638
2011-03-21 12:00:00,97.71481979191813
2011-03-21 13:00:00,131.5937776383031
2011-03-21 14:00:00,125.45931993413913
2011-03-21 15:00:00,128.28975746290195
2011-03-21 16:00:00,161.2008625828382
2011-03-21 17:00:00,339.2262909108155
2011-03-21 18:00:00,326.206151462746
2011-03-21 19:00:00,229.60484332135394
2011-03-21 20:00:00,172.02911677639636
2011-03-21 21:00:00,84.50405838726434
2011-03-21 22:00:00,77.38957340680643
2011-03-21 23:00:00,46.39856464550505
2011-03-22 00:00:00,19.980518230021517
2011-03-22 01:00:00,8.198655827145783
2011-03-22 02:00:00,5.424585950823076
2011-03-22 03:00:00,4.0457805382165235
2011-03-22 04:00:00,3.9336415890420193
2011-03-22 05:00:00,11.45604502439705
2011-03-22 06:00:00,42.072227228337304
2011-03-22 07:00:00,125.18576581783535
2011-03-22 08:00:00,222.72077975931091
2011-03-22 09:00:00,127.13870990367369
2011-03-22 10:00:00,82.25250338277841
2011-03-22 11:00:00,92.9114498047779
2011-03-22 12:00:00,123.75358119908685
2011-03-22 13:00:00,137.78080111736335
2011-03-22 14:00:00,133.22508205595076
2011-03-22 15:00:00,135.8253520218817
2011-03-22 16:00:00,174.82802136538996
2011-03-22 17:00:00,349.56365714137274
2011-03-22 18:00:00,338.4567553222919
2011-03-22 19:00:00,171.08852323701075
2011-03-22 20:00:00,111.0391246369166
2011-03-22 21:00:00,82.43033794003041
2011-03-22 22:00:00,58.10809918075185
2011-03-22 23:00:00,33.531827854268535
2011-03-23 00:00:00,15.276538525403728
2011-03-23 01:00:00,8.843751129220118
2011-03-23 02:00:00,5.441365432208999
2011-03-23 03:00:00,3.613894384795922
2011-03-23 05:00:00,9.692336612099254
2011-03-23 06:00:00,34.455167649703
2011-03-23 07:00:00,83.74599090538298
2011-03-23 08:00:00,218.46567397142874
2011-03-23 09:00:00,109.81815473288349
2011-03-23 10:00:00,55.35068300045608
2011-03-23 11:00:00,65.8695394430679
2011-03-23 12:00:00,61.18210496990326
2011-03-23 13:00:00,38.77725600974248
2011-03-23 14:00:00,74.38443712853702
2011-03-23 15:00:00,76.01472091015718
2011-03-23 16:00:00,107.90811470853986
2011-03-23 17:00:00,214.4425538445372
2011-03-23 18:00:00,72.70080712443671
2011-03-23 19:00:00,57.54923774941133
2011-03-23 20:00:00,9.520154361958634
2011-03-23 21:00:00,14.020293031218692
2011-03-23 22:00:00,47.06532539941985
2011-03-23 23:00:00,20.36499645238165
2011-03-24 00:00:00,9.39042938004066
2011-03-24 01:00:00,7.067487889875277
2011-03-24 02:00:00,4.518953130115826
2011-03-24 03:00:00,3.2373158694814093
2011-03-24 04:00:00,3.288472141140074
2011-03-24 05:00:00,9.68691977819498
2011-03-24 06:00:00,32.4863981727965
2011-03-24 07:00:00,58.320798595945384
2011-03-24 08:00:00,26.814513527428716
2011-03-24 09:00:00,99.08602117407483
2011-03-24 10:00:00,17.777738180492893
2011-03-24 11:00:00,58.86807704097485
2011-03-24 12:00:00,78.52956830929784
2011-03-24 13:00:00,86.64609353187984
2011-03-24 14:00:00,80.73072223163312
2011-03-24 15:00:00,80.90781445185537
2011-03-24 16:00:00,98.09017675192561
2011-03-24 17:00:00,195.62541552165422
2011-03-24 18:00:00,187.449732667835
2011-03-24 19:00:00,135.77972017018033
2011-03-24 20:00:00,93.46438004821547
2011-03-24 21:00:00,75.24567106694406
2011-03-24 22:00:00,55.228520656636576
2011-03-24 23:00:00,31.77979817704746
2011-03-25 00:00:00,17.132376062511348
2011-03-25 01:00:00,8.105632381416978
2011-03-25 02:00:00,4.466318979398732
2011-03-25 03:00:00,4.114960096019218
2011-03-25 04:00:00,3.2083426055941033
2011-03-25 05:00:00,7.322217338374801
2011-03-25 06:00:00,36.25753015109321
2011-03-25 07:00:00,114.47405981600104
2011-03-25 08:00:00,205.93697204559433
2011-03-25 09:00:00,131.89234597067602
2011-03-25 10:00:00,71.9413439542117
2011-03-25 11:00:00,85.10262702994038
2011-03-25 12:00:00,101.44002415700663
2011-03-25 13:00:00,100.5681576741023
2011-03-25 14:00:00,105.07974188314246
2011-03-25 15:00:00,95.84906260164291
2011-03-25 16:00:00,112.67392376228979
2011-03-25 17:00:00,196.35659858356055
2011-03-25 18:00:00,189.00087231886928
2011-03-25 19:00:00,116.1998850519018
2011-03-25 20:00:00,81.45349140068039
2011-03-25 21:00:00,64.03618895308463
2011-03-25 22:00:00,51.54375109653191
2011-03-25 23:00:00,37.37248005448196
2011-03-26 00:00:00,36.30487233257771
2011-03-26 01:00:00,23.905896658312656
2011-03-26 02:00:00,14.605974092318139
2011-03-26 03:00:00,7.052626351970717
2011-03-26 04:00:00,2.8341139632413657
2011-03-26 05:00:00,2.7079128382914783
2011-03-26 06:00:00,5.455659972389036
2011-03-26 07:00:00,16.547028279634514
2011-03-26 08:00:00,38.380490992868054
2011-03-26 09:00:00,62.38195270067113
2011-03-26 10:00:00,104.47586327032444
2011-03-26 11:00:00,124.91365438172676
2011-03-26 12:00:00,137.446907399154
2011-03-26 13:00:00,140.2219191624795
2011-03-26 14:00:00,142.68346680934783
2011-03-26 15:00:00,143.9742090704522
2011-03-26 16:00:00,134.36896115283255
2011-03-26 17:00:00,133.11921864086852
2011-03-26 18:00:00,120.94811645608506
2011-03-26 19:00:00,90.09088396783027
2011-03-26 20:00:00,65.19161718150063
2011-03-26 21:00:00,53.127981690740036
2011-03-26 22:00:00,49.00261896824433
2011-03-26 23:00:00,35.63393050753354
2011-03-27 00:00:00,34.276025721852704
2011-03-27 01:00:00,30.191278859240402
2011-03-27 02:00:00,22.266646313411048
2011-03-27 03:00:00,10.723340870692876
2011-03-27 04:00:00,4.6906541439436475
2011-03-27 06:00:00,5.105514221579408
2011-03-27 07:00:00,7.090282628248143
2011-03-27 08:00:00,22.989093695093704
2011-03-27 09:00:00,55.16119955080279
2011-03-27 10:00:00,96.8390335279357
2011-03-27 11:00:00,118.96909093708895
2011-03-27 12:00:00,130.4705780059268
2011-03-27 13:00:00,136.73839156665088
2011-03-27 14:00:00,135.9203603014235
2011-03-27 15:00:00,134.87127915126925
2011-03-27 16:00:00,135.1282756166237
2011-03-27 17:00:00,122.76747847856426
2011-03-27 18:00:00,106.31142808231857
2011-03-27 19:00:00,72.72055158505982
2011-03-27 20:00:00,52.72958440469763
2011-03-27 21:00:00,42.36611102311912
2011-03-27 22:00:00,32.62871471971887
2011-03-27 23:00:00,23.595060341429072
2011-03-28 00:00:00,12.699176134864016
2011-03-28 01:00:00,5.850701668168174
2011-03-28 02:00:00,4.284601627388383
2011-03-28 03:00:00,3.233114162260475
2011-03-28 05:00:00,6.9945067238686365
2011-03-28 06:00:00,38.092321201231066
2011-03-28 07:00:00,113.93038841222548
2011-03-28 08:00:00,211.91002143310504
2011-03-28 09:00:00,128.40510673962325
2011-03-28 10:00:00,65.48309268205381
2011-03-28 11:00:00,67.90483793441757
2011-03-28 12:00:00,75.51285797818582
2011-03-28 13:00:00,81.39514884865315
2011-03-28 14:00:00,83.05846389936384
2011-03-28 15:00:00,83.87276775588741
2011-03-28 16:00:00,105.14091050990653
2011-03-28 17:00:00,205.3912151143491
2011-03-28 18:00:00,193.42001921220793
2011-03-28 19:00:00,147.76934916266396
2011-03-28 20:00:00,100.06299865368656
2011-03-28 21:00:00,77.05865428887316
2011-03-28 22:00:00,45.66481120538913
2011-03-28 23:00:00,27.58260665467257
2011-03-29 00:00:00,12.014378017408225
2011-03-29 01:00:00,5.048581506460964
2011-03-29 02:00:00,3.12109347415261
2011-03-29 03:00:00,2.29462314579039
2011-03-29 04:00:00,2.917086894932074
2011-03-29 05:00:00,6.823144024455574
2011-03-29 06:00:00,36.39524955389528
2011-03-29 07:00:00,117.47358800775896
2011-03-29 08:00:00,208.99312178542118
2011-03-29 09:00:00,134.75773797702033
2011-03-29 10:00:00,71.3121665638879
2011-03-29 11:00:00,75.1367809752904
2011-03-29 12:00:00,93.88141917584306
2011-03-29 13:00:00,89.37290666408404
2011-03-29 14:00:00,87.5271307937687
2011-03-29 15:00:00,94.17066925135633
2011-03-29 16:00:00,113.24429728081729
2011-03-29 17:00:00,222.11818693169113
2011-03-29 18:00:00,208.13728308084993
2011-03-29 19:00:00,141.58782624941318
2011-03-29 20:00:00,100.98387889949115
2011-03-29 21:00:00,76.67544074072835
2011-03-29 22:00:00,52.59850138096124
2011-03-29 23:00:00,30.119266247278144
2011-03-30 00:00:00,16.590703189123758
2011-03-30 01:00:00,8.467163811766408
2011-03-30 02:00:00,5.511603779615249
2011-03-30 03:00:00,3.6332607579326917
2011-03-30 04:00:00,3.687932898656218
2011-03-30 05:00:00,10.422252327189598
2011-03-30 06:00:00,38.776935522673945
2011-03-30 07:00:00,110.89216486674768
2011-03-30 08:00:00,222.3489200581131
2011-03-30 09:00:00,126.78606069694496
2011-03-30 10:00:00,72.67263243557333
2011-03-30 11:00:00,75.4693324661221
2011-03-30 12:00:00,89.43688547659569
2011-03-30 13:00:00,87.67925684045159
2011-03-30 14:00:00,80.62543709071073
2011-03-30 15:00:00,26.572650377999768
2011-03-30 16:00:00,35.115520206177536
2011-03-30 17:00:00,90.6491978498835
2011-03-30 18:00:00,116.373269137432
2011-03-30 19:00:00,84.48908107321991
2011-03-30 20:00:00,12.904769176451186
2011-03-30 21:00:00,46.54848545213785
2011-03-30 22:00:00,27.15449327893525
2011-03-30 23:00:00,6.399656746580563
2011-03-31 00:00:00,7.241779589684188
2011-03-31 01:00:00,5.562137360390432
2011-03-31 02:00:00,4.4248623344582
2011-03-31 03:00:00,3.3120981664586457
2011-03-31 04:00:00,3.2938505945250256
2011-03-31 05:00:00,8.630724793914498
2011-03-31 06:00:00,11.78262600580654
2011-03-31 07:00:00,57.523985983063206
2011-03-31 08:00:00,164.81427964464166
2011-03-31 09:00:00,52.38635033645422
2011-03-31 10:00:00,23.620650785817276
2011-03-31 11:00:00,28.49935673995412
2011-03-31 12:00:00,30.762824064376158
2011-03-31 13:00:00,35.07139268402283
2011-03-31 14:00:00,32.45837232462843
2011-03-31 15:00:00,10.917759499096071
2011-03-31 16:00:00,72.0733920633879
2011-03-31 17:00:00,146.00622220701158
2011-03-31 18:00:00,184.82122893133464
2011-03-31 19:00:00,135.63061102921452
2011-03-31 20:00:00,12.08616987624955
2011-03-31 21:00:00,62.403805318015145
2011-03-31 22:00:00,29.107411475389924
2011-03-31 23:00:00,26.12954502821409
2011-04-20 00:00:00,25.633634653963412
2011-04-20 01:00:00,8.330061171550934
2011-04-20 02:00:00,5.822186278795771
2011-04-20 03:00:00,3.759746262253464
2011-04-20 04:00:00,4.039179426600594
2011-04-20 05:00:00,12.44003253765704
2011-04-20 06:00:00,48.83163251930295
2011-04-20 07:00:00,132.26525414782185
2011-04-20 08:00:00,284.2883087497927
2011-04-20 09:00:00,186.6498901402486
2011-04-20 10:00:00,116.9032240945814
2011-04-20 11:00:00,128.24381040722415
2011-04-20 12:00:00,151.58994421413664
2011-04-20 13:00:00,151.05537057756624
2011-04-20 14:00:00,143.7912974775521
2011-04-20 15:00:00,127.90729204963124
2011-04-20 16:00:00,189.4752439632335
2011-04-20 17:00:00,400.4234288012415
2011-04-20 18:00:00,429.80490296405463
2011-04-20 19:00:00,311.38325492060574
2011-04-20 20:00:00,223.09459435196032
2011-04-20 21:00:00,167.4237836879787
2011-04-20 22:00:00,139.3427872844683
2011-04-20 23:00:00,69.20402599211013
2011-04-21 00:00:00,29.854270719604433
2011-04-21 01:00:00,13.805174386743518
2011-04-21 02:00:00,8.219620875448298
2011-04-21 03:00:00,4.241687219235934
2011-04-21 04:00:00,4.017916440263171
2011-04-21 05:00:00,12.036891104024857
2011-04-21 06:00:00,51.279781178511
2011-04-21 07:00:00,138.58987260128555
2011-04-21 08:00:00,225.0753924956968
2011-04-21 09:00:00,156.2374195984766
2011-04-21 10:00:00,102.88856790464114
2011-04-21 11:00:00,111.50027940783332
2011-04-21 12:00:00,147.19937562312123
2011-04-21 13:00:00,155.55560266702213
2011-04-21 14:00:00,149.84416019027032
2011-04-21 15:00:00,153.58433158075155
2011-04-21 16:00:00,207.47343590385012
2011-04-21 17:00:00,408.6135742526472
2011-04-21 18:00:00,367.55488745914573
2011-04-21 19:00:00,228.18856756567723
2011-04-21 20:00:00,148.41760586689233
2011-04-21 21:00:00,110.67599736532199
2011-04-21 22:00:00,90.91526470738813
2011-04-21 23:00:00,56.19869803416496
2011-04-22 00:00:00,28.389865932531187
2011-04-22 01:00:00,15.299886233092092
2011-04-22 02:00:00,9.486425442798792
2011-04-22 03:00:00,4.79608726599496
2011-04-22 04:00:00,4.0475030264563685
2011-04-22 05:00:00,13.498339734521242
2011-04-22 06:00:00,52.28976098875039
2011-04-22 07:00:00,127.42802344961528
2011-04-22 08:00:00,236.34474928531296
2011-04-22 09:00:00,87.92984519741404
2011-04-22 10:00:00,90.54058770312314
2011-04-22 11:00:00,66.38413955663805
2011-04-22 12:00:00,69.07896110371118
2011-04-22 13:00:00,53.30110988638199
2011-04-22 14:00:00,43.26020550120787
2011-04-22 15:00:00,52.56526786260301
2011-04-22 16:00:00,80.23857850062257
2011-04-22 17:00:00,84.40997579756217
2011-04-22 18:00:00,70.64853238707806
2011-04-22 19:00:00,51.75251344276087
2011-04-22 20:00:00,46.28398926759967
2011-04-22 21:00:00,42.84783070113241
2011-04-22 22:00:00,47.46677884051638
2011-04-22 23:00:00,41.495806794298026
2011-04-23 00:00:00,29.00033134518005
2011-04-23 01:00:00,24.345014283299584
2011-04-23 02:00:00,24.902165263221384
2011-04-23 03:00:00,11.006437863833659
2011-04-23 04:00:00,5.5702826618086645
2011-04-23 05:00:00,6.679356008249308
2011-04-23 06:00:00,12.90992372682219
2011-04-23 07:00:00,18.688038210025585
2011-04-23 08:00:00,40.51928970448125
2011-04-23 09:00:00,29.798453595810894
2011-04-23 10:00:00,119.89904090057617
2011-04-23 11:00:00,159.3071718212246
2011-04-23 12:00:00,96.37760133364822
2011-04-23 13:00:00,96.03773100058652
2011-04-23 14:00:00,206.22664564969716
2011-04-23 15:00:00,251.4649639555563
2011-04-23 16:00:00,281.1515618963897
2011-04-23 17:00:00,283.2237330286041
2011-04-23 18:00:00,198.23160082204274
2011-04-23 19:00:00,71.27439461263306
2011-04-23 20:00:00,83.9607974919307
2011-04-23 21:00:00,51.140069255922235
2011-04-23 22:00:00,111.24400322784683
2011-04-23 23:00:00,86.57247289421491
2011-04-24 00:00:00,50.50626557229881
2011-04-24 01:00:00,41.50397997419962
2011-04-24 02:00:00,38.95497752507391
2011-04-24 03:00:00,18.365154649824994
2011-04-24 04:00:00,7.758958746853501
2011-04-24 05:00:00,7.868975623197183
2011-04-24 06:00:00,10.311813505893728
2011-04-24 07:00:00,20.862224043897896
2011-04-24 08:00:00,55.95877348543635
2011-04-24 09:00:00,119.92091520896685
2011-04-24 10:00:00,173.99708770045584
2011-04-24 11:00:00,299.9609273926634
2011-04-24 12:00:00,285.0659514905986
2011-04-24 13:00:00,302.9967974194156
2011-04-24 14:00:00,316.13794376471645
2011-04-24 15:00:00,318.96219358985553
2011-04-24 16:00:00,306.9645924418372
2011-04-24 17:00:00,324.1132210005806
2011-04-24 18:00:00,301.6672710566981
2011-04-24 19:00:00,61.209494511402646
2011-04-24 20:00:00,51.16500931012355
2011-04-24 21:00:00,58.78233536904519
2011-04-24 22:00:00,41.10124911267826
2011-04-24 23:00:00,36.40630136622733
2011-04-25 00:00:00,13.937296617565291
2011-04-25 01:00:00,9.65411985365912
2011-04-25 02:00:00,6.764115871847603
2011-04-25 03:00:00,3.77452636030223
2011-04-25 04:00:00,3.8895849791155586
2011-04-25 05:00:00,11.022487658208888
2011-04-25 06:00:00,44.9241857502133
2011-04-25 07:00:00,138.600446112225
2011-04-25 08:00:00,351.20480944034637
2011-04-25 09:00:00,196.40987299901
2011-04-25 10:00:00,119.60487534954818
2011-04-25 11:00:00,126.50483064838471
2011-04-25 12:00:00,151.63880454975484
2011-04-25 13:00:00,150.58530429960467
2011-04-25 14:00:00,142.08278812225558
2011-04-25 15:00:00,146.56599334720337
2011-04-25 16:00:00,217.28109272039703
2011-04-25 17:00:00,433.68718952048744
2011-04-25 18:00:00,425.3185190947479
2011-04-25 19:00:00,285.0117555233942
2011-04-25 20:00:00,207.22374918521666
2011-04-25 21:00:00,158.4001215576966
2011-04-25 22:00:00,112.60067891589712
2011-04-25 23:00:00,51.19611142734066
2011-04-26 00:00:00,24.38934499032237
2011-04-26 01:00:00,10.620703758711297
2011-04-26 02:00:00,6.822295847365932
2011-04-26 03:00:00,3.76835735682969
2011-04-26 04:00:00,4.330607371731352
2011-04-26 05:00:00,13.190317178678358
2011-04-26 06:00:00,59.43367168798406
2011-04-26 07:00:00,150.51383594866363
2011-04-26 08:00:00,163.90658123532427
2011-04-26 09:00:00,185.2356085250346
2011-04-26 10:00:00,120.79782695672495
2011-04-26 11:00:00,127.52679565569663
2011-04-26 12:00:00,151.58994421413664
2011-04-26 13:00:00,139.76415643046863
2011-04-26 14:00:00,135.8384410859644
2011-04-26 15:00:00,147.36202591706993
2011-04-26 16:00:00,218.29448004198963
2011-04-26 17:00:00,435.70988322979576
2011-04-26 18:00:00,417.14764740439324
2011-04-26 19:00:00,269.12129425137965
2011-04-26 20:00:00,203.30169573524236
2011-04-26 21:00:00,138.7732685243067
2011-04-26 22:00:00,117.43193322986458
2011-04-26 23:00:00,43.96451578420845
2011-04-27 00:00:00,26.900707877779276
2011-04-27 01:00:00,11.833324303579307
2011-04-27 02:00:00,7.042894824794796
2011-04-27 03:00:00,3.564782406685873
2011-04-27 04:00:00,3.3758958142255193
2011-04-27 05:00:00,9.955472864976834
2011-04-27 06:00:00,43.06196704208979
2011-04-27 07:00:00,111.2476514448503
2011-04-27 08:00:00,124.95611346244951
2011-04-27 09:00:00,63.819202124388354
2011-04-27 10:00:00,50.14149155449076
2011-04-27 11:00:00,104.41518467068045
2011-04-27 12:00:00,124.2588782256301
2011-04-27 13:00:00,125.01407216818146
2011-04-27 14:00:00,143.0593773184347
2011-04-27 15:00:00,143.1826649849016
2011-04-27 16:00:00,214.6090478467597
2011-04-27 17:00:00,93.76564597516204
2011-04-27 18:00:00,91.61179145023382
2011-04-27 19:00:00,214.14955240872993
2011-04-27 20:00:00,72.89341604071191
2011-04-27 21:00:00,43.443398271709626
2011-04-27 22:00:00,35.12116737614923
2011-04-27 23:00:00,16.487300661745593
2011-04-28 00:00:00,31.201890658503245
2011-04-28 01:00:00,10.815853754431746
2011-04-28 02:00:00,6.7531005595300915
2011-04-28 03:00:00,3.6657197886852737
2011-04-28 04:00:00,3.975984537894535
2011-04-28 05:00:00,12.540326515016183
2011-04-28 06:00:00,53.15858053219006
2011-04-28 07:00:00,188.43314263739956
2011-04-28 08:00:00,287.9432073241573
2011-04-28 09:00:00,41.67618871809421
2011-04-28 10:00:00,31.856386023623855
2011-04-28 11:00:00,52.78832330454086
2011-04-28 12:00:00,123.69307212579223
2011-04-28 13:00:00,54.07156522276747
2011-04-28 14:00:00,57.89292228165911
2011-04-28 15:00:00,152.8639954456654
2011-04-28 16:00:00,167.9741433050519
2011-04-28 17:00:00,418.94174823793423
2011-04-28 18:00:00,412.0495711492154
2011-04-28 19:00:00,297.7429271329469
2011-04-28 20:00:00,203.91130611710068
2011-04-28 21:00:00,153.43927862430175
2011-04-28 22:00:00,121.75436431420214
2011-04-28 23:00:00,74.77191368193505
2011-04-29 00:00:00,37.425796107257426
2011-04-29 01:00:00,19.64121232717698
2011-04-29 02:00:00,12.157853954743972
2011-04-29 03:00:00,6.006694729042011
2011-04-29 04:00:00,5.279782659702064
2011-04-29 05:00:00,15.951570805037413
2011-04-29 06:00:00,61.755122391274554
2011-04-29 07:00:00,190.57798969326478
2011-04-29 08:00:00,295.24515852723556
2011-04-29 09:00:00,199.2662521932797
2011-04-29 10:00:00,147.28061252096333
2011-04-29 11:00:00,154.05496650483735
2011-04-29 12:00:00,186.73949416491254
2011-04-29 13:00:00,186.08096756537742
2011-04-29 14:00:00,183.55409042829237
2011-04-29 15:00:00,169.37604833846845
2011-04-29 16:00:00,228.32242982642578
2011-04-29 17:00:00,384.4769424034243
2011-04-29 18:00:00,348.8734166056352
2011-04-29 19:00:00,200.85043975743392
2011-04-29 20:00:00,168.95093206318003
2011-04-29 21:00:00,119.53450308771225
2011-04-29 22:00:00,90.59696393735886
2011-04-29 23:00:00,70.54755387632945
2011-04-30 00:00:00,49.30408405427658
2011-04-30 01:00:00,39.023468080750106
2011-04-30 02:00:00,34.43275597425522
2011-04-30 03:00:00,12.790211010232756
2011-04-30 04:00:00,6.262020979043955
2011-04-30 05:00:00,6.339916997286908
2011-04-30 06:00:00,15.759971454765402
2011-04-30 07:00:00,41.12776829351689
2011-04-30 08:00:00,77.32462244826078
2011-04-30 09:00:00,137.4820767708255
2011-04-30 10:00:00,221.7961005425968
2011-04-30 11:00:00,259.6647455801787
2011-04-30 12:00:00,284.37460780788865
2011-04-30 13:00:00,283.68994619848525
2011-04-30 14:00:00,276.0498820800959
2011-04-30 15:00:00,288.3795892068389
2011-04-30 16:00:00,305.0186892742463
2011-04-30 17:00:00,319.2691736941869
2011-04-30 18:00:00,280.3845915894083
2011-04-30 19:00:00,216.16375185061034
2011-04-30 20:00:00,126.66496520800077
2011-04-30 21:00:00,100.32655886880764
2011-04-30 22:00:00,88.87123349857148
2011-04-30 23:00:00,75.31163499999903
2011-05-20 00:00:00,37.389392921958255
2011-05-20 01:00:00,18.715346150319103
2011-05-20 02:00:00,11.506248190645309
2011-05-20 03:00:00,7.475088784484041
2011-05-20 04:00:00,6.213093869882612
2011-05-20 05:00:00,21.82534722395762
2011-05-20 06:00:00,104.80319696748003
2011-05-20 07:00:00,301.369568352074
2011-05-20 08:00:00,355.12429879885497
2011-05-20 09:00:00,233.25851948760246
2011-05-20 10:00:00,161.2642022219896
2011-05-20 11:00:00,172.2176408542322
2011-05-20 12:00:00,231.48799833542594
2011-05-20 13:00:00,184.9806539644717
2011-05-20 14:00:00,226.52337418652937
2011-05-20 15:00:00,228.27198889218914
2011-05-20 16:00:00,338.10367932177354
2011-05-20 17:00:00,541.933079489492
2011-05-20 18:00:00,507.8087224676339
2011-05-20 19:00:00,322.48474565851
2011-05-20 20:00:00,248.24868520374622
2011-05-20 21:00:00,188.05691814517652
2011-05-20 22:00:00,157.17102891379542
2011-05-20 23:00:00,137.22270524582444
2011-05-21 00:00:00,109.11867297967196
2011-05-21 01:00:00,83.13157955445578
2011-05-21 02:00:00,60.97347771933696
2011-05-21 03:00:00,25.34683401370206
2011-05-21 04:00:00,9.544503814366585
2011-05-21 05:00:00,11.667246218847318
2011-05-21 06:00:00,24.806269577769584
2011-05-21 07:00:00,73.80737692725945
2011-05-21 08:00:00,162.1913284297211
2011-05-21 09:00:00,206.77792866968883
2011-05-21 10:00:00,287.3040943936759
2011-05-21 11:00:00,369.9941163232184
2011-05-21 12:00:00,427.3439671849388
2011-05-21 13:00:00,427.8898443034461
2011-05-21 14:00:00,422.33935771238515
2011-05-21 15:00:00,422.756804719138
2011-05-21 16:00:00,433.96494111729686
2011-05-21 17:00:00,454.23837397728806
2011-05-21 18:00:00,404.2604412104798
2011-05-21 19:00:00,311.9506217684182
2011-05-21 20:00:00,274.6975380805379
2011-05-21 21:00:00,214.76427453578182
2011-05-21 22:00:00,168.3675001494758
2011-05-21 23:00:00,127.12991872914338
2011-05-22 00:00:00,108.46089615773604
2011-05-22 01:00:00,66.56037307001408
2011-05-22 02:00:00,52.91930019974273
2011-05-22 03:00:00,31.602951645899978
2011-05-22 04:00:00,11.429908014581942
2011-05-22 05:00:00,12.41938041343996
2011-05-22 06:00:00,12.212733344441101
2011-05-22 07:00:00,36.47799260082737
2011-05-22 08:00:00,117.54027692272506
2011-05-22 09:00:00,197.63556471151253
2011-05-22 10:00:00,287.3972157694239
2011-05-22 11:00:00,356.7781189408296
2011-05-22 12:00:00,384.810777792942
2011-05-22 13:00:00,400.26338226003276
2011-05-22 14:00:00,326.7384962465033
2011-05-22 15:00:00,386.50020968168093
2011-05-22 16:00:00,418.079717134434
2011-05-22 17:00:00,410.4740518025024
2011-05-22 18:00:00,408.35954584890203
2011-05-22 19:00:00,320.0486611630437
2011-05-22 20:00:00,259.68152563091076
2011-05-22 21:00:00,171.2755359484256
2011-05-22 22:00:00,124.62181762756785
2011-05-22 23:00:00,62.74757635626797
2011-05-23 00:00:00,30.53194308246261
2011-05-23 01:00:00,15.395054003674954
2011-05-23 02:00:00,7.947095940420642
2011-05-23 03:00:00,4.9041410199740065
2011-05-23 04:00:00,5.976787546111139
2011-05-23 05:00:00,21.04100499037801
2011-05-23 06:00:00,87.49206173834402
2011-05-23 07:00:00,212.17112678676682
2011-05-23 08:00:00,395.1525110568329
2011-05-23 09:00:00,202.54360262822524
2011-05-23 10:00:00,144.15320944981303
2011-05-23 11:00:00,156.21633242159365
2011-05-23 12:00:00,188.9580004908492
2011-05-23 13:00:00,162.773780320143
2011-05-23 14:00:00,144.7567782328303
2011-05-23 15:00:00,156.39628776788186
2011-05-23 16:00:00,255.6853059441368
2011-05-23 17:00:00,461.8029655911116
2011-05-23 18:00:00,495.9262895626658
2011-05-23 19:00:00,352.8321923940811
2011-05-23 20:00:00,203.92708681157634
2011-05-23 21:00:00,143.97682026517975
2011-05-23 22:00:00,100.28635303717883
2011-05-23 23:00:00,50.582305998075604
2011-05-24 00:00:00,16.998554222129968
2011-05-24 01:00:00,10.381249162795072
2011-05-24 02:00:00,6.134149457124401
2011-05-24 03:00:00,4.735499402693615
2011-05-24 04:00:00,6.271593530092221
2011-05-24 05:00:00,16.940145136027976
2011-05-24 06:00:00,80.4804730259902
2011-05-24 07:00:00,197.32725713872762
2011-05-24 08:00:00,297.3751491814864
2011-05-24 09:00:00,227.23989771919003
2011-05-24 10:00:00,140.94092182977653
2011-05-24 11:00:00,148.91750899462895
2011-05-24 12:00:00,175.695125721549
2011-05-24 13:00:00,181.50054435684808
2011-05-24 14:00:00,168.89178373383223
2011-05-24 15:00:00,145.5559235756796
2011-05-24 16:00:00,288.6702311499674
2011-05-24 17:00:00,550.5965678858705
2011-05-24 18:00:00,536.3892900061335
2011-05-24 19:00:00,372.3468519112778
2011-05-24 20:00:00,292.54628614661397
2011-05-24 21:00:00,202.4309643944919
2011-05-24 22:00:00,71.5711257512495
2011-05-24 23:00:00,89.87569931068185
2011-05-25 00:00:00,28.41899811311608
2011-05-25 01:00:00,12.936542157892717
2011-05-25 02:00:00,6.696291382480778
2011-05-25 03:00:00,5.255949680308117
2011-05-25 04:00:00,5.3700067308594805
2011-05-25 05:00:00,21.963833810309993
2011-05-25 06:00:00,81.09268422376975
2011-05-25 07:00:00,270.15181493598885
2011-05-25 08:00:00,382.975977129291
2011-05-25 09:00:00,226.4567714019537
2011-05-25 10:00:00,135.18567326823646
2011-05-25 11:00:00,148.68009546620527
2011-05-25 12:00:00,192.76437746962398
2011-05-25 13:00:00,191.93370359897045
2011-05-25 14:00:00,180.85686958473846
2011-05-25 15:00:00,177.00279633309802
2011-05-25 16:00:00,274.2717471920321
2011-05-25 17:00:00,549.310141513565
2011-05-25 18:00:00,544.0483418022573
2011-05-25 19:00:00,393.49412937548675
2011-05-25 20:00:00,308.66879959569985
2011-05-25 21:00:00,239.7450806516697
2011-05-25 22:00:00,175.50782712978773
2011-05-25 23:00:00,92.97128082825974
2011-05-26 00:00:00,49.71049178542177
2011-05-26 01:00:00,20.661858873398742
2011-05-26 02:00:00,10.384961996101932
2011-05-26 03:00:00,6.039577083115932
2011-05-26 04:00:00,6.40421441241116
2011-05-26 05:00:00,20.19265813806202
2011-05-26 06:00:00,75.76496057519134
2011-05-26 07:00:00,162.08856394001373
2011-05-26 08:00:00,457.6429048001125
2011-05-26 09:00:00,228.36878191510243
2011-05-26 10:00:00,143.99966860147023
2011-05-26 11:00:00,150.33353038555921
2011-05-26 12:00:00,179.85240151051946
2011-05-26 13:00:00,174.95155866470944
2011-05-26 14:00:00,166.8133678942831
2011-05-26 15:00:00,167.46259443741255
2011-05-26 16:00:00,246.09368634439903
2011-05-26 17:00:00,531.7231838681853
2011-05-26 18:00:00,532.156113349545
2011-05-26 19:00:00,390.0427678793635
2011-05-26 20:00:00,306.8968557764198
2011-05-26 21:00:00,243.8808894720633
2011-05-26 22:00:00,183.91142221524737
2011-05-26 23:00:00,115.80460049339416
2011-05-27 00:00:00,61.87370575819593
2011-05-27 01:00:00,27.075571382236177
2011-05-27 02:00:00,14.827222629157601
2011-05-27 03:00:00,8.106740960666308
2011-05-27 04:00:00,7.0615523134648805
2011-05-27 05:00:00,23.74629386475406
2011-05-27 06:00:00,109.25723480873658
2011-05-27 07:00:00,267.1775562434445
2011-05-27 08:00:00,386.37365855306535
2011-05-27 09:00:00,232.70061567696752
2011-05-27 10:00:00,154.38031898965818
2011-05-27 11:00:00,157.25570527233842
2011-05-27 12:00:00,193.36203673796462
2011-05-27 13:00:00,231.35786050343984
2011-05-27 14:00:00,208.55964576246623
2011-05-27 15:00:00,207.16449710613324
2011-05-27 16:00:00,275.5039550322267
2011-05-27 17:00:00,545.9198682683624
2011-05-27 18:00:00,468.13978841719097
2011-05-27 19:00:00,236.9818333685557
2011-05-27 20:00:00,223.16995813033557
2011-05-27 21:00:00,157.18756371441756
2011-05-27 22:00:00,162.24014764398473
2011-05-27 23:00:00,131.33658815431352
2011-05-28 00:00:00,107.29476506999741
2011-05-28 01:00:00,80.55119839814897
2011-05-28 02:00:00,46.81877682432901
2011-05-28 03:00:00,23.693442644039926
2011-05-28 04:00:00,9.024767518276233
2011-05-28 05:00:00,11.188464728300337
2011-05-28 06:00:00,23.19307032714021
2011-05-28 07:00:00,46.75179310496897
2011-05-28 08:00:00,140.97568767065067
2011-05-28 09:00:00,215.36242360470663
2011-05-28 10:00:00,296.99091824932754
2011-05-28 11:00:00,368.6703841221995
2011-05-28 12:00:00,397.6068316473581
2011-05-28 13:00:00,407.2994451355542
2011-05-28 14:00:00,402.0160523678393
2011-05-28 15:00:00,398.8691734593214
2011-05-28 16:00:00,389.3653738234726
2011-05-28 17:00:00,453.20254689899167
2011-05-28 18:00:00,415.01580356592103
2011-05-28 19:00:00,321.28016376522015
2011-05-28 20:00:00,283.04290243578424
2011-05-28 21:00:00,217.06981622650235
2011-05-28 22:00:00,181.8153675737492
2011-05-28 23:00:00,128.46651991949201
2011-05-29 00:00:00,112.87479281677841
2011-05-29 01:00:00,94.36869061225516
2011-05-29 02:00:00,68.33439252408208
2011-05-29 03:00:00,35.56645808808659
2011-05-29 04:00:00,11.22378508782231
2011-05-29 05:00:00,10.158368303586174
2011-05-29 06:00:00,14.888895195222817
2011-05-29 07:00:00,33.931118478516915
2011-05-29 08:00:00,73.13878877574375
2011-05-29 09:00:00,80.65486316213156
2011-05-29 10:00:00,224.13218547323143
2011-05-29 11:00:00,250.4576691838941
2011-05-29 12:00:00,324.35600970121124
2011-05-29 13:00:00,359.7024907693466
2011-05-29 14:00:00,344.7978186612414
2011-05-29 15:00:00,343.840634406513
2011-05-29 16:00:00,371.33735515252147
2011-05-29 17:00:00,391.423158004036
2011-05-29 18:00:00,349.3464207638536
2011-05-29 19:00:00,298.72788045251264
2011-05-29 20:00:00,203.91970951037842
2011-05-29 21:00:00,173.89349279590957
2011-05-29 22:00:00,111.47983493505731
2011-05-29 23:00:00,92.5061489298203
2011-05-30 00:00:00,88.92994195579789
2011-05-30 01:00:00,68.41265620272871
2011-05-30 02:00:00,47.43455671918433
2011-05-30 03:00:00,18.104653790002995
2011-05-30 04:00:00,7.091933602209845
2011-05-30 05:00:00,10.421253033573393
2011-05-30 06:00:00,20.11479819896882
2011-05-30 07:00:00,62.962518214082436
2011-05-30 08:00:00,191.87699954855702
2011-05-30 09:00:00,222.7723606437905
2011-05-30 10:00:00,265.40789548992876
2011-05-30 11:00:00,310.95590259151487
2011-05-30 12:00:00,337.8262872142842
2011-05-30 13:00:00,340.9766024293901
2011-05-30 14:00:00,308.9128880649068
2011-05-30 15:00:00,291.92033259503387
2011-05-30 16:00:00,297.31752658732086
2011-05-30 17:00:00,420.9005070191869
2011-05-30 18:00:00,447.3433158262122
2011-05-30 19:00:00,364.2349240020839
2011-05-30 20:00:00,322.733956184962
2011-05-30 21:00:00,285.9876054366106
2011-05-30 22:00:00,202.15518000200893
2011-05-30 23:00:00,96.88060087032312
2011-05-31 00:00:00,36.86081932253975
2011-05-31 01:00:00,15.320701395265251
2011-05-31 02:00:00,6.6930857524778
2011-05-31 03:00:00,4.852701960613515
2011-05-31 04:00:00,6.452475403418663
2011-05-31 05:00:00,23.90731824085244
2011-05-31 06:00:00,116.43864134657794
2011-05-31 07:00:00,260.8720046249451
2011-05-31 08:00:00,412.5611968636602
2011-05-31 09:00:00,218.86909525064323
2011-05-31 10:00:00,120.37840743306391
2011-05-31 11:00:00,125.93268191594353
2011-05-31 12:00:00,159.72839081970008
2011-05-31 13:00:00,158.9906031612356
2011-05-31 14:00:00,149.81526435330485
2011-05-31 15:00:00,156.01714756314087
2011-05-31 16:00:00,245.84862753195853
2011-05-31 17:00:00,519.5727348509128
2011-05-31 18:00:00,516.0490236388061
2011-05-31 19:00:00,385.6108608232318
2011-05-31 20:00:00,304.3611183137519
2011-05-31 21:00:00,234.82727128841245
2011-05-31 22:00:00,173.2979378736629
2011-05-31 23:00:00,96.96337614151786
2011-06-20 00:00:00,38.41008983684971
2011-06-20 01:00:00,15.74539231283902
2011-06-20 02:00:00,9.016924241263773
2011-06-20 03:00:00,4.995738938072013
2011-06-20 04:00:00,5.30429975040958
2011-06-20 05:00:00,20.189869160741257
2011-06-20 06:00:00,85.1373502430257
2011-06-20 07:00:00,155.94833815121106
2011-06-20 08:00:00,261.8720617814443
2011-06-20 09:00:00,227.58218505256616
2011-06-20 10:00:00,129.22020219684964
2011-06-20 11:00:00,139.42979593832652
2011-06-20 12:00:00,184.6289677719268
2011-06-20 13:00:00,189.54864289082693
2011-06-20 14:00:00,183.15292569674386
2011-06-20 15:00:00,191.52663942015954
2011-06-20 16:00:00,290.27385050520195
2011-06-20 17:00:00,543.3351485920017
2011-06-20 18:00:00,534.2586897378492
2011-06-20 19:00:00,388.4185430091088
2011-06-20 20:00:00,291.2892578989862
2011-06-20 21:00:00,211.28081134988673
2011-06-20 22:00:00,147.12901752475673
2011-06-20 23:00:00,82.00163480585697
2011-06-21 00:00:00,34.414321711758696
2011-06-21 01:00:00,13.105318460346856
2011-06-21 02:00:00,6.973795558922195
2011-06-21 03:00:00,4.9875721732375915
2011-06-21 04:00:00,5.692718276078058
2011-06-21 05:00:00,22.44080712393552
2011-06-21 06:00:00,107.07293340526587
2011-06-21 07:00:00,185.0798566304019
2011-06-21 08:00:00,392.6288387584126
2011-06-21 09:00:00,189.87972421890035
2011-06-21 10:00:00,124.07558094503543
2011-06-21 11:00:00,138.99149753603675
2011-06-21 12:00:00,178.1477776491823
2011-06-21 13:00:00,186.2682280461089
2011-06-21 14:00:00,175.41528571212058
2011-06-21 15:00:00,179.5471538916949
2011-06-21 16:00:00,275.3998133972322
2011-06-21 17:00:00,530.2439995226687
2011-06-21 18:00:00,504.1798933737442
2011-06-21 19:00:00,349.4001824615725
2011-06-21 20:00:00,273.1271223953168
2011-06-21 21:00:00,225.21166491834376
2011-06-21 22:00:00,167.8827738330077
2011-06-21 23:00:00,92.25367618967853
2011-06-22 00:00:00,39.328845980271396
2011-06-22 01:00:00,17.46912304042218
2011-06-22 02:00:00,9.549953914889844
2011-06-22 03:00:00,6.55813874495739
2011-06-22 04:00:00,6.2834031146017475
2011-06-22 05:00:00,24.58056188310458
2011-06-22 06:00:00,114.41903051239534
2011-06-22 07:00:00,337.99464440446604
2011-06-22 08:00:00,411.9056879380382
2011-06-22 09:00:00,226.21718710394507
2011-06-22 10:00:00,134.3830533389327
2011-06-22 11:00:00,151.87037318734812
2011-06-22 12:00:00,181.80037566913379
2011-06-22 13:00:00,169.08060470616007
2011-06-22 14:00:00,169.44271210875635
2011-06-22 15:00:00,164.15969512654377
2011-06-22 16:00:00,241.1831323991113
2011-06-22 17:00:00,481.0607432858046
2011-06-22 18:00:00,519.6065857574297
2011-06-22 19:00:00,385.6733536398761
2011-06-22 20:00:00,292.8020115733314
2011-06-22 21:00:00,223.0488206933447
2011-06-22 22:00:00,156.9401638262871
2011-06-22 23:00:00,99.0966927082701
2011-06-23 00:00:00,44.484504519636715
2011-06-23 01:00:00,18.555241049473278
2011-06-23 02:00:00,10.307646604204068
2011-06-23 03:00:00,6.278097261860818
2011-06-23 04:00:00,7.150618146769359
2011-06-23 05:00:00,26.140035032589257
2011-06-23 06:00:00,112.34434032768604
2011-06-23 07:00:00,294.9071860088866
2011-06-23 08:00:00,395.66699070212456
2011-06-23 09:00:00,226.16159207735527
2011-06-23 10:00:00,130.901635657362
2011-06-23 11:00:00,129.38184978014058
2011-06-23 12:00:00,176.82963835935143
2011-06-23 13:00:00,178.24995479429097
2011-06-23 14:00:00,162.33120132435636
2011-06-23 15:00:00,165.2425827462542
2011-06-23 16:00:00,269.2308471725096
2011-06-23 17:00:00,452.1350363766533
2011-06-23 18:00:00,519.1635509980725
2011-06-23 19:00:00,381.5088074392801
2011-06-23 20:00:00,292.0843212160492
2011-06-23 21:00:00,227.7482711231603
2011-06-23 22:00:00,161.75668006261117
2011-06-23 23:00:00,125.50587974256226
2011-06-24 00:00:00,57.87542325004272
2011-06-24 01:00:00,23.702980650199176
2011-06-24 02:00:00,13.044711425669744
2011-06-24 03:00:00,7.940581178417005
2011-06-24 04:00:00,7.158587559611904
2011-06-24 05:00:00,23.289705380415594
2011-06-24 06:00:00,111.36571235050715
2011-06-24 07:00:00,306.2614853276845
2011-06-24 08:00:00,385.7773900998763
2011-06-24 09:00:00,233.6377312306182
2011-06-24 10:00:00,151.63546729078922
2011-06-24 11:00:00,172.34030039954206
2011-06-24 12:00:00,215.72597322047307
2011-06-24 13:00:00,225.76742789666383
2011-06-24 14:00:00,212.54336101368196
2011-06-24 15:00:00,213.68914959143189
2011-06-24 16:00:00,313.0790759291889
2011-06-24 17:00:00,560.412074388599
2011-06-24 18:00:00,507.27773983295475
2011-06-24 19:00:00,345.2631658787618
2011-06-24 20:00:00,270.692766638745
2011-06-24 21:00:00,219.5634380381492
2011-06-24 22:00:00,184.83270404538038
2011-06-24 23:00:00,157.0683356329665
2011-06-25 00:00:00,116.73660158691277
2011-06-25 01:00:00,84.47150069607378
2011-06-25 02:00:00,57.2089157897263
2011-06-25 03:00:00,25.36959939213264
2011-06-25 04:00:00,10.146228776619354
2011-06-25 05:00:00,10.956902435776115
2011-06-25 06:00:00,24.98390468433185
2011-06-25 07:00:00,81.98397303616419
2011-06-25 08:00:00,151.62568154255658
2011-06-25 09:00:00,211.63954592195327
2011-06-25 10:00:00,302.2814508474385
2011-06-25 11:00:00,371.0674831324238
2011-06-25 12:00:00,429.18076119362087
2011-06-25 13:00:00,427.667278743009
2011-06-25 14:00:00,392.4636011617785
2011-06-25 15:00:00,395.6105731322078
2011-06-25 16:00:00,420.2205133297877
2011-06-25 17:00:00,426.28663274616355
2011-06-25 18:00:00,384.7646082141303
2011-06-25 19:00:00,322.416720034845
2011-06-25 20:00:00,282.04870491233714
2011-06-25 21:00:00,224.5890278076254
2011-06-25 22:00:00,190.5698785986416
2011-06-25 23:00:00,129.29599486555708
2011-06-26 00:00:00,115.99361941380094
2011-06-26 01:00:00,93.80034200789937
2011-06-26 02:00:00,69.17015850573044
2011-06-26 03:00:00,35.19474364520542
2011-06-26 04:00:00,11.519279408758525
2011-06-26 05:00:00,10.522673772195231
2011-06-26 06:00:00,18.65051549699372
2011-06-26 07:00:00,81.76027445111256
2011-06-26 08:00:00,116.94364642840776
2011-06-26 09:00:00,187.8611149431898
2011-06-26 10:00:00,284.4128597366777
2011-06-26 11:00:00,358.1924236058612
2011-06-26 12:00:00,400.6883435302671
2011-06-26 13:00:00,396.5596087566988
2011-06-26 14:00:00,387.07152313833893
2011-06-26 15:00:00,386.9070966965629
2011-06-26 16:00:00,408.2300545920041
2011-06-26 17:00:00,397.370159262695
2011-06-26 18:00:00,362.7471399136606
2011-06-26 19:00:00,321.30111205069636
2011-06-26 20:00:00,253.39776171600315
2011-06-26 21:00:00,182.25580667794682
2011-06-26 22:00:00,142.92159464817226
2011-06-26 23:00:00,86.95559130304822
2011-06-27 00:00:00,34.47906613876822
2011-06-27 01:00:00,17.062438663501652
2011-06-27 02:00:00,8.740484000883049
2011-06-27 03:00:00,5.624367583069443
2011-06-27 04:00:00,6.131667882416297
2011-06-27 05:00:00,23.889319571729857
2011-06-27 06:00:00,114.79460652087239
2011-06-27 07:00:00,292.27772620159027
2011-06-27 08:00:00,423.02777047452287
2011-06-27 09:00:00,229.9951233790348
2011-06-27 10:00:00,132.82158778221066
2011-06-27 11:00:00,142.7004957167226
2011-06-27 12:00:00,187.80593630341133
2011-06-27 13:00:00,183.84612019788094
2011-06-27 14:00:00,174.24766803505761
2011-06-27 15:00:00,183.7085623319633
2011-06-27 16:00:00,283.5835534970573
2011-06-27 17:00:00,545.8579003760984
2011-06-27 18:00:00,539.3878219077615
2011-06-27 19:00:00,381.5247069855583
2011-06-27 20:00:00,284.38763240365705
2011-06-27 21:00:00,222.81604269718537
2011-06-27 22:00:00,151.2811549275715
2011-06-27 23:00:00,80.51771266414549
2011-06-28 00:00:00,36.733372686627796
2011-06-28 01:00:00,17.2490840217509
2011-06-28 02:00:00,9.871061743237739
2011-06-28 03:00:00,5.1098011136358075
2011-06-28 04:00:00,6.86234773681732
2011-06-28 05:00:00,26.991332650295064
2011-06-28 06:00:00,115.21152074729531
2011-06-28 07:00:00,340.0915412177777
2011-06-28 08:00:00,448.0842105360902
2011-06-28 09:00:00,219.21612844611923
2011-06-28 10:00:00,131.8713584839338
2011-06-28 11:00:00,141.05908819976187
2011-06-28 12:00:00,181.1850966453559
2011-06-28 13:00:00,182.13965604249867
2011-06-28 14:00:00,147.33512198011027
2011-06-28 15:00:00,143.67269184756353
2011-06-28 16:00:00,235.35068488786044
2011-06-28 17:00:00,441.25091123292975
2011-06-28 18:00:00,450.45348116717355
2011-06-28 19:00:00,333.8788575656585
2011-06-28 20:00:00,303.7015081231637
2011-06-28 21:00:00,237.4230648123969
2011-06-28 22:00:00,170.93439995506722
2011-06-28 23:00:00,93.91521519617963
2011-06-29 00:00:00,34.707093373050185
2011-06-29 01:00:00,16.25458678390699
2011-06-29 02:00:00,8.721350495443394
2011-06-29 03:00:00,5.982234352553444
2011-06-29 04:00:00,6.639056027829333
2011-06-29 05:00:00,24.365275993093366
2011-06-29 06:00:00,118.98868259538806
2011-06-29 07:00:00,289.8404390279368
2011-06-29 08:00:00,405.73542355684594
2011-06-29 09:00:00,227.43990370067817
2011-06-29 10:00:00,134.52402762626815
2011-06-29 11:00:00,147.00984370783516
2011-06-29 12:00:00,182.74509454134255
2011-06-29 13:00:00,179.07800293921593
2011-06-29 14:00:00,175.51581039010912
2011-06-29 15:00:00,183.17424000295753
2011-06-29 16:00:00,274.02946962460067
2011-06-29 17:00:00,562.9156137376009
2011-06-29 18:00:00,534.669026011187
2011-06-29 19:00:00,394.53531592946825
2011-06-29 20:00:00,303.8519797316303
2011-06-29 21:00:00,239.4528186128661
2011-06-29 22:00:00,175.09237468287952
2011-06-29 23:00:00,98.74173303717137
2011-06-30 00:00:00,47.29096130518892
2011-06-30 01:00:00,19.422688962904576
2011-06-30 02:00:00,10.647751939032824
2011-06-30 03:00:00,6.424879239387557
2011-06-30 04:00:00,6.800402836214705
2011-06-30 05:00:00,24.65444086079881
2011-06-30 06:00:00,116.82124165594044
2011-06-30 07:00:00,277.1615722967919
2011-06-30 08:00:00,420.07367638311166
2011-06-30 09:00:00,227.80118501190367
2011-06-30 10:00:00,136.7488683450924
2011-06-30 11:00:00,155.073486688619
2011-06-30 12:00:00,193.41331297334585
2011-06-30 13:00:00,192.68100405478953
2011-06-30 14:00:00,182.52852775107164
2011-06-30 15:00:00,182.53872684865527
2011-06-30 16:00:00,294.6668466029028
2011-06-30 17:00:00,539.8500809888858
2011-06-30 18:00:00,544.2483277547869
2011-06-30 19:00:00,390.83992089620614
2011-06-30 20:00:00,306.5867574913449
2011-06-30 21:00:00,238.37319308108798
2011-06-30 22:00:00,183.29256591508226
2011-06-30 23:00:00,116.35933337840423
2011-07-20 00:00:00,34.08877996553208
2011-07-20 01:00:00,14.74282047041087
2011-07-20 02:00:00,8.223237339238871
2011-07-20 03:00:00,5.887099823079492
2011-07-20 04:00:00,6.681403241317129
2011-07-20 05:00:00,26.21941546642224
2011-07-20 06:00:00,115.32299807207497
2011-07-20 07:00:00,301.6018027432224
2011-07-20 08:00:00,422.6525655086524
2011-07-20 09:00:00,223.57323734247302
2011-07-20 10:00:00,133.08420480706337
2011-07-20 11:00:00,131.0673813096554
2011-07-20 12:00:00,163.70581025772776
2011-07-20 13:00:00,160.8131694758766
2011-07-20 14:00:00,147.6478555547237
2011-07-20 15:00:00,154.96198498004478
2011-07-20 16:00:00,247.21452286552713
2011-07-20 17:00:00,510.4088283888667
2011-07-20 18:00:00,506.9472662422924
2011-07-20 19:00:00,366.8653062385488
2011-07-20 20:00:00,260.38839483308203
2011-07-20 21:00:00,232.78682704193403
2011-07-20 22:00:00,167.00522225415116
2011-07-20 23:00:00,103.16861722430714
2011-07-21 00:00:00,47.07225713635813
2011-07-21 01:00:00,14.824101452963651
2011-07-21 02:00:00,8.234956290495344
2011-07-21 03:00:00,6.4079205343009304
2011-07-21 04:00:00,5.983101782422216
2011-07-21 05:00:00,22.080459139828946
2011-07-21 06:00:00,107.97417588746019
2011-07-21 07:00:00,308.83583854451894
2011-07-21 08:00:00,460.946633979061
2011-07-21 09:00:00,197.2927014992637
2011-07-21 10:00:00,118.46041087815179
2011-07-21 11:00:00,128.42989197664093
2011-07-21 12:00:00,158.90421442367608
2011-07-21 13:00:00,158.34384741377184
2011-07-21 14:00:00,151.45375655561202
2011-07-21 15:00:00,155.68101562218564
2011-07-21 16:00:00,241.03711048540814
2011-07-21 17:00:00,474.3299359562362
2011-07-21 18:00:00,470.19695121982363
2011-07-21 19:00:00,340.76772621625435
2011-07-21 20:00:00,275.5551970485144
2011-07-21 21:00:00,198.623667942423
2011-07-21 22:00:00,169.09313954554375
2011-07-21 23:00:00,121.71756297515456
2011-07-22 00:00:00,54.92452011373032
2011-07-22 01:00:00,24.968761117667935
2011-07-22 02:00:00,13.52802085195288
2011-07-22 03:00:00,7.295856640787001
2011-07-22 04:00:00,7.392321956402241
2011-07-22 05:00:00,25.713099183922896
2011-07-22 06:00:00,108.47372850363686
2011-07-22 07:00:00,242.38442817636314
2011-07-22 08:00:00,348.31997206161043
2011-07-22 09:00:00,181.62462176505085
2011-07-22 10:00:00,113.81780361908453
2011-07-22 11:00:00,135.4341824174287
2011-07-22 12:00:00,145.92394186378493
2011-07-22 13:00:00,145.92394186378493
2011-07-22 14:00:00,159.42886227320113
2011-07-22 15:00:00,160.9313066909349
2011-07-22 16:00:00,236.13901719772994
2011-07-22 17:00:00,450.5138702692059
2011-07-22 18:00:00,438.76660299467096
2011-07-22 19:00:00,317.86746771895
2011-07-22 20:00:00,236.6211456924775
2011-07-22 21:00:00,196.3357156444941
2011-07-22 22:00:00,148.19971072647132
2011-07-22 23:00:00,136.17380796403577
2011-07-23 00:00:00,112.6274647407553
2011-07-23 01:00:00,79.24751313787196
2011-07-23 02:00:00,53.94611470164764
2011-07-23 03:00:00,23.70361883074891
2011-07-23 04:00:00,10.16174144001071
2011-07-23 05:00:00,10.900043322922226
2011-07-23 06:00:00,24.859213560362207
2011-07-23 07:00:00,76.04427898362823
2011-07-23 08:00:00,130.01286905864436
2011-07-23 09:00:00,176.85615335617686
2011-07-23 10:00:00,251.39103731381203
2011-07-23 11:00:00,284.9173487421357
2011-07-23 12:00:00,288.1160140379794
2011-07-23 13:00:00,249.1602423922417
2011-07-23 14:00:00,291.758646803137
2011-07-23 15:00:00,242.8427521214279
2011-07-23 16:00:00,258.50428084464625
2011-07-23 17:00:00,290.05338572958647
2011-07-23 18:00:00,324.63825046447
2011-07-23 19:00:00,301.86933507076407
2011-07-23 20:00:00,254.5207346440422
2011-07-23 21:00:00,202.2037735149703
2011-07-23 22:00:00,186.39284113756102
2011-07-23 23:00:00,148.98440587192232
2011-07-24 00:00:00,119.90707301517537
2011-07-24 01:00:00,87.61008701367788
2011-07-24 02:00:00,64.63008892967524
2011-07-24 03:00:00,34.572941487970866
2011-07-24 04:00:00,10.983063524730891
2011-07-24 05:00:00,10.034526685953493
2011-07-24 06:00:00,17.05195531102567
2011-07-24 07:00:00,72.23836847169311
2011-07-24 08:00:00,103.5054490908143
2011-07-24 09:00:00,164.2856710835208
2011-07-24 10:00:00,244.9955712701687
2011-07-24 11:00:00,306.95398307365764
2011-07-24 12:00:00,318.69294601148243
2011-07-24 13:00:00,322.27324137689783
2011-07-24 14:00:00,318.05211031179175
2011-07-24 15:00:00,316.5981707409409
2011-07-24 16:00:00,326.2878422070356
2011-07-24 17:00:00,354.5013812102742
2011-07-24 18:00:00,343.75833210638
2011-07-24 19:00:00,300.28371302257176
2011-07-24 20:00:00,250.395627852346
2011-07-24 21:00:00,191.7446968879704
2011-07-24 22:00:00,142.1231259918136
2011-07-24 23:00:00,77.93818062414222
2011-07-25 00:00:00,42.821283568635145
2011-07-25 01:00:00,17.461832332552806
2011-07-25 02:00:00,9.958357833471256
2011-07-25 03:00:00,6.15126749533844
2011-07-25 04:00:00,6.361749452545903
2011-07-25 05:00:00,23.39779555111838
2011-07-25 06:00:00,109.13488156655208
2011-07-25 07:00:00,341.68268080338305
2011-07-25 08:00:00,426.30340041616273
2011-07-25 09:00:00,197.11459025857687
2011-07-25 10:00:00,114.3625017162252
2011-07-25 11:00:00,134.36369791658655
2011-07-25 12:00:00,174.6293714234936
2011-07-25 13:00:00,174.67826839537642
2011-07-25 14:00:00,144.67256403554114
2011-07-25 15:00:00,140.0664662717225
2011-07-25 16:00:00,184.37646141023023
2011-07-25 17:00:00,482.9853146046876
2011-07-25 18:00:00,492.3219672273566
2011-07-25 19:00:00,364.91415722925115
2011-07-25 20:00:00,279.42124745599665
2011-07-25 21:00:00,188.92664157636534
2011-07-25 22:00:00,160.8513598736844
2011-07-25 23:00:00,87.84442044681259
2011-07-26 00:00:00,38.679408264513974
2011-07-26 01:00:00,17.108860497811662
2011-07-26 02:00:00,8.684663507837737
2011-07-26 03:00:00,6.314345032032355
2011-07-26 04:00:00,6.6934413268607
2011-07-26 05:00:00,24.797874473864216
2011-07-26 06:00:00,114.3427003158118
2011-07-26 07:00:00,282.9681033253821
2011-07-26 08:00:00,408.5461134293268
2011-07-26 09:00:00,224.56442114958998
2011-07-26 10:00:00,129.9728739397375
2011-07-26 11:00:00,138.6458756979673
2011-07-26 12:00:00,188.1766869534342
2011-07-26 13:00:00,188.2387230980593
2011-07-26 14:00:00,173.51124678390016
2011-07-26 15:00:00,173.83573128718214
2011-07-26 16:00:00,270.3999041928492
2011-07-26 17:00:00,525.879596497647
2011-07-26 18:00:00,522.3788593564618
2011-07-26 19:00:00,381.8740559066217
2011-07-26 20:00:00,306.12759997271615
2011-07-26 21:00:00,235.4042251324018
2011-07-26 22:00:00,176.68249706441944
2011-07-26 23:00:00,96.97276837484938
2011-07-27 00:00:00,41.24734443124798
2011-07-27 01:00:00,16.2198400621507
2011-07-27 02:00:00,8.58401785712651
2011-07-27 03:00:00,6.467200541839274
2011-07-27 04:00:00,6.8117070384025045
2011-07-27 05:00:00,27.279210227751033
2011-07-27 06:00:00,117.33690771347328
2011-07-27 07:00:00,287.6771190981837
2011-07-27 08:00:00,409.61389433022003
2011-07-27 09:00:00,222.85486986327084
2011-07-27 10:00:00,131.88616186866162
2011-07-27 11:00:00,145.5829448550793
2011-07-27 12:00:00,188.75836596037607
2011-07-27 13:00:00,188.2387230980593
2011-07-27 14:00:00,177.7932884145946
2011-07-27 15:00:00,182.10974509812445
2011-07-27 16:00:00,285.5289865413638
2011-07-27 17:00:00,557.429952115431
2011-07-27 18:00:00,537.1858446012182
2011-07-27 19:00:00,387.8468884972335
2011-07-27 20:00:00,308.5098865875651
2011-07-27 21:00:00,234.6368353204651
2011-07-27 22:00:00,172.76112233572732
2011-07-27 23:00:00,101.64414625342694
2011-07-28 00:00:00,48.4455747406143
2011-07-28 01:00:00,20.016326169135592
2011-07-28 02:00:00,10.968663320097313
2011-07-28 03:00:00,6.701342021290833
2011-07-28 04:00:00,7.124742699561745
2011-07-28 05:00:00,26.698002874309125
2011-07-28 06:00:00,114.09105973128018
2011-07-28 07:00:00,279.72771647179025
2011-07-28 08:00:00,414.1706577472284
2011-07-28 09:00:00,221.0033621974499
2011-07-28 10:00:00,134.0019002623627
2011-07-28 11:00:00,130.24258966198886
2011-07-28 12:00:00,165.96268229136174
2011-07-28 13:00:00,160.57979396868794
2011-07-28 14:00:00,165.5697952302469
2011-07-28 15:00:00,152.08181943429994
2011-07-28 16:00:00,248.1093921527188
2011-07-28 17:00:00,496.96596770782065
2011-07-28 18:00:00,477.3612830079669
2011-07-28 19:00:00,368.59554701718514
2011-07-28 20:00:00,286.3720311962937
2011-07-28 21:00:00,224.54302485536107
2011-07-28 22:00:00,175.61260969234647
2011-07-28 23:00:00,117.94427505122088
2011-07-29 00:00:00,60.008660491203095
2011-07-29 01:00:00,26.874574390768565
2011-07-29 02:00:00,14.335408924728613
2011-07-29 03:00:00,7.828897553395341
2011-07-29 04:00:00,6.9892678975923275
2011-07-29 05:00:00,23.574416194620305
2011-07-29 06:00:00,109.58741426595536
2011-07-29 07:00:00,333.29498948310817
2011-07-29 08:00:00,414.4571362297309
2011-07-29 09:00:00,186.1528905741214
2011-07-29 10:00:00,126.48847672635873
2011-07-29 11:00:00,144.68705050306517
2011-07-29 12:00:00,169.1575338194213
2011-07-29 13:00:00,168.3876016652439
2011-07-29 14:00:00,161.6447525658577
2011-07-29 15:00:00,167.5807117617964
2011-07-29 16:00:00,240.91066818769968
2011-07-29 17:00:00,409.6823952688979
2011-07-29 18:00:00,432.21856788401095
2011-07-29 19:00:00,299.4790768568788
2011-07-29 20:00:00,236.9164288924274
2011-07-29 21:00:00,217.57976550992024
2011-07-29 22:00:00,182.4225461346887
2011-07-29 23:00:00,153.16882775964243
2011-07-30 00:00:00,112.32330991175891
2011-07-30 01:00:00,79.8680087882495
2011-07-30 02:00:00,53.038435694885905
2011-07-30 03:00:00,24.44899264974206
2011-07-30 04:00:00,10.243112339766707
2011-07-30 05:00:00,12.10897270423543
2011-07-30 06:00:00,25.835093785294806
2011-07-30 07:00:00,75.82014971984546
2011-07-30 08:00:00,145.56365807695045
2011-07-30 09:00:00,194.20286483481266
2011-07-30 10:00:00,291.9770401441116
2011-07-30 11:00:00,348.35958486682824
2011-07-30 12:00:00,400.95151958150944
2011-07-30 13:00:00,372.65802892599686
2011-07-30 14:00:00,322.4493988185403
2011-07-30 15:00:00,322.2867658045394
2011-07-30 16:00:00,325.8310091354291
2011-07-30 17:00:00,354.0227097965205
2011-07-30 18:00:00,365.89273875091476
2011-07-30 19:00:00,313.7941169641626
2011-07-30 20:00:00,276.5329316563388
2011-07-30 21:00:00,224.58774740720605
2011-07-30 22:00:00,186.61436539823293
2011-07-30 23:00:00,153.9018243414666
2011-07-31 00:00:00,116.97765066677553
2011-07-31 01:00:00,90.5906524725528
2011-07-31 02:00:00,65.42638005134934
2011-07-31 03:00:00,34.89113942797988
2011-07-31 04:00:00,11.209120182097312
2011-07-31 05:00:00,11.576518636990002
2011-07-31 06:00:00,16.14257923978213
2011-07-31 07:00:00,74.41680447454472
2011-07-31 08:00:00,110.84331363601198
2011-07-31 09:00:00,176.0246552683609
2011-07-31 10:00:00,275.2636478070131
2011-07-31 11:00:00,331.15539849040795
2011-07-31 12:00:00,366.002555949252
2011-07-31 13:00:00,391.74116044016023
2011-07-31 14:00:00,379.62869864377103
2011-07-31 15:00:00,360.04271686502153
2011-07-31 16:00:00,380.28191533730416
2011-07-31 17:00:00,366.88330442981203
2011-07-31 18:00:00,346.26464165577477
2011-07-31 19:00:00,288.1132445794497
2011-07-31 20:00:00,238.85248525292934
2011-07-31 21:00:00,185.05644482744037
2011-07-31 22:00:00,130.25995457557624
2011-07-31 23:00:00,83.83855425797361
2011-08-20 00:00:00,102.22728092095132
2011-08-20 01:00:00,78.12732940931365
2011-08-20 02:00:00,53.18714972828461
2011-08-20 03:00:00,22.870847500697177
2011-08-20 04:00:00,8.877417076064726
2011-08-20 05:00:00,10.849890879624951
2011-08-20 06:00:00,22.525901901982706
2011-08-20 07:00:00,44.09391887079964
2011-08-20 08:00:00,154.0317652039558
2011-08-20 09:00:00,199.45082535232382
2011-08-20 10:00:00,292.24657958996335
2011-08-20 11:00:00,353.16155036565294
2011-08-20 12:00:00,399.49121016384134
2011-08-20 13:00:00,385.6296681246692
2011-08-20 14:00:00,369.2399367957948
2011-08-20 15:00:00,378.66383578986853
2011-08-20 16:00:00,397.2794196191496
2011-08-20 17:00:00,404.14200884973843
2011-08-20 18:00:00,364.8900562254761
2011-08-20 19:00:00,307.86306196090476
2011-08-20 20:00:00,270.11316517444783
2011-08-20 21:00:00,209.47174651627577
2011-08-20 22:00:00,157.44409551621797
2011-08-20 23:00:00,144.62705974222396
2011-08-21 00:00:00,114.34991054217528
2011-08-21 01:00:00,94.78354370312499
2011-08-21 02:00:00,69.76739185490814
2011-08-21 03:00:00,34.16961600035051
2011-08-21 04:00:00,8.64843438086715
2011-08-21 05:00:00,11.142087188749244
2011-08-21 06:00:00,14.053813412146516
2011-08-21 07:00:00,42.4282044987045
2011-08-21 08:00:00,89.17056532194954
2011-08-21 09:00:00,169.91816990766645
2011-08-21 10:00:00,243.7454577620971
2011-08-21 11:00:00,316.22838330056277
2011-08-21 12:00:00,342.3872799280087
2011-08-21 13:00:00,373.3663406590865
2011-08-21 14:00:00,228.66550234698525
2011-08-21 15:00:00,253.12669220429154
2011-08-21 16:00:00,298.91536058945064
2011-08-21 17:00:00,249.19929774928252
2011-08-21 18:00:00,248.70678420700554
2011-08-21 19:00:00,282.69204484507947
2011-08-21 20:00:00,195.29499771769764
2011-08-21 21:00:00,168.82740648365618
2011-08-21 22:00:00,124.70088651985152
2011-08-21 23:00:00,77.64483396528804
2011-08-22 00:00:00,36.6425479120337
2011-08-22 01:00:00,16.478459990306355
2011-08-22 02:00:00,9.631604035831982
2011-08-22 03:00:00,5.867556328619299
2011-08-22 04:00:00,6.4893408908491095
2011-08-22 05:00:00,26.719784440322254
2011-08-22 06:00:00,116.16673308165792
2011-08-22 07:00:00,278.5798113884351
2011-08-22 08:00:00,387.0227488743199
2011-08-22 09:00:00,220.5647114708057
2011-08-22 10:00:00,138.167248652685
2011-08-22 11:00:00,150.88131382805014
2011-08-22 12:00:00,188.29906448881374
2011-08-22 13:00:00,185.87003173273388
2011-08-22 14:00:00,179.47038583068021
2011-08-22 15:00:00,183.62388626549512
2011-08-22 16:00:00,287.0305507006299
2011-08-22 17:00:00,502.1454647150738
2011-08-22 18:00:00,516.6599506873764
2011-08-22 19:00:00,370.29799490935085
2011-08-22 20:00:00,286.7195433423992
2011-08-22 21:00:00,219.30865441935626
2011-08-22 22:00:00,147.24462260811316
2011-08-22 23:00:00,76.66997704788
2011-08-23 00:00:00,36.93011523672783
2011-08-23 01:00:00,14.652754137794192
2011-08-23 02:00:00,8.531003229933134
2011-08-23 03:00:00,5.61722258848425
2011-08-23 04:00:00,6.437900228931264
2011-08-23 05:00:00,24.283410677030815
2011-08-23 06:00:00,106.58204197227118
2011-08-23 07:00:00,282.8952562128049
2011-08-23 08:00:00,424.99824816149084
2011-08-23 09:00:00,227.275086855554
2011-08-23 10:00:00,132.52817893583165
2011-08-23 11:00:00,146.44484672713125
2011-08-23 12:00:00,187.52958456594325
2011-08-23 13:00:00,187.78740028713327
2011-08-23 14:00:00,177.18189247987172
2011-08-23 15:00:00,183.6677461053671
2011-08-23 16:00:00,288.08587067182407
2011-08-23 17:00:00,544.1816690258828
2011-08-23 18:00:00,536.9991040809334
2011-08-23 19:00:00,380.32452785377166
2011-08-23 20:00:00,294.73801087064487
2011-08-23 21:00:00,230.5433990879973
2011-08-23 22:00:00,170.82972875541088
2011-08-23 23:00:00,84.91142288159725
2011-08-24 00:00:00,37.10367711509507
2011-08-24 01:00:00,15.354341990698654
2011-08-24 02:00:00,8.870089487033521
2011-08-24 03:00:00,6.119619534850943
2011-08-24 04:00:00,6.504093044785856
2011-08-24 05:00:00,25.10879623549284
2011-08-24 06:00:00,107.5630961719945
2011-08-24 07:00:00,271.71830684670016
2011-08-24 08:00:00,376.4239669793328
2011-08-24 09:00:00,218.3760164584638
2011-08-24 10:00:00,138.8116532637394
2011-08-24 11:00:00,149.92903024648902
2011-08-24 12:00:00,186.79498242705702
2011-08-24 13:00:00,186.13626015120423
2011-08-24 14:00:00,178.0368248691465
2011-08-24 15:00:00,179.84213126389687
2011-08-24 16:00:00,281.47288406815767
2011-08-24 17:00:00,516.0477612802166
2011-08-24 18:00:00,512.1509366027401
2011-08-24 19:00:00,374.7289674184018
2011-08-24 20:00:00,291.70997951499584
2011-08-24 21:00:00,220.5182352709673
2011-08-24 22:00:00,158.8306161435627
2011-08-24 23:00:00,94.6125824655424
2011-08-25 00:00:00,43.662882596751324
2011-08-25 01:00:00,17.784793744384615
2011-08-25 02:00:00,10.19306458627603
2011-08-25 03:00:00,6.208509634266704
2011-08-25 04:00:00,6.415604168089779
2011-08-25 05:00:00,25.685640642508176
2011-08-25 06:00:00,109.6605535222511
2011-08-25 07:00:00,301.9943636930129
2011-08-25 08:00:00,385.73351117144205
2011-08-25 09:00:00,209.71862754449336
2011-08-25 10:00:00,127.38626367023524
2011-08-25 11:00:00,93.51965504838525
2011-08-25 12:00:00,135.70547282773052
2011-08-25 13:00:00,154.99081931462115
2011-08-25 14:00:00,161.5850282375997
2011-08-25 15:00:00,173.30398396413494
2011-08-25 16:00:00,180.5697734231929
2011-08-25 17:00:00,293.6648193811717
2011-08-25 18:00:00,340.91957111252054
2011-08-25 19:00:00,253.30967072183796
2011-08-25 20:00:00,208.8472862151662
2011-08-25 21:00:00,188.41797581647455
2011-08-25 22:00:00,145.6029364421276
2011-08-25 23:00:00,75.83744402587685
2011-08-26 00:00:00,52.30756393990683
2011-08-26 01:00:00,23.11279018546963
2011-08-26 02:00:00,12.858554010325001
2011-08-26 03:00:00,7.164220907162165
2011-08-26 04:00:00,7.008205108762113
2011-08-26 05:00:00,21.808450182572418
2011-08-26 06:00:00,104.35675890829602
2011-08-26 07:00:00,305.6384161284892
2011-08-26 08:00:00,375.0168241220328
2011-08-26 09:00:00,226.55746576147902
2011-08-26 10:00:00,148.31838819549685
2011-08-26 11:00:00,165.19000770445714
2011-08-26 12:00:00,214.38835096282642
2011-08-26 13:00:00,215.09996133602476
2011-08-26 14:00:00,204.31639716761228
2011-08-26 15:00:00,208.92531597680414
2011-08-26 16:00:00,314.0218643489331
2011-08-26 17:00:00,448.3788968415795
2011-08-26 18:00:00,433.9334060465291
2011-08-26 19:00:00,270.24285990707074
2011-08-26 20:00:00,215.51229095489515
2011-08-26 21:00:00,194.35930784579466
2011-08-26 22:00:00,167.88298638038802
2011-08-26 23:00:00,143.81993424959413
2011-08-27 00:00:00,103.02942610312043
2011-08-27 01:00:00,77.66952337465567
2011-08-27 02:00:00,50.290683925420566
2011-08-27 03:00:00,21.995124906448783
2011-08-27 04:00:00,8.757517031168561
2011-08-27 05:00:00,9.48626589760479
2011-08-27 06:00:00,22.54890836284632
2011-08-27 07:00:00,39.0861474766784
2011-08-27 08:00:00,113.96525057312392
2011-08-27 09:00:00,147.71021312077966
2011-08-27 10:00:00,196.02768036793574
2011-08-27 11:00:00,127.7868693628375
2011-08-27 12:00:00,192.49460524304786
2011-08-27 13:00:00,196.84919322168594
2011-08-27 14:00:00,117.1857790880218
2011-08-27 15:00:00,120.24998635039968
2011-08-27 16:00:00,144.17854861945503
2011-08-27 17:00:00,69.56908189942831
2011-08-28 07:00:00,36.31498050762385
2011-08-28 08:00:00,70.76356480201686
2011-08-28 09:00:00,177.979728622259
2011-08-28 10:00:00,285.8404665973037
2011-08-28 11:00:00,344.2449085188272
2011-08-28 12:00:00,383.0856024584386
2011-08-28 13:00:00,385.4214071347619
2011-08-28 14:00:00,369.31979634284824
2011-08-28 15:00:00,372.2811895619267
2011-08-28 16:00:00,394.9913606134419
2011-08-28 17:00:00,385.1731124507847
2011-08-28 18:00:00,352.4603133652615
2011-08-28 19:00:00,297.7362135210877
2011-08-28 20:00:00,245.35422731541468
2011-08-28 21:00:00,187.305356660857
2011-08-28 22:00:00,119.7628183762814
2011-08-28 23:00:00,70.54664131869077
2011-08-29 00:00:00,36.17084919451287
2011-08-29 01:00:00,15.48166901396483
2011-08-29 02:00:00,8.917991957632902
2011-08-29 03:00:00,6.090613181543261
2011-08-29 04:00:00,6.559226607491107
2011-08-29 05:00:00,25.061336639927394
2011-08-29 06:00:00,109.52901687209238
2011-08-29 07:00:00,268.8537003283824
2011-08-29 08:00:00,408.4437402468452
2011-08-29 09:00:00,219.62938017996737
2011-08-29 10:00:00,131.48150805207604
2011-08-29 11:00:00,146.2408625238878
2011-08-29 12:00:00,187.013346990645
2011-08-29 13:00:00,185.7229489616174
2011-08-29 14:00:00,177.22310216212722
2011-08-29 15:00:00,182.7191246927589
2011-08-29 16:00:00,286.7484911429755
2011-08-29 17:00:00,530.6966331944396
2011-08-29 18:00:00,528.7749430027673
2011-08-29 19:00:00,375.5716267000955
2011-08-29 20:00:00,282.199789305931
2011-08-29 21:00:00,218.6150121080138
2011-08-29 22:00:00,152.92093939497562
2011-08-29 23:00:00,76.40874413134196
2011-08-30 00:00:00,35.15439759715984
2011-08-30 01:00:00,14.947440807392887
2011-08-30 02:00:00,8.6218285100423
2011-08-30 03:00:00,5.770637641496068
2011-08-30 04:00:00,6.399010104978259
2011-08-30 05:00:00,24.983809178180714
2011-08-30 06:00:00,107.38036702355082
2011-08-30 07:00:00,267.71110747078905
2011-08-30 08:00:00,415.608973230964
2011-08-30 09:00:00,221.59341341351396
2011-08-30 10:00:00,132.21656179045712
2011-08-30 11:00:00,146.7207658751702
2011-08-30 12:00:00,189.7949820854034
2011-08-30 13:00:00,187.78740028713327
2011-08-30 14:00:00,177.956181529421
2011-08-30 15:00:00,183.6677461053671
2011-08-30 16:00:00,288.08587067182407
2011-08-30 17:00:00,544.1816690258828
2011-08-30 18:00:00,536.7171687832819
2011-08-30 19:00:00,378.07976690338944
2011-08-30 20:00:00,297.8015532827867
2011-08-30 21:00:00,221.62043043002885
2011-08-30 22:00:00,166.55782730086366
2011-08-30 23:00:00,84.11734278122394
2011-08-31 00:00:00,36.3977010419907
2011-08-31 01:00:00,14.996992987014355
2011-08-31 02:00:00,8.800033953855337
2011-08-31 03:00:00,6.059255010522112
2011-08-31 04:00:00,6.431022575015463
2011-08-31 05:00:00,23.79692036637264
2011-08-31 06:00:00,105.8880310833156
2011-08-31 07:00:00,312.7207729265497
2011-08-31 08:00:00,374.5995208970483
2011-08-31 09:00:00,220.572450272098
2011-08-31 10:00:00,132.70481554638627
2011-08-31 11:00:00,147.63504118830238
2011-08-31 12:00:00,187.6960769863598
2011-08-31 13:00:00,187.78740028713327
2011-08-31 14:00:00,178.64405643352663
2011-08-31 15:00:00,184.28089660110217
2011-08-31 16:00:00,285.9816233748728
2011-08-31 17:00:00,540.4472589222066
2011-08-31 18:00:00,531.6982702759602
2011-08-31 19:00:00,381.094276086823
2011-08-31 20:00:00,296.674404769783
2011-08-31 21:00:00,230.58212952761977
2011-08-31 22:00:00,160.44130945754765
2011-08-31 23:00:00,81.95839108796099
2011-09-20 00:00:00,32.26625360824555
2011-09-20 01:00:00,12.264450474152097
2011-09-20 02:00:00,6.916445725948514
2011-09-20 03:00:00,5.1802234921891435
2011-09-20 04:00:00,5.88649808699402
2011-09-20 05:00:00,20.97850875759451
2011-09-20 06:00:00,99.56365192730401
2011-09-20 07:00:00,279.58318821471596
2011-09-20 08:00:00,183.42688441416072
2011-09-20 09:00:00,95.01359954613565
2011-09-20 10:00:00,71.97843891758599
2011-09-20 11:00:00,76.20574249751803
2011-09-20 12:00:00,91.2289784446756
2011-09-20 13:00:00,92.15850142848528
2011-09-20 14:00:00,109.99733919344868
2011-09-20 15:00:00,157.10842402686225
2011-09-20 16:00:00,192.44000487823942
2011-09-20 17:00:00,351.5008808147999
2011-09-20 18:00:00,333.65487698829037
2011-09-20 19:00:00,194.0996105498317
2011-09-20 20:00:00,127.52915874983306
2011-09-20 21:00:00,115.11083725062039
2011-09-20 22:00:00,107.86847814104276
2011-09-20 23:00:00,65.81528327101584
2011-09-21 00:00:00,23.372255794393624
2011-09-21 01:00:00,11.929800575462473
2011-09-21 02:00:00,7.278644139509062
2011-09-21 03:00:00,5.064466222278495
2011-09-21 04:00:00,5.492736936650833
2011-09-21 05:00:00,16.541755183922064
2011-09-21 06:00:00,76.07496513174107
2011-09-21 07:00:00,206.64572893608707
2011-09-21 08:00:00,312.4298506118469
2011-09-21 09:00:00,151.8573263742847
2011-09-21 10:00:00,95.1757713413539
2011-09-21 11:00:00,124.07989401456439
2011-09-21 12:00:00,156.17833676139787
2011-09-21 13:00:00,172.05778307937646
2011-09-21 14:00:00,164.40006926182406
2011-09-21 15:00:00,171.4067176532889
2011-09-21 16:00:00,261.7896272108797
2011-09-21 17:00:00,439.2861850478325
2011-09-21 18:00:00,281.0373226648975
2011-09-21 19:00:00,111.77200715899873
2011-09-21 20:00:00,100.26096744100825
2011-09-21 21:00:00,113.06489024129262
2011-09-21 22:00:00,96.81297716285275
2011-09-21 23:00:00,66.95900466015148
2011-09-22 00:00:00,25.607628489587206
2011-09-22 01:00:00,11.709209537260726
2011-09-22 02:00:00,7.199227126996192
2011-09-22 03:00:00,5.148035353187315
2011-09-22 04:00:00,5.520120630277548
2011-09-22 05:00:00,19.887607125146566
2011-09-22 06:00:00,75.62800250979954
2011-09-22 07:00:00,202.523526064701
2011-09-22 08:00:00,319.37365202895995
2011-09-22 09:00:00,137.59592151238365
2011-09-22 10:00:00,98.05405567947274
2011-09-22 11:00:00,105.88498568337545
2011-09-22 12:00:00,145.80335490414444
2011-09-22 13:00:00,139.65112834377936
2011-09-22 14:00:00,137.15889454875452
2011-09-22 15:00:00,154.9250334544327
2011-09-22 16:00:00,265.45414363613605
2011-09-22 17:00:00,359.508884634359
2011-09-22 18:00:00,318.4014448675278
2011-09-22 19:00:00,187.62616996153082
2011-09-22 20:00:00,120.40891770517639
2011-09-22 21:00:00,132.12574527194957
2011-09-22 22:00:00,106.27273267266614
2011-09-22 23:00:00,66.29501837089911
2011-09-23 00:00:00,28.79866740817117
2011-09-23 01:00:00,14.25426555147444
2011-09-23 02:00:00,8.996278605438324
2011-09-23 03:00:00,6.099163097809468
2011-09-23 04:00:00,4.6398634548333115
2011-09-23 05:00:00,19.137369038755416
2011-09-23 06:00:00,81.46187381461796
2011-09-23 07:00:00,110.54582814674794
2011-09-23 08:00:00,194.33124957659788
2011-09-23 09:00:00,99.74675445117049
2011-09-23 10:00:00,49.24496754401675
2011-09-23 11:00:00,67.50157776602862
2011-09-23 12:00:00,75.0817012906528
2011-09-23 13:00:00,78.75801099787932
2011-09-23 14:00:00,78.70068928513558
2011-09-23 15:00:00,82.41810202312116
2011-09-23 16:00:00,110.24454507368115
2011-09-23 17:00:00,187.40261417092924
2011-09-23 18:00:00,168.55653990138296
2011-09-23 19:00:00,128.59217546574826
2011-09-23 20:00:00,102.54903139340396
2011-09-23 21:00:00,95.11388666103952
2011-09-23 22:00:00,105.22479257596324
2011-09-23 23:00:00,79.13782044820258
2011-09-24 00:00:00,84.16468982141103
2011-09-24 01:00:00,67.21689870494063
2011-09-24 02:00:00,45.73711858034224
2011-09-24 03:00:00,23.239884530867485
2011-09-24 04:00:00,9.184838880670416
2011-09-24 05:00:00,9.109968282778121
2011-09-24 06:00:00,18.348245734000756
2011-09-24 07:00:00,37.49160778047666
2011-09-24 08:00:00,116.71388805640778
2011-09-24 09:00:00,135.7482302384831
2011-09-24 10:00:00,173.36744917566128
2011-09-24 11:00:00,239.3014834701056
2011-09-24 12:00:00,256.5407601291053
2011-09-24 13:00:00,286.99360978731886
2011-09-24 14:00:00,332.55164325313723
2011-09-24 15:00:00,333.52008474829637
2011-09-24 16:00:00,289.3510681231117
2011-09-24 17:00:00,354.0207171502171
2011-09-24 18:00:00,252.42664119346193
2011-09-24 19:00:00,144.3138771049727
2011-09-24 20:00:00,163.13277790308558
2011-09-24 21:00:00,144.11230508166642
2011-09-24 22:00:00,113.26056407678372
2011-09-24 23:00:00,100.79097167755968
2011-09-25 00:00:00,98.05940427377949
2011-09-25 01:00:00,80.71996786079426
2011-09-25 02:00:00,31.951827934492737
2011-09-25 03:00:00,19.47545477811734
2011-09-25 04:00:00,6.970458697841031
2011-09-25 05:00:00,10.640405073436812
2011-09-25 06:00:00,13.788294087247557
2011-09-25 07:00:00,28.382810628381115
2011-09-25 08:00:00,80.45638301819635
2011-09-25 09:00:00,145.81302775528377
2011-09-25 10:00:00,199.7892182515057
2011-09-25 11:00:00,265.3476252790406
2011-09-25 12:00:00,279.4177410338844
2011-09-25 13:00:00,317.59497272914217
2011-09-25 14:00:00,268.39112356941996
2011-09-25 15:00:00,269.17271977040207
2011-09-25 16:00:00,392.48924797601865
2011-09-25 17:00:00,330.48056305641614
2011-09-25 18:00:00,310.9609956977424
2011-09-25 19:00:00,193.39951476285054
2011-09-25 20:00:00,154.27945182956068
2011-09-25 21:00:00,85.02844574273246
2011-09-25 22:00:00,95.19233094451654
2011-09-25 23:00:00,48.86813279793119
2011-09-26 00:00:00,22.775739414117176
2011-09-26 01:00:00,12.833129356668046
2011-09-26 02:00:00,7.237147956733676
2011-09-26 03:00:00,5.0453159797539575
2011-09-26 04:00:00,5.415080051516076
2011-09-26 05:00:00,22.21633652916323
2011-09-26 06:00:00,84.70054146406427
2011-09-26 07:00:00,211.73871134820232
2011-09-26 08:00:00,332.11976623227156
2011-09-26 09:00:00,177.4612912121034
2011-09-26 10:00:00,98.54795772958607
2011-09-26 11:00:00,131.9583786500889
2011-09-26 12:00:00,151.88354048519403
2011-09-26 13:00:00,170.68311041390623
2011-09-26 14:00:00,173.63763694232816
2011-09-26 15:00:00,182.41601341263097
2011-09-26 16:00:00,286.280849939965
2011-09-26 17:00:00,507.22753169009434
2011-09-26 18:00:00,329.0330458115722
2011-09-26 19:00:00,267.646415419506
2011-09-26 20:00:00,143.8442354480568
2011-09-26 21:00:00,131.86523062070557
2011-09-26 22:00:00,98.50081331639817
2011-09-26 23:00:00,57.83692580149902
2011-09-27 00:00:00,26.653967035612162
2011-09-27 01:00:00,12.339268388567266
2011-09-27 02:00:00,7.116552889971356
2011-09-27 03:00:00,5.023509718706297
2011-09-27 04:00:00,4.056317200281822
2011-09-27 05:00:00,14.188405504731579
2011-09-27 06:00:00,84.70054146406427
2011-09-27 07:00:00,211.73871134820232
2011-09-27 08:00:00,384.06589420330505
2011-09-27 09:00:00,125.36815553433651
2011-09-27 10:00:00,55.79852564816428
2011-09-27 11:00:00,104.75213764539157
2011-09-27 12:00:00,118.7187337361994
2011-09-27 13:00:00,170.05510231134247
2011-09-27 14:00:00,143.5748436826461
2011-09-27 15:00:00,149.75151897090575
2011-09-27 16:00:00,196.67419546468741
2011-09-27 17:00:00,246.3124171916367
2011-09-27 18:00:00,237.13493915600026
2011-09-27 19:00:00,192.1757849933841
2011-09-27 20:00:00,210.68099315505293
2011-09-27 21:00:00,174.95502444245335
2011-09-27 22:00:00,122.98586656816751
2011-09-27 23:00:00,66.82165417686483
2011-09-28 00:00:00,29.973752731438697
2011-09-28 01:00:00,12.817705819232438
2011-09-28 02:00:00,7.387441693697566
2011-09-28 03:00:00,5.040523224157756
2011-09-28 04:00:00,6.063082725217556
2011-09-28 05:00:00,19.80437739178966
2011-09-28 06:00:00,59.726432065152245
2011-09-28 07:00:00,110.62420521002547
2011-09-28 08:00:00,174.34406412576845
2011-09-28 09:00:00,91.92847395068408
2011-09-28 10:00:00,70.10676277234768
2011-09-28 11:00:00,121.98782187000336
2011-09-28 12:00:00,152.31024749737003
2011-09-28 13:00:00,175.31356899108735
2011-09-28 14:00:00,176.69251188694673
2011-09-28 15:00:00,184.72667582343084
2011-09-28 16:00:00,278.86551071240973
2011-09-28 17:00:00,510.6361546275489
2011-09-28 18:00:00,277.5532511327906
2011-09-28 19:00:00,225.5092125886343
2011-09-28 20:00:00,157.46320484794978
2011-09-28 21:00:00,100.86239185605004
2011-09-28 22:00:00,122.38210044639571
2011-09-28 23:00:00,64.96714091901545
2011-09-29 00:00:00,24.120102716515916
2011-09-29 01:00:00,10.955318365099638
2011-09-29 02:00:00,6.850199908083483
2011-09-29 03:00:00,4.768325187545052
2011-09-29 04:00:00,5.633369586157365
2011-09-29 05:00:00,21.22706322931077
2011-09-29 06:00:00,101.34425782591825
2011-09-29 07:00:00,285.10874382075434
2011-09-29 08:00:00,421.33064849427655
2011-09-29 09:00:00,216.84945115197743
2011-09-29 10:00:00,134.61687904017467
2011-09-29 11:00:00,151.7520109464403
2011-09-29 12:00:00,193.49126397330951
2011-09-29 13:00:00,191.2055646694299
2011-09-29 14:00:00,184.1664648237596
2011-09-29 15:00:00,189.1183372235738
2011-09-29 16:00:00,295.61916798985715
2011-09-29 17:00:00,509.2444758376354
2011-09-29 18:00:00,519.7349780623337
2011-09-29 19:00:00,375.7188068566084
2011-09-29 20:00:00,293.3990581870875
2011-09-29 21:00:00,200.96255144792505
2011-09-29 22:00:00,150.2798696445115
2011-09-29 23:00:00,85.66214314379613
2011-09-30 00:00:00,48.12553032366967
2011-09-30 01:00:00,25.19919873952348
2011-09-30 02:00:00,12.617830717969364
2011-09-30 03:00:00,7.244656528880865
2011-09-30 04:00:00,6.493639195092244
2011-09-30 05:00:00,22.376657405579888
2011-09-30 06:00:00,96.56976516123875
2011-09-30 07:00:00,291.25158328846624
2011-09-30 08:00:00,395.8049373465524
2011-09-30 09:00:00,225.69600856527705
2011-09-30 10:00:00,152.2678645188
2011-09-30 11:00:00,176.65913468953318
2011-09-30 12:00:00,225.5854601019566
2011-09-30 13:00:00,214.64159213813215
2011-09-30 14:00:00,208.9758057805351
2011-09-30 15:00:00,224.06133821606173
2011-09-30 16:00:00,325.6315739679279
2011-09-30 17:00:00,525.939229244806
2011-09-30 18:00:00,442.52876834536426
2011-09-30 19:00:00,288.85926831246485
2011-09-30 20:00:00,225.261598289634
2011-09-30 21:00:00,174.07078203784175
2011-09-30 22:00:00,139.70665728755742
2011-09-30 23:00:00,116.53936605500614
2011-10-20 00:00:00,24.057027994443786
2011-10-20 01:00:00,14.726770500641532
2011-10-20 02:00:00,7.609608308378708
2011-10-20 03:00:00,6.083061714450664
2011-10-20 04:00:00,6.269455699450624
2011-10-20 05:00:00,24.58914749705603
2011-10-20 06:00:00,105.09847770919617
2011-10-20 07:00:00,264.16052474119857
2011-10-20 08:00:00,369.102795233016
2011-10-20 09:00:00,213.42993984610683
2011-10-20 10:00:00,142.25195464156454
2011-10-20 11:00:00,155.07836696523282
2011-10-20 12:00:00,182.6329034613195
2011-10-20 13:00:00,183.3262755669248
2011-10-20 14:00:00,150.58551400554677
2011-10-20 15:00:00,160.71913289519313
2011-10-20 16:00:00,241.29077977601958
2011-10-20 17:00:00,413.6358898508964
2011-10-20 18:00:00,400.2975615086853
2011-10-20 19:00:00,283.7442637557744
2011-10-20 20:00:00,216.3623913949284
2011-10-20 21:00:00,149.36876356977288
2011-10-20 22:00:00,111.41059490844655
2011-10-20 23:00:00,83.85690916006685
2011-10-21 00:00:00,45.02383603386316
2011-10-21 01:00:00,22.310498814217482
2011-10-21 02:00:00,12.453417274030135
2011-10-21 03:00:00,6.888996612398391
2011-10-21 04:00:00,6.356662864422845
2011-10-21 05:00:00,21.3404143824908
2011-10-21 06:00:00,95.36018887067316
2011-10-21 07:00:00,219.5127219192634
2011-10-21 08:00:00,368.5082898447811
2011-10-21 09:00:00,210.82853150966403
2011-10-21 10:00:00,153.28117547490388
2011-10-21 11:00:00,185.25742707427347
2011-10-21 12:00:00,223.6394952879308
2011-10-21 13:00:00,215.81462954697514
2011-10-21 14:00:00,227.01873444775572
2011-10-21 15:00:00,222.45862083260968
2011-10-21 16:00:00,303.8432778166622
2011-10-21 17:00:00,429.01849297360644
2011-10-21 18:00:00,367.0618977373905
2011-10-21 19:00:00,228.75680110703732
2011-10-21 20:00:00,193.15055994756221
2011-10-21 21:00:00,141.204460532712
2011-10-21 22:00:00,119.66307065321588
2011-10-21 23:00:00,98.60173763915454
2011-10-22 00:00:00,90.23324554491694
2011-10-22 01:00:00,67.10841727497366
2011-10-22 02:00:00,46.50146599646499
2011-10-22 03:00:00,21.433701753235017
2011-10-22 04:00:00,8.976857232340729
2011-10-22 05:00:00,8.58406048672759
2011-10-22 06:00:00,20.40629609971988
2011-10-22 07:00:00,55.1291549353541
2011-10-22 08:00:00,128.6949707460666
2011-10-22 09:00:00,187.76889127330932
2011-10-22 10:00:00,248.15414577024777
2011-10-22 11:00:00,283.6443145271308
2011-10-22 12:00:00,352.05700625816525
2011-10-22 13:00:00,363.60193220129304
2011-10-22 14:00:00,322.9571657337642
2011-10-22 15:00:00,340.3587093943073
2011-10-22 16:00:00,390.7097363602593
2011-10-22 17:00:00,335.87170705532236
2011-10-22 18:00:00,275.012896436967
2011-10-22 19:00:00,216.46189122364038
2011-10-22 20:00:00,191.65599653360803
2011-10-22 21:00:00,124.51606965513734
2011-10-22 22:00:00,106.68133534424638
2011-10-22 23:00:00,90.6958513248524
2011-10-23 00:00:00,85.09300463056081
2011-10-23 01:00:00,67.8880896805976
2011-10-23 02:00:00,51.795447120177926
2011-10-23 03:00:00,27.126760523154243
2011-10-23 04:00:00,9.985325127059705
2011-10-23 05:00:00,7.869271824590375
2011-10-23 06:00:00,12.177958287235427
2011-10-23 07:00:00,44.45602799510558
2011-10-23 08:00:00,86.24378969742664
2011-10-23 09:00:00,150.27941959321464
2011-10-23 10:00:00,248.31280284540685
2011-10-23 11:00:00,270.82539549715926
2011-10-23 12:00:00,338.09708547261073
2011-10-23 13:00:00,340.69313804653706
2011-10-23 14:00:00,324.3431321425509
2011-10-23 15:00:00,327.85005844373825
2011-10-23 16:00:00,369.49797323611836
2011-10-23 17:00:00,344.871495625129
2011-10-23 18:00:00,326.555029606506
2011-10-23 19:00:00,192.39073474423776
2011-10-23 20:00:00,166.23922910081305
2011-10-23 21:00:00,113.44584142490064
2011-10-23 22:00:00,83.69035341553155
2011-10-23 23:00:00,55.721667121330455
2011-10-24 00:00:00,30.389807107341657
2011-10-24 01:00:00,11.563332940812238
2011-10-24 02:00:00,6.575080048477912
2011-10-24 03:00:00,5.432573640692525
2011-10-24 04:00:00,5.83071927866464
2011-10-24 05:00:00,23.086995854987556
2011-10-24 06:00:00,97.52320255899227
2011-10-24 07:00:00,190.90873069878512
2011-10-24 08:00:00,373.17878687814226
2011-10-24 09:00:00,210.9465368323709
2011-10-24 10:00:00,119.56813945097885
2011-10-24 11:00:00,140.64034215057853
2011-10-24 12:00:00,175.2793568959526
2011-10-24 13:00:00,174.03799502714503
2011-10-24 14:00:00,165.88265279887443
2011-10-24 15:00:00,181.62799589147252
2011-10-24 16:00:00,264.34087322275667
2011-10-24 17:00:00,493.3080963509048
2011-10-24 18:00:00,491.41360115364097
2011-10-24 19:00:00,167.6551070142378
2011-10-24 20:00:00,197.19952410316833
2011-10-24 21:00:00,139.87650263708758
2011-10-24 22:00:00,127.6606667801327
2011-10-24 23:00:00,66.8989005510497
2011-10-25 00:00:00,35.7127041729006
2011-10-25 01:00:00,14.112107603259465
2011-10-25 02:00:00,7.152182880600564
2011-10-25 03:00:00,5.300375244277669
2011-10-25 04:00:00,5.831904022602752
2011-10-25 05:00:00,23.258804990898227
2011-10-25 06:00:00,99.98771721315201
2011-10-25 07:00:00,234.71744786905515
2011-10-25 08:00:00,380.6400675209125
2011-10-25 09:00:00,223.02791826641078
2011-10-25 10:00:00,137.3144613671637
2011-10-25 11:00:00,153.3376355163199
2011-10-25 12:00:00,188.2933932193294
2011-10-25 13:00:00,185.9936723536784
2011-10-25 14:00:00,175.67281634629873
2011-10-25 15:00:00,182.51075330017923
2011-10-25 16:00:00,272.63250762098903
2011-10-25 17:00:00,513.551307751016
2011-10-25 18:00:00,494.0687396170039
2011-10-25 19:00:00,327.2398354873012
2011-10-25 20:00:00,245.6893648065116
2011-10-25 21:00:00,155.21461773141095
2011-10-25 22:00:00,121.36247055447348
2011-10-25 23:00:00,66.6895812643979
2011-10-26 00:00:00,36.070352847254284
2011-10-26 01:00:00,13.832461494493774
2011-10-26 02:00:00,8.144317969856168
2011-10-26 03:00:00,5.515109299480441
2011-10-26 04:00:00,5.14098955898313
2011-10-26 05:00:00,21.29369071474441
2011-10-26 06:00:00,97.61925414611245
2011-10-26 07:00:00,257.7223723592377
2011-10-26 08:00:00,387.41350510676887
2011-10-26 09:00:00,223.22442664169353
2011-10-26 10:00:00,129.7032321601334
2011-10-26 11:00:00,153.17633724956985
2011-10-26 12:00:00,147.86282814361945
2011-10-26 13:00:00,151.61313131293048
2011-10-26 14:00:00,142.89590301319117
2011-10-26 15:00:00,153.1930723621023
2011-10-26 16:00:00,214.09920167386653
2011-10-26 17:00:00,368.8893397179467
2011-10-26 18:00:00,374.81618099918046
2011-10-26 19:00:00,266.3709136492793
2011-10-26 20:00:00,149.6339189333786
2011-10-26 21:00:00,171.4394919916855
2011-10-26 22:00:00,110.34747811069661
2011-10-26 23:00:00,65.95394702207184
2011-10-27 00:00:00,26.990040539810234
2011-10-27 01:00:00,13.653271833527086
2011-10-27 02:00:00,5.774203472322023
2011-10-27 03:00:00,3.9941540628942858
2011-10-27 04:00:00,5.120122914949218
2011-10-27 05:00:00,17.542606710625257
2011-10-27 06:00:00,59.2055059105644
2011-10-27 07:00:00,221.70471013677343
2011-10-27 08:00:00,244.70631609761142
2011-10-27 09:00:00,220.1083640691879
2011-10-27 10:00:00,62.73642212467321
2011-10-27 11:00:00,67.35816115376643
2011-10-27 12:00:00,77.02639683462016
2011-10-27 13:00:00,125.10732060153694
2011-10-27 14:00:00,140.7296867472962
2011-10-27 15:00:00,147.14404773850148
2011-10-27 16:00:00,255.9014502652609
2011-10-27 17:00:00,383.7536321851981
2011-10-27 18:00:00,380.44250124921894
2011-10-27 19:00:00,226.90623080528397
2011-10-27 20:00:00,197.62474050697554
2011-10-27 21:00:00,69.21276451187087
2011-10-27 22:00:00,39.8137416122368
2011-10-27 23:00:00,31.440979939789834
2011-10-28 00:00:00,39.03347656158789
2011-10-28 01:00:00,18.707782235813156
2011-10-28 02:00:00,10.092571193085618
2011-10-28 03:00:00,5.48279592090298
2011-10-28 04:00:00,5.0924861645942805
2011-10-28 05:00:00,19.80294815809298
2011-10-28 06:00:00,89.06539698680963
2011-10-28 07:00:00,219.36754355990047
2011-10-28 08:00:00,331.55116950162994
2011-10-28 09:00:00,210.64853745570215
2011-10-28 10:00:00,136.87166916486964
2011-10-28 11:00:00,158.52344007935247
2011-10-28 12:00:00,193.0482776624529
2011-10-28 13:00:00,189.9048716811606
2011-10-28 14:00:00,176.99054258814147
2011-10-28 15:00:00,181.72037222424683
2011-10-28 16:00:00,244.94827695772824
2011-10-28 17:00:00,373.3544049742557
2011-10-28 18:00:00,342.4331575823042
2011-10-28 19:00:00,221.58350557842124
2011-10-28 20:00:00,93.33560578103832
2011-10-28 21:00:00,69.74847298914062
2011-10-28 22:00:00,72.34297558931816
2011-10-28 23:00:00,43.644950656846234
2011-10-29 00:00:00,46.62242960904277
2011-10-29 01:00:00,42.43292711530129
2011-10-29 02:00:00,32.10068024230334
2011-10-29 03:00:00,13.624529097807496
2011-10-29 04:00:00,5.8332174213490795
2011-10-29 05:00:00,5.481775785384391
2011-10-29 06:00:00,11.83671915766352
2011-10-29 07:00:00,18.115692796845764
2011-10-29 08:00:00,51.73391561109893
2011-10-29 09:00:00,62.200949336184756
2011-10-29 10:00:00,71.67675831206337
2011-10-29 11:00:00,82.23758898299398
2011-10-29 12:00:00,94.82832556187554
2011-10-29 13:00:00,78.66428576808727
2011-10-29 14:00:00,90.4160847181698
2011-10-29 15:00:00,90.11172585940352
2011-10-29 16:00:00,84.70782423079373
2011-10-29 17:00:00,75.05438970328426
2011-10-29 18:00:00,62.152812371191224
2011-10-29 19:00:00,101.82556182657281
2011-10-29 20:00:00,83.72625829522397
2011-10-29 21:00:00,69.55309364274189
2011-10-29 22:00:00,73.40031067010581
2011-10-29 23:00:00,58.42206482623061
2011-10-30 00:00:00,74.24040100000643
2011-10-30 01:00:00,60.53121521453422
2011-10-30 02:00:00,34.15633451871809
2011-10-30 03:00:00,16.989383432565912
2011-10-30 04:00:00,4.048375556389867
2011-10-30 05:00:00,5.770929485927421
2011-10-30 06:00:00,10.317637684656553
2011-10-30 07:00:00,20.768448119023617
2011-10-30 08:00:00,49.09140195672962
2011-10-30 09:00:00,118.3450819222098
2011-10-30 10:00:00,226.32507133732076
2011-10-30 11:00:00,268.31681391822036
2011-10-30 12:00:00,312.73886800068834
2011-10-30 13:00:00,309.58829063908973
2011-10-30 14:00:00,308.2040840256394
2011-10-30 15:00:00,310.1698869043885
2011-10-30 16:00:00,318.5141551947355
2011-10-30 17:00:00,261.2523808155088
2011-10-30 18:00:00,219.78407676794325
2011-10-30 19:00:00,267.01276268965375
2011-10-30 20:00:00,136.46762491763383
2011-10-30 21:00:00,89.67347476565361
2011-10-30 22:00:00,64.40745108873251
2011-10-30 23:00:00,40.24317953572612
2011-10-31 00:00:00,18.825697212131583
2011-10-31 01:00:00,7.466791054396822
2011-10-31 02:00:00,5.029324951126997
2011-10-31 03:00:00,4.342533234218517
2011-10-31 04:00:00,4.518330371946042
2011-10-31 05:00:00,15.054765015453548
2011-10-31 06:00:00,75.5402888077861
2011-10-31 07:00:00,195.45757124399606
2011-10-31 08:00:00,396.9003929443927
2011-10-31 09:00:00,204.78379693143785
2011-10-31 10:00:00,121.95166016605062
2011-10-31 11:00:00,139.51553231251606
2011-10-31 12:00:00,175.1624936922759
2011-10-31 13:00:00,168.14115319911988
2011-10-31 14:00:00,158.10363432474617
2011-10-31 15:00:00,174.75920940430993
2011-10-31 16:00:00,238.2261065413263
2011-10-31 17:00:00,416.325647899967
2011-10-31 18:00:00,375.71291699224014
2011-10-31 19:00:00,256.9036630148427
2011-10-31 20:00:00,191.78777641526082
2011-10-31 21:00:00,120.82239093830603
2011-10-31 22:00:00,93.28703254810155
2011-10-31 23:00:00,59.131113953781025
2011-11-20 00:00:00,87.81217122708921
2011-11-20 01:00:00,67.34214640303297
2011-11-20 02:00:00,49.04445133381697
2011-11-20 03:00:00,24.20979426903296
2011-11-20 04:00:00,6.4076320961445505
2011-11-20 05:00:00,7.758345340488227
2011-11-20 06:00:00,13.627870545598144
2011-11-20 07:00:00,61.9338419275536
2011-11-20 08:00:00,94.29385439596072
2011-11-20 09:00:00,167.97252914894094
2011-11-20 10:00:00,237.8651641842101
2011-11-20 11:00:00,285.31014891421097
2011-11-20 12:00:00,317.08373992763234
2011-11-20 13:00:00,315.2367325745189
2011-11-20 14:00:00,319.86962299927836
2011-11-20 15:00:00,298.55561338731496
2011-11-20 16:00:00,346.91427042739923
2011-11-20 17:00:00,333.35655279921707
2011-11-20 18:00:00,317.41830074526865
2011-11-20 19:00:00,236.2093503206686
2011-11-20 20:00:00,200.53762893128658
2011-11-20 21:00:00,131.5050287960288
2011-11-20 22:00:00,47.67927450569153
2011-11-20 23:00:00,36.388129125158876
2011-11-21 00:00:00,21.496809618010634
2011-11-21 01:00:00,8.8869572881498
2011-11-21 02:00:00,4.938133863597414
2011-11-21 03:00:00,3.89165961963063
2011-11-21 04:00:00,4.210064305695087
2011-11-21 05:00:00,16.740491657471914
2011-11-21 06:00:00,84.05046093112905
2011-11-21 07:00:00,222.4380968133328
2011-11-21 08:00:00,263.24742193465113
2011-11-21 09:00:00,174.81751613075693
2011-11-21 10:00:00,115.64064195898202
2011-11-21 11:00:00,123.17363488448648
2011-11-21 12:00:00,154.69080294406683
2011-11-21 13:00:00,153.18607077079204
2011-11-21 14:00:00,136.09574641757536
2011-11-21 15:00:00,52.87386444026878
2011-11-21 16:00:00,75.22610149776305
2011-11-21 17:00:00,99.40608657134709
2011-11-21 18:00:00,145.535815859417
2011-11-21 19:00:00,99.96302614260478
2011-11-21 20:00:00,104.57176901176156
2011-11-21 21:00:00,93.51937695437144
2011-11-21 22:00:00,69.6524323391453
2011-11-21 23:00:00,48.45507526634725
2011-11-22 00:00:00,13.922163825316527
2011-11-22 01:00:00,8.568309569087452
2011-11-22 02:00:00,4.838350943921896
2011-11-22 03:00:00,3.955749972027958
2011-11-22 04:00:00,4.5183083496574135
2011-11-22 05:00:00,16.90531823620091
2011-11-22 06:00:00,86.59217194097943
2011-11-22 07:00:00,106.28205352178034
2011-11-22 08:00:00,206.79526008336185
2011-11-22 09:00:00,104.88150778424455
2011-11-22 10:00:00,50.72244133979772
2011-11-22 11:00:00,55.295678174166014
2011-11-22 12:00:00,59.07642459502473
2011-11-22 13:00:00,54.1520738694423
2011-11-22 14:00:00,50.49868983296194
2011-11-22 15:00:00,54.7713361593772
2011-11-22 16:00:00,78.6578202015085
2011-11-22 17:00:00,128.5357690712258
2011-11-22 18:00:00,134.12789846167348
2011-11-22 19:00:00,103.0145911535377
2011-11-22 20:00:00,143.2101752384229
2011-11-22 21:00:00,118.43138942551414
2011-11-22 22:00:00,99.04385345266428
2011-11-22 23:00:00,59.59149719064879
2011-11-23 00:00:00,21.855771962697336
2011-11-23 01:00:00,10.831315865419196
2011-11-23 02:00:00,5.117487013379653
2011-11-23 03:00:00,3.9027192738191734
2011-11-23 04:00:00,4.955924054963726
2011-11-23 05:00:00,20.44605538023619
2011-11-23 06:00:00,75.10565944485244
2011-11-23 07:00:00,209.68906226928627
2011-11-23 08:00:00,387.3209760262156
2011-11-23 09:00:00,158.80224071280549
2011-11-23 10:00:00,80.59370872391682
2011-11-23 11:00:00,129.3821817063157
2011-11-23 12:00:00,176.59028452486427
2011-11-23 13:00:00,156.9586317018906
2011-11-23 14:00:00,165.27470977803756
2011-11-23 15:00:00,152.99738887880648
2011-11-23 16:00:00,201.09668010430127
2011-11-23 17:00:00,198.23951577855712
2011-11-23 18:00:00,307.7627886276116
2011-11-23 19:00:00,241.1093015941227
2011-11-23 20:00:00,135.96228034385982
2011-11-23 21:00:00,49.24215505175046
2011-11-23 22:00:00,37.41873802510557
2011-11-23 23:00:00,60.76049207742002
2011-11-24 00:00:00,45.06034405367651
2011-11-24 01:00:00,24.73810923613211
2011-11-24 02:00:00,18.25728866819312
2011-11-24 03:00:00,10.516888660063008
2011-11-24 04:00:00,7.370819349103388
2011-11-24 05:00:00,8.744644818137353
2011-11-24 06:00:00,26.76552127757828
2011-11-24 07:00:00,52.38470442728522
2011-11-24 08:00:00,232.14647290319965
2011-11-24 09:00:00,188.1819259862049
2011-11-24 10:00:00,213.33049865535358
2011-11-24 11:00:00,247.57993084550358
2011-11-24 12:00:00,294.22315201200837
2011-11-24 13:00:00,298.644751748086
2011-11-24 14:00:00,289.22074886572346
2011-11-24 15:00:00,297.7931829059254
2011-11-24 16:00:00,345.40140126469754
2011-11-24 17:00:00,346.59205430326796
2011-11-24 18:00:00,282.77311736866136
2011-11-24 19:00:00,236.79397825503798
2011-11-24 20:00:00,173.96216429028848
2011-11-24 21:00:00,133.7390860082923
2011-11-24 22:00:00,106.416809947827
2011-11-24 23:00:00,75.68680974564005
2011-11-25 00:00:00,37.9678222773415
2011-11-25 01:00:00,20.59518694245917
2011-11-25 02:00:00,9.775907078243776
2011-11-25 03:00:00,5.889733624217902
2011-11-25 04:00:00,5.818148830247742
2011-11-25 05:00:00,21.362771966596732
2011-11-25 06:00:00,82.48504866366312
2011-11-25 07:00:00,211.10334231492536
2011-11-25 08:00:00,348.31230864421303
2011-11-25 09:00:00,213.99998709882917
2011-11-25 10:00:00,141.76073889661382
2011-11-25 11:00:00,163.65054136559772
2011-11-25 12:00:00,216.9716262381675
2011-11-25 13:00:00,226.30954858041537
2011-11-25 14:00:00,221.6957153332129
2011-11-25 15:00:00,225.9795624396913
2011-11-25 16:00:00,302.08735535020753
2011-11-25 17:00:00,486.8138808493487
2011-11-25 18:00:00,413.77850157321535
2011-11-25 19:00:00,235.62954755904215
2011-11-25 20:00:00,170.5028485080826
2011-11-25 21:00:00,121.64093179449931
2011-11-25 22:00:00,105.31128223396033
2011-11-25 23:00:00,90.18480384229575
2011-11-26 00:00:00,85.00368742160063
2011-11-26 01:00:00,59.06525772524618
2011-11-26 02:00:00,42.58349984117751
2011-11-26 03:00:00,19.1901978198036
2011-11-26 04:00:00,8.107326264362534
2011-11-26 05:00:00,7.985453045128603
2011-11-26 06:00:00,18.549793721309776
2011-11-26 07:00:00,29.558898382036084
2011-11-26 08:00:00,119.83082339465568
2011-11-26 09:00:00,165.53274622143482
2011-11-26 10:00:00,221.73905741930332
2011-11-26 11:00:00,285.98159626818966
2011-11-26 12:00:00,331.62799575754576
2011-11-26 13:00:00,357.6461408252848
2011-11-26 14:00:00,325.52092876493276
2011-11-26 15:00:00,330.534397692585
2011-11-26 16:00:00,342.3836771379974
2011-11-26 17:00:00,315.3018127867832
2011-11-26 18:00:00,257.0873054314567
2011-11-26 19:00:00,201.77240277313774
2011-11-26 20:00:00,175.65786591699586
2011-11-26 21:00:00,107.6861367027752
2011-11-26 22:00:00,103.09215477091706
2011-11-26 23:00:00,86.53279196486777
2011-11-27 00:00:00,88.30340126582354
2011-11-27 01:00:00,69.09909404176484
2011-11-27 02:00:00,53.38792775143115
2011-11-27 03:00:00,27.20176526842893
2011-11-27 04:00:00,9.985325127059705
2011-11-27 05:00:00,7.600775333152986
2011-11-27 06:00:00,13.269617444335681
2011-11-27 07:00:00,41.467634944614915
2011-11-27 08:00:00,85.71288767385272
2011-11-27 09:00:00,171.36332545800056
2011-11-27 10:00:00,228.91789785743836
2011-11-27 11:00:00,284.5728513982019
2011-11-27 12:00:00,336.72755968364976
2011-11-27 13:00:00,337.9730894115624
2011-11-27 14:00:00,376.49878718849175
2011-11-27 15:00:00,381.46804774875994
2011-11-27 16:00:00,362.5831077318397
2011-11-27 17:00:00,339.10251334528965
2011-11-27 18:00:00,310.38348181937084
2011-11-27 19:00:00,237.4728105707139
2011-11-27 20:00:00,191.00281917851242
2011-11-27 21:00:00,135.1772468818312
2011-11-27 22:00:00,95.65492978667315
2011-11-27 23:00:00,59.757189168294985
2011-11-28 00:00:00,34.0481921160093
2011-11-28 01:00:00,13.992672569768496
2011-11-28 03:00:00,5.317694883568803
2011-11-28 04:00:00,6.059847392756122
2011-11-28 05:00:00,22.82542862205101
2011-11-28 06:00:00,97.65223138849196
2011-11-28 07:00:00,226.89054753597634
2011-11-28 08:00:00,312.51111490837457
2011-11-28 09:00:00,178.25264817417732
2011-11-28 10:00:00,121.11193761454945
2011-11-28 11:00:00,141.47474321050922
2011-11-28 12:00:00,185.25550872983294
2011-11-28 13:00:00,174.99695783312345
2011-11-28 14:00:00,175.69299168792344
2011-11-28 15:00:00,180.7022030900661
2011-11-28 16:00:00,267.75738507792613
2011-11-28 17:00:00,508.17441189862024
2011-11-28 18:00:00,497.37815279772786
2011-11-28 19:00:00,318.0108012891621
2011-11-28 20:00:00,237.08368854357727
2011-11-28 21:00:00,171.46467621967972
2011-11-28 22:00:00,125.53677575844208
2011-11-28 23:00:00,64.13233457643184
2011-11-29 00:00:00,29.466115123465237
2011-11-29 01:00:00,12.779620587409255
2011-11-29 02:00:00,6.6766998301833045
2011-11-29 03:00:00,5.067671723765778
2011-11-29 04:00:00,5.524786401560289
2011-11-29 05:00:00,22.90935467542439
2011-11-29 06:00:00,100.6274789228924
2011-11-29 07:00:00,310.91217318314756
2011-11-29 08:00:00,414.85284741691305
2011-11-29 09:00:00,197.15448277225252
2011-11-29 10:00:00,123.82151647050291
2011-11-29 11:00:00,65.03576499623158
2011-11-29 12:00:00,77.031646149582
2011-11-29 13:00:00,85.89489171969078
2011-11-29 14:00:00,53.32157827522661
2011-11-29 15:00:00,68.70466571415602
2011-11-29 16:00:00,100.88225283225628
2011-11-29 17:00:00,240.20400566915708
2011-11-29 18:00:00,269.422309972835
2011-11-29 19:00:00,202.86580670253767
2011-11-29 20:00:00,145.44774816407084
2011-11-29 21:00:00,115.04970438413773
2011-11-29 22:00:00,92.9942783107654
2011-11-29 23:00:00,27.131751587926384
2011-11-30 00:00:00,23.895727297709875
2011-11-30 01:00:00,10.018417281106732
2011-11-30 02:00:00,6.626211204265184
2011-11-30 03:00:00,5.1375658308618695
2011-11-30 04:00:00,4.992033751612712
2011-11-30 05:00:00,20.129448071659997
2011-11-30 06:00:00,84.93454783788616
2011-11-30 07:00:00,221.78500670611828
2011-11-30 08:00:00,357.01310703490594
2011-11-30 09:00:00,217.5939763756792
2011-11-30 10:00:00,120.33923005460382
2011-11-30 11:00:00,136.50199584903876
2011-11-30 12:00:00,154.64491884562136
2011-11-30 13:00:00,152.95534563516148
2011-11-30 14:00:00,146.79953602590737
2011-11-30 15:00:00,157.7303482235343
2011-11-30 16:00:00,211.94149877767012
2011-11-30 17:00:00,337.10491275739474
2011-11-30 18:00:00,347.59835518238833
2011-11-30 19:00:00,241.1021376330028
2011-11-30 20:00:00,168.89478269193663
2011-11-30 21:00:00,51.46723566991353
2011-11-30 22:00:00,87.14514654614246
2011-11-30 23:00:00,58.179382257567795
2011-12-20 00:00:00,23.990394409736208
2011-12-20 01:00:00,11.246349896117728
2011-12-20 02:00:00,6.944272740208333
2011-12-20 03:00:00,5.70205769125755
2011-12-20 04:00:00,5.746233190877659
2011-12-20 05:00:00,22.027556886954144
2011-12-20 06:00:00,93.21045182666265
2011-12-20 07:00:00,221.9808863994598
2011-12-20 08:00:00,395.19879189964877
2011-12-20 09:00:00,216.99152654804766
2011-12-20 10:00:00,120.36138501022339
2011-12-20 11:00:00,128.8033159890909
2011-12-20 12:00:00,164.4695272016792
2011-12-20 13:00:00,162.46907609492766
2011-12-20 14:00:00,149.666256006276
2011-12-20 15:00:00,163.20076233561878
2011-12-20 16:00:00,231.1073415760337
2011-12-20 17:00:00,374.86633153496234
2011-12-20 18:00:00,369.0477960237017
2011-12-20 19:00:00,266.2383639021054
2011-12-20 20:00:00,186.09253824322576
2011-12-20 21:00:00,127.38046167703172
2011-12-20 22:00:00,94.321730342404
2011-12-20 23:00:00,63.716442717429224
2011-12-21 00:00:00,25.517430829803644
2011-12-21 01:00:00,10.969616724784657
2011-12-21 02:00:00,6.840829492053971
2011-12-21 03:00:00,5.051390120548564
2011-12-21 04:00:00,5.613673712874661
2011-12-21 05:00:00,21.029576281021264
2011-12-21 06:00:00,89.15561029787992
2011-12-21 07:00:00,218.51770018416832
2011-12-21 08:00:00,178.78743350901593
2011-12-21 09:00:00,185.23284627614925
2011-12-21 10:00:00,114.3773346769603
2011-12-21 11:00:00,118.61404309369068
2011-12-21 12:00:00,71.10050920558294
2011-12-21 13:00:00,45.438265737181865
2011-12-21 14:00:00,112.74714016632515
2011-12-21 15:00:00,109.40796778651075
2011-12-21 16:00:00,61.93713266708937
2011-12-21 17:00:00,83.84834642999002
2011-12-21 18:00:00,162.50823013676583
2011-12-21 19:00:00,145.11348500237827
2011-12-21 20:00:00,112.35163401728578
2011-12-21 21:00:00,133.50040360275415
2011-12-21 22:00:00,119.69954783587518
2011-12-21 23:00:00,70.92612720288867
2011-12-22 00:00:00,34.11871052952773
2011-12-22 01:00:00,13.35245807024322
2011-12-22 02:00:00,10.070443390397477
2011-12-22 03:00:00,6.066004637654555
2011-12-22 04:00:00,6.017933204964459
2011-12-22 05:00:00,23.36215970110511
2011-12-22 06:00:00,97.57921376872176
2011-12-22 07:00:00,222.89680906683395
2011-12-22 08:00:00,383.17564874037953
2011-12-22 09:00:00,190.8932880643845
2011-12-22 10:00:00,112.2050702503417
2011-12-22 11:00:00,127.31019246548384
2011-12-22 12:00:00,164.54728611670527
2011-12-22 13:00:00,166.23941603181163
2011-12-22 14:00:00,156.4595949458336
2011-12-22 15:00:00,152.4980511938637
2011-12-22 16:00:00,232.70971798427092
2011-12-22 17:00:00,379.38100658348395
2011-12-22 18:00:00,378.378327911376
2011-12-22 19:00:00,267.7483613533574
2011-12-22 20:00:00,129.73136930132497
2011-12-22 21:00:00,72.7863423795157
2011-12-22 22:00:00,58.39248922763123
2011-12-22 23:00:00,41.73935666434938
2011-12-23 00:00:00,28.33805026433469
2011-12-23 01:00:00,16.484303272648962
2011-12-23 02:00:00,8.780542750053542
2011-12-23 03:00:00,5.241090587388546
2011-12-23 04:00:00,4.194154800792571
2011-12-23 05:00:00,20.62766700625513
2011-12-23 06:00:00,90.34036606873704
2011-12-23 07:00:00,222.75363191235266
2011-12-23 08:00:00,379.42255450992786
2011-12-23 09:00:00,222.34758936855377
2011-12-23 10:00:00,142.50370582655862
2011-12-23 11:00:00,150.9838987491177
2011-12-23 12:00:00,174.52440959621356
2011-12-23 13:00:00,173.14780118526906
2011-12-23 14:00:00,181.72604471389272
2011-12-23 15:00:00,183.43861593559126
2011-12-23 16:00:00,239.43625096209956
2011-12-23 17:00:00,364.0211040547853
2011-12-23 18:00:00,320.42313106488865
2011-12-23 19:00:00,207.91256818074703
2011-12-23 20:00:00,145.10595660645365
2011-12-23 21:00:00,104.39020786949628
2011-12-23 22:00:00,95.25133321574039
2011-12-23 23:00:00,90.37218595143435
2011-12-24 00:00:00,75.99565559410514
2011-12-24 01:00:00,63.04408053184175
2011-12-24 02:00:00,43.80471584695565
2011-12-24 03:00:00,19.117401813520697
2011-12-24 04:00:00,8.226762987730732
2011-12-24 05:00:00,6.70637973742557
2011-12-24 06:00:00,16.52357140957755
2011-12-24 07:00:00,41.18445438198994
2011-12-24 08:00:00,92.11186607235229
2011-12-24 09:00:00,126.5770096789831
2011-12-24 10:00:00,177.1940242935009
2011-12-24 11:00:00,233.43203030248483
2011-12-24 12:00:00,287.6028909759024
2011-12-24 13:00:00,283.8386213313949
2011-12-24 14:00:00,273.5688798397335
2011-12-24 15:00:00,265.99636694219225
2011-12-24 16:00:00,270.3535746176177
2011-12-24 17:00:00,216.87083549969034
2011-12-24 18:00:00,200.9110131649199
2011-12-24 19:00:00,164.8674328808284
2011-12-24 20:00:00,113.57681821059845
2011-12-24 21:00:00,89.93249520168011
2011-12-24 22:00:00,82.71848513252326
2011-12-24 23:00:00,74.2200710703591
2011-12-25 00:00:00,75.48407362502509
2011-12-25 01:00:00,60.48360392730182
2011-12-25 02:00:00,41.44709182840855
2011-12-25 03:00:00,20.81222608548451
2011-12-25 05:00:00,5.831952225107706
2011-12-25 06:00:00,7.678362215567988
2011-12-25 07:00:00,20.43667462635718
2011-12-25 08:00:00,42.54241923544518
2011-12-25 09:00:00,96.14347002657452
2011-12-25 10:00:00,167.28919560190533
2011-12-25 11:00:00,239.51999114956428
2011-12-25 12:00:00,220.73352189342836
2011-12-25 13:00:00,267.3649268303917
2011-12-25 14:00:00,271.6665434881145
2011-12-25 15:00:00,284.06407268482184
2011-12-25 16:00:00,282.0157798012333
2011-12-25 17:00:00,229.03238423212997
2011-12-25 18:00:00,183.54619234230518
2011-12-25 19:00:00,167.1411387013895
2011-12-25 20:00:00,126.81700567035868
2011-12-25 21:00:00,70.51841313772822
2011-12-25 22:00:00,54.31716121866729
2011-12-25 23:00:00,42.808702007734226
2011-12-26 00:00:00,40.51224471179763
2011-12-26 01:00:00,28.098783249467605
2011-12-26 02:00:00,20.14125736566776
2011-12-26 04:00:00,6.575010543827633
2011-12-26 05:00:00,7.144566198373881
2011-12-26 06:00:00,19.856056772174643
2011-12-26 07:00:00,74.09683783357546
2011-12-26 08:00:00,222.47928775999088
2011-12-26 09:00:00,155.5148887816164
2011-12-26 10:00:00,179.50140319641758
2011-12-26 11:00:00,193.92012880954567
2011-12-26 12:00:00,227.31558442638377
2011-12-26 13:00:00,260.4755978764095
2011-12-26 14:00:00,252.58429184278597
2011-12-26 15:00:00,259.57027633709265
2011-12-26 16:00:00,263.9722006686188
2011-12-26 17:00:00,247.04551650787596
2011-12-26 18:00:00,239.98319449849853
2011-12-26 19:00:00,178.90261106456865
2011-12-26 20:00:00,138.75462449043243
2011-12-26 21:00:00,95.40851155844176
2011-12-26 22:00:00,68.08511165120292
2011-12-26 23:00:00,52.3630806613576
2011-12-27 00:00:00,21.94792725505907
2011-12-27 01:00:00,8.5132400787333
2011-12-27 02:00:00,5.688775852175573
2011-12-27 03:00:00,4.996131063867799
2011-12-27 04:00:00,5.013719251112128
2011-12-27 05:00:00,19.586194771446355
2011-12-27 06:00:00,91.96016265399874
2011-12-27 07:00:00,218.2884564470015
2011-12-27 08:00:00,365.8269068322784
2011-12-27 09:00:00,118.15723269576482
2011-12-27 10:00:00,114.70659737263323
2011-12-27 11:00:00,68.03278742394644
2011-12-27 12:00:00,66.07816402107515
2011-12-27 13:00:00,64.19958524754952
2011-12-27 14:00:00,65.47231184021334
2011-12-27 15:00:00,67.7708555230112
2011-12-27 16:00:00,78.7877077102566
2011-12-27 17:00:00,161.53701338779044
2011-12-27 18:00:00,231.13315586194472
2011-12-27 19:00:00,198.18651235242154
2011-12-27 20:00:00,132.92543394822775
2011-12-27 21:00:00,113.94240331727597
2011-12-27 22:00:00,87.95532412810842
2011-12-27 23:00:00,53.11159807547075
2011-12-28 00:00:00,23.845529557092384
2011-12-28 01:00:00,11.617654206042102
2011-12-28 02:00:00,6.651023485985612
2011-12-28 03:00:00,4.884999396112987
2011-12-28 05:00:00,19.02857202194288
2011-12-28 06:00:00,91.61389482688134
2011-12-28 07:00:00,217.4111887202491
2011-12-28 08:00:00,342.0212307452781
2011-12-28 09:00:00,212.26815681569397
2011-12-28 10:00:00,117.28164977391518
2011-12-28 11:00:00,130.12640956844587
2011-12-28 12:00:00,135.27863837003054
2011-12-28 13:00:00,135.4923172850328
2011-12-28 14:00:00,135.3820657974035
2011-12-28 15:00:00,138.51522599290314
2011-12-28 16:00:00,183.10497619000023
2011-12-28 17:00:00,332.9593907993153
2011-12-28 18:00:00,284.15570173817395
2011-12-28 19:00:00,196.7542906976553
2011-12-28 20:00:00,152.57918728029966
2011-12-28 21:00:00,109.60836039053274
2011-12-28 22:00:00,80.44493605115586
2011-12-28 23:00:00,51.80347915100156
2011-12-29 00:00:00,21.83905406077565
2011-12-29 01:00:00,10.025272935583224
2011-12-29 02:00:00,6.412560242410134
2011-12-29 03:00:00,4.35529557170383
2011-12-29 04:00:00,4.976417635127858
2011-12-29 05:00:00,16.773839480953505
2011-12-29 06:00:00,81.65428931862418
2011-12-29 07:00:00,211.26584781534797
2011-12-29 08:00:00,348.916580420107
2011-12-29 09:00:00,213.05670398578107
2011-12-29 10:00:00,90.32114348837585
2011-12-29 11:00:00,101.16394641625085
2011-12-29 12:00:00,123.26889089221918
2011-12-29 13:00:00,136.2660964785186
2011-12-29 14:00:00,139.3464510957442
2011-12-29 15:00:00,139.27572814260603
2011-12-29 16:00:00,195.1530641605454
2011-12-29 17:00:00,341.30129744732943
2011-12-29 18:00:00,328.4014446312952
2011-12-29 19:00:00,230.33625623674916
2011-12-29 20:00:00,157.83744926351042
2011-12-29 21:00:00,114.08231792104269
2011-12-29 22:00:00,91.53653352880207
2011-12-29 23:00:00,66.886043829995
2011-12-30 00:00:00,36.20784168405936
2011-12-30 01:00:00,14.950516466822329
2011-12-30 02:00:00,9.344758469678263
2011-12-30 03:00:00,5.663860791778318
2011-12-30 04:00:00,5.332926758438848
2011-12-30 05:00:00,16.408211401979212
2011-12-30 06:00:00,80.53945317015656
2011-12-30 07:00:00,206.624048353521
2011-12-30 08:00:00,333.6828155975537
2011-12-30 09:00:00,213.77784767765777
2011-12-30 10:00:00,120.05512763398184
2011-12-30 11:00:00,140.4990270189943
2011-12-30 12:00:00,180.52944023480862
2011-12-30 13:00:00,178.18661841244926
2011-12-30 14:00:00,172.26164504424614
2011-12-30 15:00:00,196.54193905266644
2011-12-30 16:00:00,256.80465484494033
2011-12-30 17:00:00,369.54402919398785
2011-12-30 18:00:00,322.7749380890451
2011-12-30 19:00:00,192.7226630499328
2011-12-30 20:00:00,153.96522450766278
2011-12-30 21:00:00,107.03658527827226
2011-12-30 22:00:00,98.50424962591255
2011-12-30 23:00:00,79.8320057147119
2011-12-31 00:00:00,73.07920146901944
2011-12-31 01:00:00,61.53839494519719
2011-12-31 02:00:00,44.54137157434509
2011-12-31 03:00:00,18.21307233659546
2011-12-31 04:00:00,8.510383255970158
2011-12-31 05:00:00,6.864884733138721
2011-12-31 06:00:00,17.615645834609964
2011-12-31 07:00:00,30.7535672803349
2011-12-31 08:00:00,115.59532848231625
2011-12-31 09:00:00,157.35974844686703
2011-12-31 10:00:00,219.65024789907665
2011-12-31 11:00:00,276.6924606922961
2011-12-31 12:00:00,352.80929945502004
2011-12-31 13:00:00,329.8966963891435
2011-12-31 14:00:00,314.5751169877873
2011-12-31 15:00:00,302.8881170417075
2011-12-31 16:00:00,312.12569960914817
2011-12-31 17:00:00,278.3168496021899
2011-12-31 18:00:00,247.42856992182072
2011-12-31 19:00:00,200.94429196633877
2011-12-31 20:00:00,177.9166684114369
2011-12-31 21:00:00,121.62525515608553
2011-12-31 22:00:00,108.45375658820322
2011-12-31 23:00:00,90.29367168935165
2012-01-20 00:00:00,28.123250371605145
2012-01-20 01:00:00,14.671957526793586
2012-01-20 02:00:00,9.462724023188796
2012-01-20 03:00:00,5.432001872041525
2012-01-20 04:00:00,4.302894064237596
2012-01-20 05:00:00,17.690122307832862
2012-01-20 06:00:00,81.40630954074099
2012-01-20 07:00:00,237.57245516654154
2012-01-20 08:00:00,463.19508361284426
2012-01-20 09:00:00,222.79674869655568
2012-01-20 10:00:00,105.3040539107641
2012-01-20 11:00:00,114.81458727518039
2012-01-20 12:00:00,128.82377573229996
2012-01-20 13:00:00,129.6405144556182
2012-01-20 14:00:00,125.24044642153251
2012-01-20 15:00:00,135.96886421803305
2012-01-20 16:00:00,167.01066578039783
2012-01-20 17:00:00,248.4558272568941
2012-01-20 18:00:00,241.07570541259182
2012-01-20 19:00:00,170.03113270885788
2012-01-20 20:00:00,125.32285818749565
2012-01-20 21:00:00,95.21947637627011
2012-01-20 22:00:00,84.18892382147084
2012-01-20 23:00:00,36.529403099541355
2012-01-21 00:00:00,24.806639523124367
2012-01-21 01:00:00,38.722759796700835
2012-01-21 02:00:00,28.15253447247836
2012-01-21 03:00:00,12.103019064588803
2012-01-21 04:00:00,6.188204480408143
2012-01-21 05:00:00,4.918530248898299
2012-01-21 06:00:00,6.802827637906023
2012-01-21 07:00:00,18.608899491724163
2012-01-21 08:00:00,52.136505655451835
2012-01-21 09:00:00,79.24029945711288
2012-01-21 10:00:00,80.92772684992462
2012-01-21 11:00:00,180.63454908763447
2012-01-21 12:00:00,199.0935426284311
2012-01-21 13:00:00,181.99776862501886
2012-01-21 14:00:00,118.29277557262779
2012-01-21 15:00:00,118.63726231556316
2012-01-21 16:00:00,153.58957464942225
2012-01-21 17:00:00,122.65253243523615
2012-01-21 18:00:00,102.08123314498032
2012-01-21 19:00:00,85.28725441558187
2012-01-21 20:00:00,73.25874973521655
2012-01-21 21:00:00,57.869257604446354
2012-01-21 22:00:00,58.23337662292861
2012-01-21 23:00:00,49.68604358678684
2012-01-22 00:00:00,51.98626120318303
2012-01-22 01:00:00,46.92386000177435
2012-01-22 02:00:00,35.32902157414063
2012-01-22 03:00:00,18.53752975892745
2012-01-22 04:00:00,4.748853576685274
2012-01-22 05:00:00,5.314421010235038
2012-01-22 06:00:00,5.57007477755856
2012-01-22 07:00:00,20.11355441005473
2012-01-22 08:00:00,42.0855375150797
2012-01-22 09:00:00,76.31974858207779
2012-01-22 10:00:00,116.14840086129198
2012-01-22 11:00:00,81.36638231147546
2012-01-22 12:00:00,144.0135554684405
2012-01-22 13:00:00,168.4575774816457
2012-01-22 14:00:00,157.82356714771572
2012-01-22 15:00:00,145.60575981047472
2012-01-22 16:00:00,139.95491913856188
2012-01-22 17:00:00,124.1207408166681
2012-01-22 18:00:00,84.36673617186987
2012-01-22 19:00:00,69.96139613543762
2012-01-22 20:00:00,55.833831235273415
2012-01-22 21:00:00,50.91160807913029
2012-01-22 22:00:00,52.63298847042386
2012-01-22 23:00:00,33.53304196753791
2012-01-23 00:00:00,16.589052772766237
2012-01-23 01:00:00,6.687848895872422
2012-01-23 02:00:00,4.582954770712483
2012-01-23 03:00:00,3.881284158179557
2012-01-23 04:00:00,3.848422377659694
2012-01-23 05:00:00,18.53143829478247
2012-01-23 06:00:00,74.50527122398137
2012-01-23 07:00:00,134.42053631486937
2012-01-23 08:00:00,200.57807587612288
2012-01-23 09:00:00,202.8882739188183
2012-01-23 10:00:00,73.88581680705676
2012-01-23 11:00:00,91.79178563093292
2012-01-23 12:00:00,90.02952266313521
2012-01-23 13:00:00,57.03646854097954
2012-01-23 14:00:00,56.298744179176374
2012-01-23 15:00:00,80.02100433611328
2012-01-23 16:00:00,151.598121752168
2012-01-23 17:00:00,219.1646351253796
2012-01-23 18:00:00,267.57324493276616
2012-01-23 19:00:00,155.05441790525018
2012-01-23 20:00:00,120.67108810647483
2012-01-23 21:00:00,84.75446117443244
2012-01-23 22:00:00,59.78915930306092
2012-01-23 23:00:00,25.086585116410934
2012-01-24 00:00:00,13.376435346435759
2012-01-24 01:00:00,8.521014476894196
2012-01-24 02:00:00,4.775661107170794
2012-01-24 03:00:00,3.927170946431493
2012-01-24 04:00:00,3.981645923360975
2012-01-24 05:00:00,16.572179822141724
2012-01-24 06:00:00,68.50725573036135
2012-01-24 07:00:00,190.78420454860557
2012-01-24 08:00:00,361.7921842272656
2012-01-24 09:00:00,178.53104493201434
2012-01-24 10:00:00,94.472327047259
2012-01-24 11:00:00,118.84508381728139
2012-01-24 12:00:00,122.64723834836826
2012-01-24 13:00:00,121.45420526563984
2012-01-24 14:00:00,125.09730749805207
2012-01-24 15:00:00,154.9268539382337
2012-01-24 16:00:00,231.69906126002408
2012-01-24 17:00:00,447.9107222216375
2012-01-24 18:00:00,410.91958524932664
2012-01-24 19:00:00,317.88963979067813
2012-01-24 20:00:00,145.24944278867818
2012-01-24 21:00:00,134.68677003857894
2012-01-24 22:00:00,98.07990209010796
2012-01-24 23:00:00,41.99998193594881
2012-01-25 00:00:00,16.49958939847251
2012-01-25 01:00:00,10.378708339565462
2012-01-25 02:00:00,6.073164309428735
2012-01-25 03:00:00,4.068587692131161
2012-01-25 04:00:00,3.5636726689169054
2012-01-25 05:00:00,16.318090558838733
2012-01-25 06:00:00,86.44284981567763
2012-01-25 07:00:00,236.6240466307518
2012-01-25 08:00:00,448.2109122849298
2012-01-25 09:00:00,223.86054513468417
2012-01-25 10:00:00,98.0346658534712
2012-01-25 11:00:00,99.83540218871283
2012-01-25 12:00:00,139.614108483161
2012-01-25 13:00:00,150.56546869696962
2012-01-25 14:00:00,142.37637599373596
2012-01-25 15:00:00,153.12377379828075
2012-01-25 16:00:00,197.93604248182774
2012-01-25 17:00:00,363.0981836021755
2012-01-25 18:00:00,305.702573392053
2012-01-25 19:00:00,235.47677924856495
2012-01-25 20:00:00,161.56798581201323
2012-01-25 21:00:00,130.34401250705162
2012-01-25 22:00:00,98.37532907404119
2012-01-25 23:00:00,42.7718402549584
2012-01-26 00:00:00,22.004165661067077
2012-01-26 01:00:00,11.52743065945986
2012-01-26 02:00:00,6.7037055850034655
2012-01-26 03:00:00,4.272415672765582
2012-01-26 04:00:00,4.913779738066776
2012-01-26 05:00:00,20.623847328176307
2012-01-26 06:00:00,83.2102997629307
2012-01-26 07:00:00,227.42832229489696
2012-01-26 08:00:00,435.9690316580643
2012-01-26 09:00:00,203.68986095711747
2012-01-26 10:00:00,99.53113565763415
2012-01-26 11:00:00,102.36082453557734
2012-01-26 12:00:00,132.685113308038
2012-01-26 13:00:00,161.37146731909576
2012-01-26 14:00:00,151.1743698381848
2012-01-26 15:00:00,172.21010906484148
2012-01-26 16:00:00,227.36680853134834
2012-01-26 17:00:00,429.9762178585849
2012-01-26 18:00:00,431.39639117032084
2012-01-26 19:00:00,262.68037418141535
2012-01-26 20:00:00,186.5786599140964
2012-01-26 21:00:00,140.09935298080427
2012-01-26 22:00:00,123.99293548392797
2012-01-26 23:00:00,63.698301243208775
2012-01-27 00:00:00,38.037915868282944
2012-01-27 01:00:00,17.836898961688927
2012-01-27 02:00:00,11.160691117162031
2012-01-27 03:00:00,4.695475341576387
2012-01-27 04:00:00,3.7895428186754754
2012-01-27 05:00:00,15.561737037889277
2012-01-27 06:00:00,85.6534246219871
2012-01-27 07:00:00,229.3914300517268
2012-01-27 08:00:00,223.0377371677563
2012-01-27 09:00:00,97.65357204657239
2012-01-27 10:00:00,54.090425576424714
2012-01-27 11:00:00,160.1260223945872
2012-01-27 12:00:00,174.78245682418716
2012-01-27 13:00:00,237.62634015286525
2012-01-27 14:00:00,234.3375510766639
2012-01-27 15:00:00,243.09527298501183
2012-01-27 16:00:00,268.0480220371035
2012-01-27 17:00:00,431.3696567178657
2012-01-27 18:00:00,349.8463767381843
2012-01-27 19:00:00,211.31127667363756
2012-01-27 20:00:00,151.46396528675373
2012-01-27 21:00:00,111.8673674023321
2012-01-27 22:00:00,107.38646230556982
2012-01-27 23:00:00,78.5190137241789
2012-01-28 00:00:00,81.77020950123995
2012-01-28 01:00:00,62.78268072209624
2012-01-28 02:00:00,36.65823296287591
2012-01-28 03:00:00,16.643238794328944
2012-01-28 04:00:00,6.626389837018734
2012-01-28 05:00:00,5.805322407472666
2012-01-28 06:00:00,8.462247886092765
2012-01-28 07:00:00,26.837951432582148
2012-01-28 08:00:00,75.53806721404564
2012-01-28 09:00:00,114.6592115722254
2012-01-28 10:00:00,174.8105001204294
2012-01-28 11:00:00,213.78162401918118
2012-01-28 12:00:00,221.25705802028224
2012-01-28 13:00:00,280.73733969163465
2012-01-28 14:00:00,299.91546331743
2012-01-28 15:00:00,302.3203374350917
2012-01-28 16:00:00,334.3136276842449
2012-01-28 17:00:00,278.99763689324
2012-01-28 18:00:00,236.2739786140551
2012-01-28 19:00:00,193.78740750898947
2012-01-28 20:00:00,148.93978154162338
2012-01-28 21:00:00,100.84497830055004
2012-01-28 22:00:00,102.56839341891208
2012-01-28 23:00:00,79.1413737095329
2012-01-29 00:00:00,61.32321643687429
2012-01-29 01:00:00,47.54582241978579
2012-01-29 02:00:00,27.259838371569007
2012-01-29 03:00:00,17.787707584921304
2012-01-29 04:00:00,5.190002451426249
2012-01-29 05:00:00,5.414764316895176
2012-01-29 06:00:00,5.793525918628356
2012-01-29 07:00:00,22.54553256942893
2012-01-29 08:00:00,51.01655630926246
2012-01-29 09:00:00,90.97177294206476
2012-01-29 10:00:00,181.1091863644984
2012-01-29 11:00:00,196.81283490997419
2012-01-29 12:00:00,231.4813491090166
2012-01-29 13:00:00,228.9758609088423
2012-01-29 14:00:00,221.79201590387348
2012-01-29 15:00:00,264.49095655441675
2012-01-29 16:00:00,253.66368432821574
2012-01-29 17:00:00,206.88981758501455
2012-01-29 18:00:00,161.53365281890603
2012-01-29 19:00:00,124.42093897099893
2012-01-29 20:00:00,85.14163911062714
2012-01-29 21:00:00,77.6152347548068
2012-01-29 22:00:00,63.88256044666084
2012-01-29 23:00:00,31.86032948043486
2012-01-30 00:00:00,16.347534067618632
2012-01-30 01:00:00,5.9272398119832586
2012-01-30 02:00:00,4.047672085959474
2012-01-30 03:00:00,3.508211762890188
2012-01-30 04:00:00,3.6033670784944265
2012-01-30 05:00:00,16.449132354851997
2012-01-30 06:00:00,80.94769950045709
2012-01-30 07:00:00,237.13823074098346
2012-01-30 08:00:00,435.68227887948643
2012-01-30 09:00:00,207.12267868172236
2012-01-30 10:00:00,96.75652117937238
2012-01-30 11:00:00,101.41089060497835
2012-01-30 12:00:00,126.28442473313882
2012-01-30 13:00:00,126.38049229688714
2012-01-30 14:00:00,130.61020027282058
2012-01-30 15:00:00,135.74651635187493
2012-01-30 16:00:00,196.23537544068
2012-01-30 17:00:00,369.07971908886077
2012-01-30 18:00:00,343.67123522286755
2012-01-30 19:00:00,207.05259254193817
2012-01-30 20:00:00,144.27544063314718
2012-01-30 21:00:00,123.07514528195117
2012-01-30 22:00:00,78.60485190747583
2012-01-30 23:00:00,40.12677279940888
2012-01-31 00:00:00,20.622721542993393
2012-01-31 01:00:00,7.996881896450003
2012-01-31 02:00:00,6.059912332251934
2012-01-31 03:00:00,4.171179620994728
2012-01-31 04:00:00,4.2382326595520095
2012-01-31 05:00:00,21.05389595188007
2012-01-31 06:00:00,85.6252872396578
2012-01-31 07:00:00,235.59370493187785
2012-01-31 08:00:00,445.9925710743282
2012-01-31 09:00:00,207.22280796163977
2012-01-31 10:00:00,106.24219316281615
2012-01-31 11:00:00,150.34629853710686
2012-01-31 12:00:00,163.25293838506613
2012-01-31 13:00:00,185.3363519983534
2012-01-31 14:00:00,182.46191058861223
2012-01-31 15:00:00,192.65178129722548
2012-01-31 16:00:00,268.5758469744168
2012-01-31 17:00:00,530.6086706679639
2012-01-31 18:00:00,523.1323764805173
2012-01-31 19:00:00,359.7225707545289
2012-01-31 20:00:00,201.54863098655665
2012-01-31 21:00:00,174.42657722721944
2012-01-31 22:00:00,110.5910013900511
2012-01-31 23:00:00,55.44522442262129
2012-02-20 00:00:00,27.604635675508632
2012-02-20 01:00:00,18.763742840046113
2012-02-20 02:00:00,11.582615593838227
2012-02-20 03:00:00,7.625813259817129
2012-02-20 05:00:00,5.377388618949923
2012-02-20 06:00:00,10.146610248755662
2012-02-20 07:00:00,43.63338409037145
2012-02-20 08:00:00,106.56110972402895
2012-02-20 09:00:00,135.46337012750695
2012-02-20 10:00:00,149.73468934306624
2012-02-20 11:00:00,187.41817164851662
2012-02-20 12:00:00,205.45848822845895
2012-02-20 13:00:00,199.92610334564617
2012-02-20 14:00:00,211.84871218592406
2012-02-20 15:00:00,239.27051533694683
2012-02-20 16:00:00,260.553331347162
2012-02-20 17:00:00,275.1797246141863
2012-02-20 18:00:00,208.7569876313975
2012-02-20 19:00:00,182.18800851311462
2012-02-20 20:00:00,159.81311566904137
2012-02-20 21:00:00,104.61521242521113
2012-02-20 22:00:00,78.8749644497058
2012-02-20 23:00:00,44.3548118324825
2012-02-21 00:00:00,18.90597367491797
2012-02-21 01:00:00,7.324798572461917
2012-02-21 02:00:00,4.704343112805225
2012-02-21 04:00:00,3.579443004627898
2012-02-21 05:00:00,16.842047013732127
2012-02-21 06:00:00,76.03543814667692
2012-02-21 07:00:00,250.37219266512645
2012-02-21 08:00:00,490.6154460178174
2012-02-21 09:00:00,220.42245377187479
2012-02-21 10:00:00,103.36668245904143
2012-02-21 11:00:00,106.14219896145396
2012-02-21 12:00:00,133.90431852927708
2012-02-21 13:00:00,150.61688757582962
2012-02-21 14:00:00,132.6609852882256
2012-02-21 15:00:00,152.15984789143172
2012-02-21 16:00:00,212.00670498255909
2012-02-21 17:00:00,430.3740159090974
2012-02-21 18:00:00,426.1086071064338
2012-02-21 19:00:00,271.30953563800574
2012-02-21 20:00:00,191.41034588798985
2012-02-21 21:00:00,144.13360822171052
2012-02-21 22:00:00,103.39782026756637
2012-02-21 23:00:00,51.80911130271597
2012-02-22 00:00:00,21.88870061974694
2012-02-22 01:00:00,9.42646416727675
2012-02-22 02:00:00,5.262583735762475
2012-02-22 03:00:00,3.782677631582874
2012-02-22 04:00:00,3.8877959875767685
2012-02-22 05:00:00,19.309329686825844
2012-02-22 06:00:00,86.69754511486006
2012-02-22 07:00:00,230.9524143450565
2012-02-22 08:00:00,493.70512009200814
2012-02-22 09:00:00,227.33066989384022
2012-02-22 10:00:00,122.53404705981349
2012-02-22 11:00:00,141.66428206577456
2012-02-22 12:00:00,169.42554601249384
2012-02-22 13:00:00,178.30328884192775
2012-02-22 14:00:00,172.29764446601547
2012-02-22 15:00:00,217.16075702500711
2012-02-22 16:00:00,307.2005977176887
2012-02-22 17:00:00,602.5358964292103
2012-02-22 18:00:00,567.1848634002805
2012-02-22 19:00:00,375.1768507633169
2012-02-22 20:00:00,237.88675967258752
2012-02-22 21:00:00,206.12061729072502
2012-02-22 22:00:00,123.69097754172799
2012-02-22 23:00:00,66.51470497581217
2012-02-23 00:00:00,34.320711523373056
2012-02-23 01:00:00,12.49401790730132
2012-02-23 02:00:00,7.2598819779919666
2012-02-23 03:00:00,4.04075470943416
2012-02-23 04:00:00,4.137872317349331
2012-02-23 05:00:00,20.15217267908849
2012-02-23 06:00:00,98.78481904768203
2012-02-23 07:00:00,273.16713332443817
2012-02-23 08:00:00,495.6566073074635
2012-02-23 09:00:00,257.34137090529737
2012-02-23 10:00:00,151.79968575381608
2012-02-23 11:00:00,202.26315368251855
2012-02-23 12:00:00,227.71518380135603
2012-02-23 13:00:00,231.24794092032403
2012-02-23 14:00:00,221.03549589002205
2012-02-23 15:00:00,233.40306596110608
2012-02-23 16:00:00,326.43616700669685
2012-02-23 17:00:00,617.3718991810932
2012-02-23 18:00:00,612.3357096739962
2012-02-23 19:00:00,436.32093061591513
2012-02-23 20:00:00,277.711238326475
2012-02-23 21:00:00,174.68685902571153
2012-02-23 22:00:00,141.8535463003124
2012-02-23 23:00:00,94.8726104683316
2012-02-24 00:00:00,44.83490873224014
2012-02-24 01:00:00,21.268064909328956
2012-02-24 02:00:00,9.365823927978905
2012-02-24 03:00:00,5.557583850535936
2012-02-24 04:00:00,4.839117384658703
2012-02-24 05:00:00,17.49170903544231
2012-02-24 06:00:00,90.9869462793409
2012-02-24 07:00:00,259.2041213859334
2012-02-24 08:00:00,450.99992630598837
2012-02-24 09:00:00,108.51414052225141
2012-02-24 10:00:00,74.11962830137345
2012-02-24 11:00:00,159.96921413656534
2012-02-24 12:00:00,184.06807314534896
2012-02-24 13:00:00,207.4893748522788
2012-02-24 14:00:00,212.4801764805588
2012-02-24 15:00:00,83.1591162759045
2012-02-24 16:00:00,119.45201994171455
2012-02-24 17:00:00,216.95139224661736
2012-02-24 18:00:00,346.7273189146316
2012-02-24 19:00:00,264.4101655222463
2012-02-24 20:00:00,202.7595334048039
2012-02-24 21:00:00,141.70338345420473
2012-02-24 22:00:00,117.74944442966888
2012-02-24 23:00:00,93.23059654079056
2012-02-25 00:00:00,79.60431381032126
2012-02-25 01:00:00,60.46467256925973
2012-02-25 02:00:00,37.77981013766047
2012-02-25 03:00:00,15.602331383196288
2012-02-25 04:00:00,7.0149886505995855
2012-02-25 05:00:00,5.210143116180881
2012-02-25 06:00:00,8.876524600533287
2012-02-25 07:00:00,37.480071130645214
2012-02-25 08:00:00,77.8583841839806
2012-02-25 09:00:00,62.6534889763389
2012-02-25 10:00:00,175.51649533035462
2012-02-25 11:00:00,205.56120800498147
2012-02-25 12:00:00,245.41322245459517
2012-02-25 13:00:00,246.58899651628903
2012-02-25 14:00:00,239.21608524537913
2012-02-25 15:00:00,245.1708182823976
2012-02-25 16:00:00,225.0889411061853
2012-02-25 17:00:00,184.62489525217526
2012-02-25 18:00:00,131.70988065621353
2012-02-25 19:00:00,118.18654262417243
2012-02-25 20:00:00,96.2314794959007
2012-02-25 21:00:00,83.5392027824982
2012-02-25 22:00:00,78.91444511475972
2012-02-25 23:00:00,65.88169284833882
2012-02-26 00:00:00,57.745845213804586
2012-02-26 01:00:00,56.22742352399755
2012-02-26 02:00:00,36.327457220835356
2012-02-26 03:00:00,21.513527748322964
2012-02-26 04:00:00,6.073079495653242
2012-02-26 05:00:00,5.3205915994497746
2012-02-26 06:00:00,5.022639775821321
2012-02-26 07:00:00,23.300657188837437
2012-02-26 08:00:00,49.841797588746395
2012-02-26 09:00:00,91.4126558506515
2012-02-26 10:00:00,182.84797408177067
2012-02-26 11:00:00,208.83821907446787
2012-02-26 12:00:00,241.7696900417738
2012-02-26 13:00:00,251.30849985314933
2012-02-26 14:00:00,284.5684445845222
2012-02-26 15:00:00,294.8370182346437
2012-02-26 16:00:00,284.7437622703826
2012-02-26 17:00:00,233.29139357974398
2012-02-26 18:00:00,172.68235727714978
2012-02-26 19:00:00,161.37635347602125
2012-02-26 20:00:00,106.58813015620167
2012-02-26 21:00:00,84.2162618504628
2012-02-26 22:00:00,67.15218280987847
2012-02-26 23:00:00,36.642435681848646
2012-02-27 00:00:00,18.385143278871666
2012-02-27 01:00:00,6.0172110394571
2012-02-27 02:00:00,4.325654900525745
2012-02-27 03:00:00,3.698341133690586
2012-02-27 04:00:00,3.8175775606398044
2012-02-27 05:00:00,18.546579930589242
2012-02-27 06:00:00,86.32900409708344
2012-02-27 07:00:00,252.99916540572414
2012-02-27 08:00:00,471.43645191195964
2012-02-27 09:00:00,221.9410571507088
2012-02-27 10:00:00,112.98586546578913
2012-02-27 11:00:00,141.77939615912814
2012-02-27 12:00:00,172.6708965382247
2012-02-27 13:00:00,172.6708965382247
2012-02-27 14:00:00,189.7606427463774
2012-02-27 15:00:00,216.6103879063622
2012-02-27 16:00:00,301.1567724629987
2012-02-27 17:00:00,592.3939573710553
2012-02-27 18:00:00,586.8803803839695
2012-02-27 19:00:00,390.77311854819703
2012-02-27 20:00:00,268.28030704007006
2012-02-27 21:00:00,175.67429576645392
2012-02-27 22:00:00,112.08864695594293
2012-02-27 23:00:00,53.828495289938196
2012-02-28 00:00:00,26.25207376407234
2012-02-28 01:00:00,10.366782970981124
2012-02-28 02:00:00,6.107792211558374
2012-02-28 03:00:00,3.2014824009068064
2012-02-28 04:00:00,3.5878324511675985
2012-02-28 05:00:00,18.11383310489136
2012-02-28 06:00:00,86.95068431214743
2012-02-28 07:00:00,232.8700065739137
2012-02-28 08:00:00,461.9893890075547
2012-02-28 09:00:00,209.5849803336928
2012-02-28 10:00:00,110.92433221648741
2012-02-28 11:00:00,134.62110644135984
2012-02-28 12:00:00,167.23815616235368
2012-02-28 13:00:00,166.16678921674537
2012-02-28 14:00:00,167.10836821418752
2012-02-28 15:00:00,187.58665509390943
2012-02-28 16:00:00,258.3915964751121
2012-02-28 17:00:00,490.4709095996089
2012-02-28 18:00:00,486.14807193273543
2012-02-28 19:00:00,333.98024641429674
2012-02-28 20:00:00,222.00383357490455
2012-02-28 21:00:00,146.88054793142288
2012-02-28 22:00:00,108.35209994576543
2012-02-28 23:00:00,52.85466571750553
2012-02-29 00:00:00,22.359394555666146
2012-02-29 01:00:00,9.584559380923315
2012-02-29 02:00:00,5.382932872652906
2012-02-29 03:00:00,3.5216592387875383
2012-02-29 05:00:00,17.845172528744154
2012-02-29 06:00:00,86.80649873796915
2012-02-29 07:00:00,245.65468561276703
2012-02-29 08:00:00,418.7124176030407
2012-02-29 09:00:00,117.04090673907014
2012-02-29 10:00:00,57.83522402460666
2012-02-29 11:00:00,62.7861800060637
2012-02-29 12:00:00,53.53999098877476
2012-02-29 13:00:00,116.3499249943877
2012-02-29 14:00:00,112.26256584376637
2012-02-29 15:00:00,143.2348956213116
2012-02-29 16:00:00,104.75201633062848
2012-02-29 17:00:00,413.90419789598775
2012-02-29 18:00:00,202.4401963109915
2012-02-29 19:00:00,294.27286001542217
2012-02-29 20:00:00,125.3485123015207
2012-02-29 21:00:00,84.22039449019124
2012-02-29 22:00:00,61.446859038549405
2012-02-29 23:00:00,33.183503264367275
2012-03-20 00:00:00,28.084457276205544
2012-03-20 01:00:00,12.810682529121395
2012-03-20 02:00:00,7.109820322152443
2012-03-20 03:00:00,4.1599294182848565
2012-03-20 04:00:00,4.3870292727526
2012-03-20 05:00:00,20.653933178651524
2012-03-20 06:00:00,124.2301995628599
2012-03-20 07:00:00,123.20174693656932
2012-03-20 08:00:00,575.4421390408916
2012-03-20 09:00:00,316.2530561646651
2012-03-20 10:00:00,160.68922347527163
2012-03-20 11:00:00,204.6034160752236
2012-03-20 12:00:00,233.55927887509668
2012-03-20 13:00:00,229.6110802080468
2012-03-20 14:00:00,222.04682594577926
2012-03-20 15:00:00,250.3392158016676
2012-03-20 16:00:00,345.22950716970547
2012-03-20 17:00:00,666.5742434433582
2012-03-20 18:00:00,688.1279623965489
2012-03-20 19:00:00,484.2825610326864
2012-03-20 20:00:00,332.43606454220156
2012-03-20 21:00:00,247.39574054930188
2012-03-20 22:00:00,169.40561596638034
2012-03-20 23:00:00,73.30370211983255
2012-03-21 00:00:00,30.210652993605233
2012-03-21 01:00:00,13.247739357736457
2012-03-21 02:00:00,7.239599377734101
2012-03-21 03:00:00,4.1183115689165835
2012-03-21 04:00:00,4.4524825990711525
2012-03-21 05:00:00,21.08333246445009
2012-03-21 06:00:00,132.00423975703356
2012-03-21 07:00:00,153.9077713542547
2012-03-21 08:00:00,253.8838188107717
2012-03-21 09:00:00,318.866813246279
2012-03-21 10:00:00,169.12363401836723
2012-03-21 11:00:00,187.9128666542192
2012-03-21 12:00:00,219.55832294446918
2012-03-21 13:00:00,151.04153843030946
2012-03-21 14:00:00,203.83912601982757
2012-03-21 15:00:00,218.36638576256752
2012-03-21 16:00:00,330.7770682761409
2012-03-21 17:00:00,694.6224667056799
2012-03-21 18:00:00,669.7270552789354
2012-03-21 19:00:00,506.26928672379717
2012-03-21 20:00:00,296.6918044210756
2012-03-21 21:00:00,224.90574570321618
2012-03-21 22:00:00,169.1935193303864
2012-03-21 23:00:00,87.06248386875214
2012-03-22 00:00:00,39.81857718703935
2012-03-22 01:00:00,16.80605897072852
2012-03-22 02:00:00,9.436671152629375
2012-03-22 03:00:00,5.100022744726954
2012-03-22 04:00:00,4.682668071405875
2012-03-22 05:00:00,18.937262768732342
2012-03-22 06:00:00,125.95829047462179
2012-03-22 07:00:00,385.36171185727335
2012-03-22 08:00:00,598.0764080986513
2012-03-22 09:00:00,318.09809166071005
2012-03-22 10:00:00,145.74879006881744
2012-03-22 11:00:00,166.67251476668625
2012-03-22 12:00:00,177.63546339296553
2012-03-22 13:00:00,250.24463063910682
2012-03-22 14:00:00,250.98343215230304
2012-03-22 15:00:00,264.595430371221
2012-03-22 16:00:00,360.9298263489286
2012-03-22 17:00:00,738.6171943736289
2012-03-22 18:00:00,731.7057263948888
2012-03-22 19:00:00,549.7778395218154
2012-03-22 20:00:00,332.42753612479845
2012-03-22 21:00:00,252.1758772994173
2012-03-22 22:00:00,188.180596496618
2012-03-22 23:00:00,113.98500563739411
2012-03-23 00:00:00,55.13990565671934
2012-03-23 01:00:00,23.578035232908675
2012-03-23 02:00:00,11.982313427951945
2012-03-23 03:00:00,6.053046641389119
2012-03-23 04:00:00,4.582491322111722
2012-03-23 05:00:00,20.36651833059639
2012-03-23 06:00:00,129.73291358746332
2012-03-23 07:00:00,384.2628121191743
2012-03-23 08:00:00,588.7621659672233
2012-03-23 09:00:00,321.23785398315397
2012-03-23 10:00:00,166.49438182637877
2012-03-23 11:00:00,255.68443144670488
2012-03-23 12:00:00,306.67915103422644
2012-03-23 13:00:00,306.65306599960815
2012-03-23 14:00:00,303.71102463989536
2012-03-23 15:00:00,316.4443671987761
2012-03-23 16:00:00,412.9432939650397
2012-03-23 17:00:00,782.1758744570362
2012-03-23 18:00:00,708.8133208620785
2012-03-23 19:00:00,482.50091828147333
2012-03-23 20:00:00,328.5741619141251
2012-03-23 21:00:00,271.3838419096725
2012-03-23 22:00:00,203.44099391026688
2012-03-23 23:00:00,164.2139791889648
2012-03-24 00:00:00,100.7888318214032
2012-03-24 01:00:00,84.3494488638673
2012-03-24 02:00:00,54.749365087067176
2012-03-24 03:00:00,23.634089872146323
2012-03-24 04:00:00,9.275863628190212
2012-03-24 05:00:00,10.21215229230611
2012-03-24 06:00:00,29.9692916559461
2012-03-24 07:00:00,69.00733566169579
2012-03-24 08:00:00,182.36054303137328
2012-03-24 09:00:00,242.0200680635766
2012-03-24 10:00:00,265.7691100656765
2012-03-24 11:00:00,310.97381976871895
2012-03-24 12:00:00,143.08715812362865
2012-03-24 13:00:00,142.4774276341757
2012-03-24 14:00:00,139.36656168593225
2012-03-24 15:00:00,108.35256360775057
2012-03-24 16:00:00,136.3812837535369
2012-03-24 17:00:00,133.48571818450873
2012-03-24 18:00:00,110.92080686229517
2012-03-24 19:00:00,139.08263900408102
2012-03-24 20:00:00,97.11492663301007
2012-03-24 21:00:00,73.74219319377539
2012-03-24 22:00:00,67.40057545384887
2012-03-24 23:00:00,103.19708375632081
2012-03-25 00:00:00,58.09393203354686
2012-03-25 01:00:00,51.492389268206395
2012-03-25 02:00:00,30.75885178604583
2012-03-25 03:00:00,17.08366501861137
2012-03-25 04:00:00,8.199303486651836
2012-03-25 05:00:00,8.145513774658282
2012-03-25 06:00:00,9.616439740897931
2012-03-25 07:00:00,59.231849834746065
2012-03-25 08:00:00,99.57779316562218
2012-03-25 09:00:00,176.57325164495253
2012-03-25 10:00:00,263.2562756916196
2012-03-25 11:00:00,315.4650585649165
2012-03-25 12:00:00,371.7913024619271
2012-03-25 13:00:00,394.0037132439002
2012-03-25 14:00:00,388.41431900047934
2012-03-25 15:00:00,353.7463891658997
2012-03-25 16:00:00,417.5860010265688
2012-03-25 17:00:00,394.95352118288713
2012-03-25 18:00:00,380.089574510605
2012-03-25 19:00:00,293.145169640897
2012-03-25 20:00:00,181.0100521675852
2012-03-25 21:00:00,152.75956567058188
2012-03-25 22:00:00,101.5943478987528
2012-03-25 23:00:00,57.03254485820268
2012-03-26 00:00:00,26.69183369085827
2012-03-26 01:00:00,13.096286583732539
2012-03-26 02:00:00,7.211551433868505
2012-03-26 03:00:00,4.775789894143929
2012-03-26 04:00:00,4.766613902052073
2012-03-26 05:00:00,24.120941657888075
2012-03-26 06:00:00,128.24124770438124
2012-03-26 07:00:00,313.58855024621425
2012-03-26 08:00:00,496.92280693259187
2012-03-26 09:00:00,287.8493564345184
2012-03-26 10:00:00,198.71539548638393
2012-03-26 11:00:00,214.15922807457247
2012-03-26 12:00:00,239.42232280396493
2012-03-26 13:00:00,236.97711220127843
2012-03-26 14:00:00,230.63159588124353
2012-03-26 15:00:00,238.65304365618812
2012-03-26 16:00:00,320.6918742852822
2012-03-26 17:00:00,621.4756700460595
2012-03-26 18:00:00,543.9355625285867
2012-03-26 19:00:00,371.88234289525985
2012-03-26 20:00:00,210.30713029808038
2012-03-26 21:00:00,161.319196459568
2012-03-26 22:00:00,103.21809613332287
2012-03-26 23:00:00,52.35540259063117
2012-03-27 00:00:00,19.43321374656686
2012-03-27 01:00:00,7.26860480998943
2012-03-27 02:00:00,4.030675245747176
2012-03-27 03:00:00,2.9274391471146495
2012-03-27 04:00:00,3.0651662569765294
2012-03-27 05:00:00,16.55902768790699
2012-03-27 06:00:00,99.17405017137736
2012-03-27 07:00:00,274.4557366832905
2012-03-27 08:00:00,481.95019790226445
2012-03-27 09:00:00,270.5598232444705
2012-03-27 10:00:00,122.76825846709298
2012-03-27 11:00:00,141.38409620888206
2012-03-27 12:00:00,177.31873040102514
2012-03-27 13:00:00,197.03236765154688
2012-03-27 14:00:00,197.25448744352101
2012-03-27 15:00:00,227.60832035912574
2012-03-27 16:00:00,283.003823580521
2012-03-27 17:00:00,564.3847151443218
2012-03-27 18:00:00,573.140449676496
2012-03-27 19:00:00,405.67634539255334
2012-03-27 20:00:00,262.9116716976571
2012-03-27 21:00:00,155.1954250315682
2012-03-27 22:00:00,114.99508779313749
2012-03-27 23:00:00,57.366152581360836
2012-03-28 00:00:00,23.531199274578643
2012-03-28 01:00:00,9.652608003461314
2012-03-28 02:00:00,5.488080128244199
2012-03-28 03:00:00,3.923805692312071
2012-03-28 04:00:00,4.069487900285699
2012-03-28 05:00:00,21.661316423715817
2012-03-28 06:00:00,109.47404083079692
2012-03-28 07:00:00,274.9210456367738
2012-03-28 08:00:00,488.1371322283416
2012-03-28 09:00:00,283.95341533549043
2012-03-28 10:00:00,203.79965463185428
2012-03-28 11:00:00,223.46689659755557
2012-03-28 12:00:00,239.13495914119383
2012-03-28 13:00:00,248.1092711564082
2012-03-28 14:00:00,245.26651480634834
2012-03-28 15:00:00,245.82307824638096
2012-03-28 16:00:00,341.7009646142572
2012-03-28 17:00:00,717.4165347134668
2012-03-28 18:00:00,710.5444567561194
2012-03-28 19:00:00,553.7959855793833
2012-03-28 20:00:00,369.5730203077888
2012-03-28 21:00:00,259.57447558713454
2012-03-28 22:00:00,189.6467638260889
2012-03-28 23:00:00,90.67711347464078
2012-03-29 00:00:00,43.03045712629082
2012-03-29 01:00:00,18.165842764410442
2012-03-29 02:00:00,9.178954041696684
2012-03-29 03:00:00,5.249094631487848
2012-03-29 04:00:00,5.450132423214172
2012-03-29 05:00:00,24.771928199941947
2012-03-29 06:00:00,148.25503784793767
2012-03-29 07:00:00,337.44137359796906
2012-03-29 08:00:00,484.4411066222102
2012-03-29 09:00:00,305.97427513935605
2012-03-29 10:00:00,203.24604381262347
2012-03-29 11:00:00,230.22770105091487
2012-03-29 12:00:00,253.6944171395474
2012-03-29 13:00:00,250.02705443551181
2012-03-29 14:00:00,245.04488717301183
2012-03-29 15:00:00,260.39603070153345
2012-03-29 16:00:00,349.2046890235318
2012-03-29 17:00:00,690.9628745757439
2012-03-29 18:00:00,645.6992426557949
2012-03-29 19:00:00,470.41312135851757
2012-03-29 20:00:00,287.3782879966319
2012-03-29 21:00:00,189.56826098541856
2012-03-29 22:00:00,152.23329115321044
2012-03-29 23:00:00,96.22657867081766
2012-03-30 00:00:00,46.75607100343226
2012-03-30 01:00:00,22.049703003463954
2012-03-30 02:00:00,11.083276988847569
2012-03-30 03:00:00,5.766909106196455
2012-03-30 04:00:00,4.897837012332362
2012-03-30 05:00:00,20.743788468084436
2012-03-30 06:00:00,105.55165129496278
2012-03-30 07:00:00,272.1768231709142
2012-03-30 08:00:00,541.1902247425223
2012-03-30 09:00:00,291.61000824365584
2012-03-30 10:00:00,168.0464900800927
2012-03-30 11:00:00,191.0366671448591
2012-03-30 12:00:00,231.3903816172181
2012-03-30 13:00:00,101.12645910528926
2012-03-30 14:00:00,98.57422211290115
2012-03-30 15:00:00,109.44079786572266
2012-03-30 16:00:00,124.94488780957076
2012-03-30 17:00:00,502.93441117182425
2012-03-30 18:00:00,530.7590017679656
2012-03-30 19:00:00,315.5061743223027
2012-03-30 20:00:00,209.73486925964235
2012-03-30 21:00:00,164.66473424159267
2012-03-30 22:00:00,128.9990799237416
2012-03-30 23:00:00,94.71771938411757
2012-03-31 00:00:00,89.75928798141227
2012-03-31 01:00:00,63.61658623830995
2012-03-31 02:00:00,41.76733200493498
2012-03-31 03:00:00,19.003095794017252
2012-03-31 04:00:00,8.344407690910314
2012-03-31 05:00:00,8.954760465811798
2012-03-31 06:00:00,12.341977205725053
2012-03-31 07:00:00,65.71443044404118
2012-03-31 08:00:00,139.59310516832787
2012-03-31 09:00:00,219.03072147548417
2012-03-31 10:00:00,295.8162454031784
2012-03-31 11:00:00,417.1512482322987
2012-03-31 12:00:00,449.8729391107312
2012-03-31 13:00:00,496.8221543907449
2012-03-31 14:00:00,430.9782323645942
2012-03-31 15:00:00,426.19315959595156
2012-03-31 16:00:00,446.3917662185538
2012-03-31 17:00:00,455.6103174955357
2012-03-31 18:00:00,312.23211114307423
2012-03-31 19:00:00,288.63771678695014
2012-03-31 20:00:00,188.97611958669114
2012-03-31 21:00:00,147.4886173749138
2012-03-31 22:00:00,122.10585127450862
2012-03-31 23:00:00,74.12965593817454
2012-04-20 00:00:00,73.42835832055952
2012-04-20 01:00:00,28.254278744780052
2012-04-20 02:00:00,12.398388078574637
2012-04-20 03:00:00,6.827842333999176
2012-04-20 04:00:00,5.045888658236955
2012-04-20 05:00:00,23.880300435143326
2012-04-20 06:00:00,127.05766865055095
2012-04-20 07:00:00,339.23871862980127
2012-04-20 08:00:00,566.9228506072743
2012-04-20 09:00:00,316.727788216847
2012-04-20 10:00:00,231.64462113476594
2012-04-20 11:00:00,286.37169582627246
2012-04-20 12:00:00,320.5324118450747
2012-04-20 13:00:00,332.405131786436
2012-04-20 14:00:00,319.9269248754167
2012-04-20 15:00:00,329.6040675450984
2012-04-20 16:00:00,466.7859866760078
2012-04-20 17:00:00,788.3937562943337
2012-04-20 18:00:00,709.9831550237777
2012-04-20 19:00:00,501.932518533555
2012-04-20 20:00:00,326.814819905918
2012-04-20 21:00:00,246.36558969771957
2012-04-20 22:00:00,199.19965519145615
2012-04-20 23:00:00,173.9960690705286
2012-04-21 00:00:00,116.79395314040026
2012-04-21 01:00:00,86.11832308104248
2012-04-21 02:00:00,58.38998448018355
2012-04-21 03:00:00,26.391782479209486
2012-04-21 04:00:00,12.573138509530759
2012-04-21 05:00:00,15.765152199829629
2012-04-21 06:00:00,36.91505861851322
2012-04-21 07:00:00,77.311804790029
2012-04-21 08:00:00,207.74144248692141
2012-04-21 09:00:00,297.3459647065332
2012-04-21 10:00:00,402.87508178828364
2012-04-21 11:00:00,493.4367097435603
2012-04-21 12:00:00,625.1689182959894
2012-04-21 13:00:00,631.839198755579
2012-04-21 14:00:00,608.7661905663712
2012-04-21 15:00:00,620.7108431592957
2012-04-21 16:00:00,664.5678855671147
2012-04-21 17:00:00,540.2914086431778
2012-04-21 18:00:00,462.6154433071127
2012-04-21 19:00:00,229.6503147176239
2012-04-21 20:00:00,88.92964799697504
2012-04-21 21:00:00,78.52281135505972
2012-04-21 22:00:00,180.68268365781185
2012-04-21 23:00:00,130.39095738540078
2012-04-22 00:00:00,89.29734079299088
2012-04-22 01:00:00,73.82327533849478
2012-04-22 02:00:00,61.27980700018069
2012-04-22 03:00:00,34.25261414494219
2012-04-22 04:00:00,16.702086228012668
2012-04-22 05:00:00,12.23094150816161
2012-04-22 06:00:00,19.763426360119325
2012-04-22 07:00:00,29.622497388744772
2012-04-22 08:00:00,57.64728267710633
2012-04-22 09:00:00,91.71709381557612
2012-04-22 10:00:00,127.20991141649664
2012-04-22 11:00:00,144.4847907129941
2012-04-22 12:00:00,156.26195294381785
2012-04-22 13:00:00,158.94268064687316
2012-04-22 14:00:00,155.8240322058476
2012-04-22 15:00:00,157.94812384544124
2012-04-22 16:00:00,172.73832519390564
2012-04-22 17:00:00,96.5920591101151
2012-04-22 18:00:00,81.2566082286492
2012-04-22 19:00:00,84.91134896657456
2012-04-22 20:00:00,62.02777665568346
2012-04-22 21:00:00,59.84622670738202
2012-04-22 22:00:00,41.86222854278272
2012-04-22 23:00:00,28.23677694204731
2012-04-23 00:00:00,15.874490973276474
2012-04-23 01:00:00,7.374639249248978
2012-04-23 02:00:00,5.0554126313852334
2012-04-23 03:00:00,4.152132145439234
2012-04-23 04:00:00,3.63644627184439
2012-04-23 05:00:00,17.19770548639077
2012-04-23 06:00:00,90.29775479448408
2012-04-23 07:00:00,193.93769460029256
2012-04-23 08:00:00,546.6451651641872
2012-04-23 09:00:00,282.6461331214444
2012-04-23 10:00:00,156.00497013703998
2012-04-23 11:00:00,167.18517060894766
2012-04-23 12:00:00,112.17194552962127
2012-04-23 13:00:00,113.5517201346709
2012-04-23 14:00:00,107.62505814846358
2012-04-23 15:00:00,205.93762889382597
2012-04-23 16:00:00,100.37484235527812
2012-04-23 17:00:00,177.23673804302348
2012-04-23 18:00:00,256.26691334731714
2012-04-23 19:00:00,331.67275932903846
2012-04-23 20:00:00,219.88171722331273
2012-04-23 21:00:00,136.89722755000227
2012-04-23 22:00:00,117.37254460433807
2012-04-23 23:00:00,62.457449304248634
2012-04-24 00:00:00,23.72023162259082
2012-04-24 01:00:00,11.42445253597185
2012-04-24 02:00:00,6.169134382319144
2012-04-24 03:00:00,4.215738658691892
2012-04-24 04:00:00,4.22372651380148
2012-04-24 05:00:00,23.604065725211473
2012-04-24 06:00:00,108.26783454643858
2012-04-24 07:00:00,325.1528654294912
2012-04-24 08:00:00,649.6882592172196
2012-04-24 09:00:00,320.4598386434998
2012-04-24 10:00:00,192.82327096257558
2012-04-24 11:00:00,223.0328652400151
2012-04-24 12:00:00,255.4696425551545
2012-04-24 13:00:00,255.4696425551545
2012-04-24 14:00:00,246.08971574446022
2012-04-24 15:00:00,257.27635547251447
2012-04-24 16:00:00,374.61898866694276
2012-04-24 17:00:00,731.751657695221
2012-04-24 18:00:00,688.4820146793654
2012-04-24 19:00:00,489.51713875411383
2012-04-24 20:00:00,323.95654623780723
2012-04-24 21:00:00,225.450983476352
2012-04-24 22:00:00,160.4450532641359
2012-04-24 23:00:00,84.83540410729726
2012-04-25 00:00:00,37.44099035121246
2012-04-25 01:00:00,13.139633782939349
2012-04-25 02:00:00,6.622102441931646
2012-04-25 03:00:00,4.045903938271424
2012-04-25 04:00:00,4.722081813071658
2012-04-25 05:00:00,26.176086299588476
2012-04-25 06:00:00,120.40680037301505
2012-04-25 07:00:00,358.9509130569265
2012-04-25 08:00:00,659.1866927190301
2012-04-25 09:00:00,317.35996534212484
2012-04-25 10:00:00,207.05473952183544
2012-04-25 11:00:00,232.15317308798006
2012-04-25 12:00:00,264.18863171686525
2012-04-25 13:00:00,259.75910752593524
2012-04-25 14:00:00,248.82284291642577
2012-04-25 15:00:00,258.786333270273
2012-04-25 16:00:00,391.6116025065542
2012-04-25 17:00:00,746.6014830193151
2012-04-25 18:00:00,729.5185280219748
2012-04-25 19:00:00,521.0482163650665
2012-04-25 20:00:00,365.01456890546064
2012-04-25 21:00:00,263.63961142632905
2012-04-25 22:00:00,185.2442506741334
2012-04-25 23:00:00,99.20496503165128
2012-04-26 00:00:00,48.17549978658891
2012-04-26 01:00:00,19.178173457180886
2012-04-26 02:00:00,10.112120370017943
2012-04-26 03:00:00,5.837454753642375
2012-04-26 04:00:00,6.038935733005761
2012-04-26 05:00:00,27.250335893874823
2012-04-26 06:00:00,141.6437609054209
2012-04-26 07:00:00,183.01127671316314
2012-04-26 08:00:00,312.51324962066946
2012-04-26 09:00:00,145.34974224995338
2012-04-26 10:00:00,161.17074313215957
2012-04-26 11:00:00,185.920481139947
2012-04-26 12:00:00,227.5567019227424
2012-04-26 13:00:00,226.5976706069376
2012-04-26 14:00:00,208.84018132650957
2012-04-26 15:00:00,202.2517925378616
2012-04-26 16:00:00,256.9543999178236
2012-04-26 17:00:00,573.3016966664737
2012-04-26 18:00:00,544.7397499925621
2012-04-26 19:00:00,409.21228125528995
2012-04-26 20:00:00,298.96898489074323
2012-04-26 21:00:00,219.63309126761317
2012-04-26 22:00:00,188.14958148187404
2012-04-26 23:00:00,113.25475539260545
2012-04-27 00:00:00,66.66333149117108
2012-04-27 01:00:00,28.22168584400081
2012-04-27 02:00:00,13.3997791716055
2012-04-27 03:00:00,7.145038695492176
2012-04-27 04:00:00,5.4002666954031415
2012-04-27 05:00:00,26.32384286677695
2012-04-27 06:00:00,121.78679020217992
2012-04-27 07:00:00,343.9057935301725
2012-04-27 08:00:00,571.2711396207104
2012-04-27 09:00:00,330.75587313303157
2012-04-27 10:00:00,240.63654276078756
2012-04-27 11:00:00,274.7790453500358
2012-04-27 12:00:00,310.4223452470228
2012-04-27 13:00:00,310.4223452470228
2012-04-27 14:00:00,305.9004542764528
2012-04-27 15:00:00,328.9339032342941
2012-04-27 16:00:00,447.8323398679469
2012-04-27 17:00:00,736.4197419895195
2012-04-27 18:00:00,657.7862953432548
2012-04-27 19:00:00,418.9390174617397
2012-04-27 20:00:00,273.6421077795949
2012-04-27 21:00:00,186.51203127342342
2012-04-27 22:00:00,167.5599128618471
2012-04-27 23:00:00,135.51032111844756
2012-04-28 00:00:00,100.44857230210484
2012-04-28 01:00:00,70.55281399130315
2012-04-28 02:00:00,48.15593740108404
2012-04-28 03:00:00,20.308828416244246
2012-04-28 04:00:00,10.148389558327235
2012-04-28 05:00:00,10.19598905531104
2012-04-28 06:00:00,24.862833790668112
2012-04-28 07:00:00,82.84520298090081
2012-04-28 08:00:00,198.27341701444794
2012-04-28 09:00:00,269.49037749375117
2012-04-28 10:00:00,346.45033526775444
2012-04-28 11:00:00,406.10832918295733
2012-04-28 12:00:00,441.60915585164946
2012-04-28 13:00:00,441.0039043422517
2012-04-28 14:00:00,481.1384439394283
2012-04-28 15:00:00,477.4985008612245
2012-04-28 16:00:00,508.630225745042
2012-04-28 17:00:00,442.4486927134532
2012-04-28 18:00:00,230.5439212061206
2012-04-28 19:00:00,173.69571940719308
2012-04-28 20:00:00,232.93276848176183
2012-04-28 21:00:00,104.21175711737727
2012-04-28 22:00:00,144.08404797878183
2012-04-28 23:00:00,127.4666982028834
2012-04-29 00:00:00,58.4386052255377
2012-04-29 01:00:00,84.14582808838088
2012-04-29 02:00:00,60.79271314124965
2012-04-29 03:00:00,29.960896631937388
2012-04-29 04:00:00,15.701104972371756
2012-04-29 05:00:00,12.157797532791596
2012-04-29 06:00:00,17.17084538293891
2012-04-29 07:00:00,51.16544704602002
2012-04-29 08:00:00,119.01535224486402
2012-04-29 09:00:00,228.24904968495187
2012-04-29 10:00:00,340.7420073443148
2012-04-29 11:00:00,418.07799069721545
2012-04-29 12:00:00,503.04944809644564
2012-04-29 13:00:00,497.6045841315468
2012-04-29 14:00:00,483.57847356352295
2012-04-29 15:00:00,501.3472288835915
2012-04-29 16:00:00,576.8724464765374
2012-04-29 17:00:00,535.1270155823333
2012-04-29 18:00:00,480.16197822468894
2012-04-29 19:00:00,359.4379979107268
2012-04-29 20:00:00,265.5814060498879
2012-04-29 21:00:00,174.61458010113725
2012-04-29 22:00:00,100.86884305610107
2012-04-29 23:00:00,60.895535541486844
2012-04-30 00:00:00,35.6885461235958
2012-04-30 01:00:00,13.554722901673241
2012-04-30 02:00:00,7.042821063544651
2012-04-30 03:00:00,4.732758163670732
2012-04-30 04:00:00,4.803957093848723
2012-04-30 05:00:00,25.57687771756778
2012-04-30 06:00:00,119.80449857591393
2012-04-30 07:00:00,351.98197830149553
2012-04-30 08:00:00,574.185789368077
2012-04-30 09:00:00,334.3022916087722
2012-04-30 10:00:00,185.3029819936779
2012-04-30 11:00:00,204.9599653643195
2012-04-30 12:00:00,239.10803046517242
2012-04-30 13:00:00,249.85471453371596
2012-04-30 14:00:00,236.6998474027561
2012-04-30 15:00:00,249.51077672329893
2012-04-30 16:00:00,376.57762086640787
2012-04-30 17:00:00,745.4784584011969
2012-04-30 18:00:00,726.6376413371949
2012-04-30 19:00:00,480.75416653339056
2012-04-30 20:00:00,325.4544209152858
2012-04-30 21:00:00,226.32645499671747
2012-04-30 22:00:00,152.0720597671688
2012-04-30 23:00:00,73.55955321496653
2012-05-20 00:00:00,153.49348168117854
2012-05-20 01:00:00,122.82672904196203
2012-05-20 02:00:00,82.6599832979499
2012-05-20 03:00:00,44.94638398661326
2012-05-20 04:00:00,15.1350650469557
2012-05-20 05:00:00,14.003899804426435
2012-05-20 06:00:00,23.251317448049495
2012-05-20 07:00:00,103.74836709218637
2012-05-20 08:00:00,172.7583530127781
2012-05-20 09:00:00,255.93834063082895
2012-05-20 10:00:00,443.4270965376502
2012-05-20 11:00:00,529.5937290375446
2012-05-20 12:00:00,611.1887771734262
2012-05-20 13:00:00,609.0334534219834
2012-05-20 14:00:00,592.1272029432124
2012-05-20 15:00:00,551.0655420764853
2012-05-20 16:00:00,624.673086364803
2012-05-20 17:00:00,561.6706337084403
2012-05-20 18:00:00,511.62886119414065
2012-05-20 19:00:00,374.68157237082045
2012-05-20 20:00:00,298.1578388410931
2012-05-20 21:00:00,198.7861266789721
2012-05-20 22:00:00,133.35805733431803
2012-05-20 23:00:00,47.829269329113714
2012-05-21 00:00:00,25.587674471372818
2012-05-21 01:00:00,11.503735087912764
2012-05-21 02:00:00,5.590526873648231
2012-05-21 03:00:00,5.909597919730636
2012-05-21 04:00:00,4.8358587566510565
2012-05-21 05:00:00,21.008355813411548
2012-05-21 06:00:00,60.55421637898612
2012-05-21 07:00:00,142.76898138281155
2012-05-21 08:00:00,231.45092887372502
2012-05-21 09:00:00,144.87355850995496
2012-05-21 10:00:00,80.91260693780424
2012-05-21 11:00:00,183.77149490406867
2012-05-21 12:00:00,189.82544237903124
2012-05-21 13:00:00,94.89301836507362
2012-05-21 14:00:00,102.05433012736096
2012-05-21 15:00:00,263.1953160961282
2012-05-21 16:00:00,366.3261807106947
2012-05-21 17:00:00,705.9324787233611
2012-05-21 18:00:00,670.6412367783621
2012-05-21 19:00:00,529.6518712751536
2012-05-21 20:00:00,349.67890063553665
2012-05-21 21:00:00,273.76457618680854
2012-05-21 22:00:00,160.91814299295476
2012-05-21 23:00:00,93.50408995553207
2012-05-22 00:00:00,39.37706014779605
2012-05-22 01:00:00,15.440964392786226
2012-05-22 02:00:00,8.553178890126528
2012-05-22 03:00:00,6.35990009261553
2012-05-22 04:00:00,6.62715826984796
2012-05-22 05:00:00,21.156355699608362
2012-05-22 06:00:00,74.24117366389706
2012-05-22 07:00:00,171.5768396958225
2012-05-22 08:00:00,640.3400360706676
2012-05-22 09:00:00,326.16428807167927
2012-05-22 10:00:00,181.5881366200076
2012-05-22 11:00:00,200.70097728951964
2012-05-22 12:00:00,227.93947467140654
2012-05-22 13:00:00,247.93799317599556
2012-05-22 14:00:00,245.370975141784
2012-05-22 15:00:00,278.67773933533834
2012-05-22 16:00:00,406.37551217088736
2012-05-22 17:00:00,809.799904601049
2012-05-22 18:00:00,781.498758785283
2012-05-22 19:00:00,544.7889469726642
2012-05-22 20:00:00,376.69245608982584
2012-05-22 21:00:00,252.58873838440746
2012-05-22 22:00:00,205.86019827235376
2012-05-22 23:00:00,108.98799259465302
2012-05-23 00:00:00,49.657102412890666
2012-05-23 01:00:00,18.50820829354611
2012-05-23 02:00:00,8.809464013174347
2012-05-23 03:00:00,7.428788874378606
2012-05-23 04:00:00,6.064877096863437
2012-05-23 05:00:00,25.420515235136484
2012-05-23 06:00:00,170.4767467013072
2012-05-23 07:00:00,445.68648092219405
2012-05-23 08:00:00,631.0518980870598
2012-05-23 09:00:00,347.5578187401714
2012-05-23 10:00:00,200.49577865623175
2012-05-23 11:00:00,236.36576232623696
2012-05-23 12:00:00,281.3170460790635
2012-05-23 13:00:00,266.2888958551422
2012-05-23 14:00:00,264.34558556148295
2012-05-23 15:00:00,285.1983954569757
2012-05-23 16:00:00,378.8923791722162
2012-05-23 17:00:00,499.35824621356034
2012-05-23 18:00:00,496.6383851372424
2012-05-23 19:00:00,428.89230904137327
2012-05-23 20:00:00,262.65447120192187
2012-05-23 21:00:00,220.2589179051704
2012-05-23 22:00:00,175.78494792922086
2012-05-23 23:00:00,95.2310400575078
2012-05-24 00:00:00,60.764733282657645
2012-05-24 01:00:00,21.72583160180235
2012-05-24 02:00:00,12.280395746913273
2012-05-24 03:00:00,6.662374717262841
2012-05-24 04:00:00,7.078807548751829
2012-05-24 05:00:00,33.92916261088754
2012-05-24 06:00:00,169.08352738177456
2012-05-24 07:00:00,454.57826710387684
2012-05-24 08:00:00,651.2888419284363
2012-05-24 09:00:00,348.2445434753358
2012-05-24 10:00:00,204.80443965515175
2012-05-24 11:00:00,240.4395331587178
2012-05-24 12:00:00,297.8860136469464
2012-05-24 13:00:00,291.5179673034388
2012-05-24 14:00:00,272.31673135027717
2012-05-24 15:00:00,278.52703416516584
2012-05-24 16:00:00,397.093411230692
2012-05-24 17:00:00,814.3389401687532
2012-05-24 18:00:00,821.9835077802005
2012-05-24 19:00:00,574.0649635564997
2012-05-24 20:00:00,362.59773970780356
2012-05-24 21:00:00,167.79498872999594
2012-05-24 22:00:00,201.47202373924924
2012-05-24 23:00:00,148.0875640653553
2012-05-25 00:00:00,84.31180094604962
2012-05-25 01:00:00,34.75324935273133
2012-05-25 02:00:00,14.428046718387506
2012-05-25 03:00:00,8.558950862105037
2012-05-25 04:00:00,7.528662397959647
2012-05-25 05:00:00,33.52384427157746
2012-05-25 06:00:00,164.78157567008301
2012-05-25 07:00:00,435.9956750603355
2012-05-25 08:00:00,639.464344290994
2012-05-25 09:00:00,339.00867912553525
2012-05-25 10:00:00,237.3344763673799
2012-05-25 11:00:00,272.5433855679406
2012-05-25 12:00:00,336.99840037297486
2012-05-25 13:00:00,338.13084944618055
2012-05-25 14:00:00,326.8600907035934
2012-05-25 15:00:00,327.2959833087314
2012-05-25 16:00:00,458.6295088230504
2012-05-25 17:00:00,785.7171516336126
2012-05-25 18:00:00,710.1086847438551
2012-05-25 19:00:00,541.5850648157641
2012-05-25 20:00:00,366.7736458208512
2012-05-25 21:00:00,300.0130613389813
2012-05-25 22:00:00,250.8998683324552
2012-05-25 23:00:00,199.9462407312263
2012-05-26 00:00:00,176.44801258236717
2012-05-26 01:00:00,130.27673212245125
2012-05-26 02:00:00,78.09917132776944
2012-05-26 03:00:00,35.02715622392177
2012-05-26 04:00:00,13.33207625910172
2012-05-26 05:00:00,16.141938819864574
2012-05-26 06:00:00,37.078047966027526
2012-05-26 07:00:00,75.5046095698495
2012-05-26 08:00:00,209.92004697820965
2012-05-26 09:00:00,274.5199308832237
2012-05-26 10:00:00,363.7525964943
2012-05-26 11:00:00,502.7193875940799
2012-05-26 12:00:00,576.5201153743498
2012-05-26 13:00:00,568.4466882151218
2012-05-26 14:00:00,561.0729312478179
2012-05-26 15:00:00,531.203845685178
2012-05-26 16:00:00,616.7132643038174
2012-05-26 17:00:00,565.0779421939488
2012-05-26 18:00:00,513.2883155287016
2012-05-26 19:00:00,431.27298170724634
2012-05-26 20:00:00,361.75052454700193
2012-05-26 21:00:00,287.18838982911643
2012-05-26 22:00:00,270.5293003902997
2012-05-26 23:00:00,223.5114476193549
2012-05-27 00:00:00,148.74626376455265
2012-05-27 01:00:00,122.12493320112156
2012-05-27 02:00:00,82.91420137967066
2012-05-27 03:00:00,44.96498526279062
2012-05-27 04:00:00,12.646511124366855
2012-05-27 05:00:00,14.114494280891385
2012-05-27 06:00:00,23.584635244793656
2012-05-27 07:00:00,54.14521154663068
2012-05-27 08:00:00,123.01184930193335
2012-05-27 09:00:00,220.17596453045343
2012-05-27 10:00:00,378.6456714357278
2012-05-27 11:00:00,482.3592094412785
2012-05-27 12:00:00,530.3900260389028
2012-05-27 13:00:00,547.2535170867613
2012-05-27 14:00:00,508.3086421522309
2012-05-27 15:00:00,511.66476734516334
2012-05-27 16:00:00,547.5603002219873
2012-05-27 17:00:00,560.7398051185332
2012-05-27 18:00:00,497.9219889153411
2012-05-27 19:00:00,389.5490434672171
2012-05-27 20:00:00,325.80025403500696
2012-05-27 21:00:00,149.54537255522268
2012-05-27 22:00:00,76.48659044447722
2012-05-27 23:00:00,54.05779960501622
2012-05-28 00:00:00,80.19232899951575
2012-05-28 01:00:00,45.865721139707944
2012-05-28 02:00:00,32.05295414752028
2012-05-28 03:00:00,18.90859882505028
2012-05-28 04:00:00,9.59255004697573
2012-05-28 05:00:00,18.662671747849092
2012-05-28 06:00:00,49.62279051903967
2012-05-28 07:00:00,126.35017878116024
2012-05-28 08:00:00,330.5985599352867
2012-05-28 09:00:00,291.2065439714633
2012-05-28 10:00:00,347.9720779677977
2012-05-28 11:00:00,439.0130282755406
2012-05-28 12:00:00,533.4620934671959
2012-05-28 13:00:00,460.0520797762782
2012-05-28 14:00:00,455.19007322610383
2012-05-28 15:00:00,463.6202239736967
2012-05-28 16:00:00,485.1253345506972
2012-05-28 17:00:00,663.175498196845
2012-05-28 18:00:00,622.2522388741135
2012-05-28 19:00:00,559.84037412343
2012-05-28 20:00:00,427.8968393917895
2012-05-28 21:00:00,321.7396631685561
2012-05-28 22:00:00,221.58397945051968
2012-05-28 23:00:00,125.0737236373672
2012-05-29 00:00:00,41.46594466214811
2012-05-29 01:00:00,17.699545142989987
2012-05-29 02:00:00,9.997919033518322
2012-05-29 03:00:00,7.099749484622509
2012-05-29 04:00:00,7.52869987616733
2012-05-29 05:00:00,37.15252126866673
2012-05-29 06:00:00,166.3655172167561
2012-05-29 07:00:00,435.7903595346043
2012-05-29 08:00:00,623.1391618316366
2012-05-29 09:00:00,318.60566770533757
2012-05-29 10:00:00,192.0834065103615
2012-05-29 11:00:00,208.79126096035625
2012-05-29 12:00:00,254.0779136116907
2012-05-29 13:00:00,252.70626357124368
2012-05-29 14:00:00,240.95117091862093
2012-05-29 15:00:00,251.90422490125212
2012-05-29 16:00:00,365.2018119203383
2012-05-29 17:00:00,820.9489825370208
2012-05-29 18:00:00,783.1069606440626
2012-05-29 19:00:00,601.094971329693
2012-05-29 20:00:00,240.01590962819097
2012-05-29 21:00:00,112.4835212681268
2012-05-29 22:00:00,151.71719566814457
2012-05-29 23:00:00,44.57270028374739
2012-05-30 00:00:00,30.563790181855065
2012-05-30 01:00:00,14.32737458549856
2012-05-30 02:00:00,6.3585826822778575
2012-05-30 03:00:00,6.0093886068631885
2012-05-30 04:00:00,7.178003793321478
2012-05-30 05:00:00,38.119847246622015
2012-05-30 06:00:00,179.9121868191058
2012-05-30 07:00:00,213.1415188922484
2012-05-30 08:00:00,623.9044492468605
2012-05-30 09:00:00,348.9972272990352
2012-05-30 10:00:00,205.39970746030104
2012-05-30 11:00:00,227.33004300474965
2012-05-30 12:00:00,287.03029756600097
2012-05-30 13:00:00,285.89318764637795
2012-05-30 14:00:00,269.92121558004914
2012-05-30 15:00:00,279.51752862229586
2012-05-30 16:00:00,408.312092615393
2012-05-30 17:00:00,825.9928128856467
2012-05-30 18:00:00,806.7876725089559
2012-05-30 19:00:00,594.6973939591372
2012-05-30 20:00:00,358.45425778628504
2012-05-30 21:00:00,336.72004204162846
2012-05-30 22:00:00,237.81364879853442
2012-05-30 23:00:00,137.04201802501962
2012-05-31 00:00:00,65.63892979703253
2012-05-31 01:00:00,25.543764328759508
2012-05-31 02:00:00,12.772427044183386
2012-05-31 03:00:00,7.886632647851864
2012-05-31 04:00:00,7.90148790611681
2012-05-31 05:00:00,38.59029171602091
2012-05-31 06:00:00,179.31504245633488
2012-05-31 07:00:00,381.72111458346006
2012-05-31 08:00:00,677.424580367933
2012-05-31 09:00:00,356.8523161260868
2012-05-31 10:00:00,220.00915764708296
2012-05-31 11:00:00,249.8838223783463
2012-05-31 12:00:00,298.7482859308047
2012-05-31 13:00:00,296.7256415308094
2012-05-31 14:00:00,275.9137535521006
2012-05-31 15:00:00,272.9408526087251
2012-05-31 16:00:00,398.7050516588197
2012-05-31 17:00:00,814.001598984932
2012-05-31 18:00:00,812.9412460541447
2012-05-31 19:00:00,596.1440569023856
2012-05-31 20:00:00,424.08789127257677
2012-05-31 21:00:00,340.3413114086189
2012-05-31 22:00:00,267.08815379937766
2012-05-31 23:00:00,180.99569389260046
2012-06-20 00:00:00,46.05261783597125
2012-06-20 01:00:00,20.437431710512126
2012-06-20 02:00:00,9.615883300545242
2012-06-20 03:00:00,7.155352572323544
2012-06-20 04:00:00,7.718893644799041
2012-06-20 05:00:00,40.1092891099906
2012-06-20 06:00:00,169.43545766830684
2012-06-20 07:00:00,482.36362520650727
2012-06-20 08:00:00,689.6679259883367
2012-06-20 09:00:00,329.417316693392
2012-06-20 10:00:00,190.88608777295855
2012-06-20 11:00:00,199.26018162048473
2012-06-20 12:00:00,237.27382919986812
2012-06-20 13:00:00,238.65341473331557
2012-06-20 14:00:00,225.91462178779392
2012-06-20 15:00:00,234.92417912006076
2012-06-20 16:00:00,343.7290718017753
2012-06-20 17:00:00,732.0863517877294
2012-06-20 18:00:00,727.1213859359997
2012-06-20 19:00:00,577.8094673519386
2012-06-20 20:00:00,405.5625834701331
2012-06-20 21:00:00,343.9242686982456
2012-06-20 22:00:00,257.5384514175797
2012-06-20 23:00:00,153.56231654801215
2012-06-21 00:00:00,62.35218447786285
2012-06-21 01:00:00,22.92634603971646
2012-06-21 02:00:00,11.712303491580695
2012-06-21 03:00:00,6.934807380420812
2012-06-21 04:00:00,8.02969862658592
2012-06-21 05:00:00,40.9995028619481
2012-06-21 06:00:00,169.19186279745276
2012-06-21 07:00:00,494.9051129361018
2012-06-21 08:00:00,592.3937613113487
2012-06-21 09:00:00,321.2063223917197
2012-06-21 10:00:00,173.03028866526952
2012-06-21 11:00:00,198.71085394081197
2012-06-21 12:00:00,229.51837159712676
2012-06-21 13:00:00,229.51837159712676
2012-06-21 14:00:00,228.49885935001336
2012-06-21 15:00:00,216.349878482198
2012-06-21 16:00:00,337.2842170647631
2012-06-21 17:00:00,714.4786501820448
2012-06-21 18:00:00,712.1467232302484
2012-06-21 19:00:00,547.6216188990061
2012-06-21 20:00:00,383.5051923402119
2012-06-21 21:00:00,326.48869608165734
2012-06-21 22:00:00,236.2528483531788
2012-06-21 23:00:00,183.43611356888658
2012-06-22 00:00:00,78.85408271253831
2012-06-22 01:00:00,33.05988148061762
2012-06-22 02:00:00,15.110816931577375
2012-06-22 03:00:00,8.660558917408892
2012-06-22 04:00:00,7.633086670494319
2012-06-22 05:00:00,38.41621834296815
2012-06-22 06:00:00,158.83689517420245
2012-06-22 07:00:00,408.57324252754694
2012-06-22 08:00:00,627.517914450475
2012-06-22 09:00:00,342.15149980154547
2012-06-22 10:00:00,229.4344154546487
2012-06-22 11:00:00,267.9033894661543
2012-06-22 12:00:00,287.62758986784047
2012-06-22 13:00:00,277.95399424526846
2012-06-22 14:00:00,267.036436505345
2012-06-22 15:00:00,251.48520498250778
2012-06-22 16:00:00,373.2896188445606
2012-06-22 17:00:00,773.0065699272021
2012-06-22 18:00:00,707.9222545991929
2012-06-22 19:00:00,474.3504008100436
2012-06-22 20:00:00,297.7632377640892
2012-06-22 21:00:00,204.45987031457767
2012-06-22 22:00:00,236.63790542807928
2012-06-22 23:00:00,191.71912926658032
2012-06-23 00:00:00,161.36036002190102
2012-06-23 01:00:00,128.2490518402619
2012-06-23 02:00:00,61.100899801578116
2012-06-23 03:00:00,27.269675350516298
2012-06-23 04:00:00,11.566470822091608
2012-06-23 05:00:00,12.693595597834785
2012-06-23 06:00:00,35.57650588619639
2012-06-23 07:00:00,69.89277709378048
2012-06-23 08:00:00,225.94881192262923
2012-06-23 09:00:00,302.5218098251676
2012-06-23 10:00:00,448.57395534147804
2012-06-23 11:00:00,553.9765838180331
2012-06-23 12:00:00,592.4104655452678
2012-06-23 13:00:00,589.8576085242256
2012-06-23 14:00:00,592.4932243185672
2012-06-23 15:00:00,556.3202134656464
2012-06-23 16:00:00,597.5027913574874
2012-06-23 17:00:00,548.9107229219683
2012-06-23 18:00:00,486.5152954177262
2012-06-23 19:00:00,427.867240365085
2012-06-23 20:00:00,365.081759310386
2012-06-23 21:00:00,310.0811824625917
2012-06-23 22:00:00,267.31962563577184
2012-06-23 23:00:00,220.60055391092982
2012-06-24 00:00:00,154.88133625193225
2012-06-24 01:00:00,133.1044712017831
2012-06-24 02:00:00,85.73486413329162
2012-06-24 03:00:00,44.53776103143354
2012-06-24 04:00:00,14.357656897551923
2012-06-24 05:00:00,14.026033841064102
2012-06-24 06:00:00,22.188073537896678
2012-06-24 07:00:00,84.07308087650837
2012-06-24 08:00:00,138.5549976551504
2012-06-24 09:00:00,248.32968472329077
2012-06-24 10:00:00,416.7255650324719
2012-06-24 11:00:00,493.35719965854
2012-06-24 12:00:00,558.3286227026811
2012-06-24 13:00:00,530.4345108583617
2012-06-24 14:00:00,487.3352230598365
2012-06-24 15:00:00,498.124819887313
2012-06-24 16:00:00,528.5681206101026
2012-06-24 17:00:00,510.1826352464778
2012-06-24 18:00:00,477.66091460104354
2012-06-24 19:00:00,405.6459510380522
2012-06-24 20:00:00,323.9380929730434
2012-06-24 21:00:00,238.7415707295505
2012-06-24 22:00:00,168.45105124356633
2012-06-24 23:00:00,103.2885604610761
2012-06-25 00:00:00,41.58687463959524
2012-06-25 01:00:00,15.78672626932732
2012-06-25 02:00:00,10.152108829319976
2012-06-25 03:00:00,6.882390596914836
2012-06-25 04:00:00,7.915860733247937
2012-06-25 05:00:00,39.87536215116459
2012-06-25 06:00:00,163.00971410675797
2012-06-25 07:00:00,425.21971356876503
2012-06-25 08:00:00,573.2135517972569
2012-06-25 09:00:00,318.0022083299382
2012-06-25 10:00:00,190.82996080223037
2012-06-25 11:00:00,207.12612944773514
2012-06-25 12:00:00,252.69058349248056
2012-06-25 13:00:00,265.9304757434066
2012-06-25 14:00:00,242.4105125254398
2012-06-25 15:00:00,258.5218171595214
2012-06-25 16:00:00,377.2344183966784
2012-06-25 17:00:00,811.7980653362938
2012-06-25 18:00:00,798.44503509736
2012-06-25 19:00:00,561.3854548190735
2012-06-25 20:00:00,388.87519989394605
2012-06-25 21:00:00,300.905240053854
2012-06-25 22:00:00,194.5441026545714
2012-06-25 23:00:00,107.27871301758053
2012-06-26 00:00:00,37.98155274324162
2012-06-26 01:00:00,15.614333676329109
2012-06-26 02:00:00,9.882936534415665
2012-06-26 03:00:00,7.123252304967088
2012-06-26 04:00:00,8.184631218285366
2012-06-26 05:00:00,42.13580318303564
2012-06-26 06:00:00,167.37909427292365
2012-06-26 07:00:00,376.5831795723739
2012-06-26 08:00:00,559.4006101047258
2012-06-26 09:00:00,323.4317139242434
2012-06-26 10:00:00,205.13240740420144
2012-06-26 11:00:00,228.60114781436792
2012-06-26 12:00:00,282.15154416320456
2012-06-26 13:00:00,278.5245692131185
2012-06-26 14:00:00,266.40499766390974
2012-06-26 15:00:00,278.51512067983424
2012-06-26 16:00:00,404.8559324630807
2012-06-26 17:00:00,807.2213522088938
2012-06-26 18:00:00,793.9436029929072
2012-06-26 19:00:00,591.3629568139872
2012-06-26 20:00:00,419.29298541836266
2012-06-26 21:00:00,331.37434895780825
2012-06-26 22:00:00,238.10988006197528
2012-06-26 23:00:00,120.81623168864887
2012-06-27 00:00:00,48.22367928703223
2012-06-27 01:00:00,19.742500213444142
2012-06-27 02:00:00,10.552730854914863
2012-06-27 03:00:00,7.570078001561889
2012-06-27 04:00:00,8.416874573283437
2012-06-27 05:00:00,44.58495499607896
2012-06-27 06:00:00,180.10388966549874
2012-06-27 07:00:00,429.9421954515144
2012-06-27 08:00:00,636.0869361786099
2012-06-27 09:00:00,344.2777547796118
2012-06-27 10:00:00,206.7036087293738
2012-06-27 11:00:00,237.0662129823861
2012-06-27 12:00:00,269.48124876202183
2012-06-27 13:00:00,263.8255164646476
2012-06-27 14:00:00,254.3717808533362
2012-06-27 15:00:00,269.9505049869951
2012-06-27 16:00:00,392.4062117296118
2012-06-27 17:00:00,848.7923590587087
2012-06-27 18:00:00,815.8157941607254
2012-06-27 19:00:00,597.0845151248328
2012-06-27 20:00:00,424.1219400483118
2012-06-27 21:00:00,338.360315268496
2012-06-27 22:00:00,251.49274225845443
2012-06-27 23:00:00,149.47061501314468
2012-06-28 00:00:00,67.19987967554057
2012-06-28 01:00:00,23.644630622715397
2012-06-28 02:00:00,12.742886072054787
2012-06-28 03:00:00,7.804204418515071
2012-06-28 04:00:00,8.372351732486733
2012-06-28 05:00:00,42.93132070404651
2012-06-28 06:00:00,175.29463258792128
2012-06-28 07:00:00,411.7604857200827
2012-06-28 08:00:00,650.8806994023474
2012-06-28 09:00:00,347.89448148937686
2012-06-28 10:00:00,203.8351472287145
2012-06-28 11:00:00,230.6999016490153
2012-06-28 12:00:00,277.8783468032216
2012-06-28 13:00:00,277.1969124623841
2012-06-28 14:00:00,254.4300974260165
2012-06-28 15:00:00,268.5527126399279
2012-06-28 16:00:00,410.1712011015216
2012-06-28 17:00:00,784.2318712854953
2012-06-28 18:00:00,770.1856996482901
2012-06-28 19:00:00,597.2227351468059
2012-06-28 20:00:00,415.8788275292545
2012-06-28 21:00:00,329.99328921028757
2012-06-28 22:00:00,259.0589807398729
2012-06-28 23:00:00,192.50846507080232
2012-06-29 00:00:00,88.97239125361192
2012-06-29 01:00:00,36.13227793197539
2012-06-29 02:00:00,16.12100686551069
2012-06-29 03:00:00,9.261590726509226
2012-06-29 04:00:00,9.085997677947239
2012-06-29 05:00:00,41.65531296798029
2012-06-29 06:00:00,172.37779693616815
2012-06-29 07:00:00,420.3791949587196
2012-06-29 08:00:00,655.9635230004392
2012-06-29 09:00:00,347.03804802873066
2012-06-29 10:00:00,164.91552706691402
2012-06-29 11:00:00,205.84751791887084
2012-06-29 12:00:00,249.16773371884076
2012-06-29 13:00:00,213.84131915770487
2012-06-29 14:00:00,208.13965733190972
2012-06-29 15:00:00,217.67256624298793
2012-06-29 16:00:00,301.05887426419076
2012-06-29 17:00:00,512.7996776438451
2012-06-29 18:00:00,499.46930107140906
2012-06-29 19:00:00,401.796335503235
2012-06-29 20:00:00,296.33209862053826
2012-06-29 21:00:00,235.87400396020706
2012-06-29 22:00:00,116.95053217427443
2012-06-29 23:00:00,112.35150737815293
2012-06-30 00:00:00,105.79976100816931
2012-06-30 01:00:00,89.30710602529022
2012-06-30 02:00:00,64.79274905041603
2012-06-30 03:00:00,30.561609993236157
2012-06-30 04:00:00,9.81840229478138
2012-06-30 05:00:00,15.18121188522252
2012-06-30 06:00:00,35.09189343751194
2012-06-30 07:00:00,68.72749186233398
2012-06-30 08:00:00,194.1701891888233
2012-06-30 09:00:00,261.6348865749669
2012-06-30 10:00:00,384.50889368499924
2012-06-30 11:00:00,479.36627030113385
2012-06-30 12:00:00,536.2758623215157
2012-06-30 13:00:00,533.9649044975636
2012-06-30 14:00:00,521.3945339335355
2012-06-30 15:00:00,522.9129149497015
2012-06-30 16:00:00,484.3264667701384
2012-06-30 17:00:00,495.24801823416703
2012-06-30 18:00:00,406.21788756274094
2012-06-30 19:00:00,437.3043270146031
2012-06-30 20:00:00,363.2049679002099
2012-06-30 21:00:00,305.5348809120617
2012-06-30 22:00:00,248.93353005821376
2012-06-30 23:00:00,216.92770274203994
2012-07-20 00:00:00,53.39424674618826
2012-07-20 01:00:00,33.32526078463786
2012-07-20 02:00:00,14.044082372204311
2012-07-20 03:00:00,8.861583925929917
2012-07-20 04:00:00,8.550423178465671
2012-07-20 05:00:00,37.90489655270718
2012-07-20 06:00:00,171.0431564995037
2012-07-20 07:00:00,439.1742153235371
2012-07-20 08:00:00,683.1600535383326
2012-07-20 09:00:00,359.797656701083
2012-07-20 10:00:00,211.14553535036532
2012-07-20 11:00:00,206.01196189527178
2012-07-20 12:00:00,182.58792699756154
2012-07-20 13:00:00,176.4936087929992
2012-07-20 14:00:00,185.9261205669037
2012-07-20 15:00:00,256.79047074241373
2012-07-20 16:00:00,295.6675609839095
2012-07-20 17:00:00,402.5162239313289
2012-07-20 18:00:00,439.9910714166424
2012-07-20 19:00:00,289.5344507523895
2012-07-20 20:00:00,111.25043895421112
2012-07-20 21:00:00,94.43857520815519
2012-07-20 22:00:00,176.61616492323463
2012-07-20 23:00:00,150.74715181996547
2012-07-21 00:00:00,108.31023024812889
2012-07-21 01:00:00,102.58555874356715
2012-07-21 02:00:00,54.08023722395182
2012-07-21 03:00:00,25.4653540554202
2012-07-21 04:00:00,10.69091262602249
2012-07-21 05:00:00,11.643136093576327
2012-07-21 06:00:00,28.611631262138356
2012-07-21 07:00:00,60.76640395313176
2012-07-21 08:00:00,173.685606451731
2012-07-21 09:00:00,233.613322596778
2012-07-21 10:00:00,146.8684338262622
2012-07-21 11:00:00,325.89693617228767
2012-07-21 12:00:00,193.0330654054628
2012-07-21 13:00:00,213.34453775532825
2012-07-21 14:00:00,323.07393622024915
2012-07-21 15:00:00,180.862732182202
2012-07-21 16:00:00,233.52523016253303
2012-07-21 17:00:00,207.54753372127513
2012-07-21 18:00:00,252.05014940191862
2012-07-21 19:00:00,268.60917498944343
2012-07-21 20:00:00,125.58451276426462
2012-07-21 21:00:00,172.8971216069615
2012-07-21 22:00:00,163.27871104514452
2012-07-21 23:00:00,153.9687938100916
2012-07-22 00:00:00,135.52056542986824
2012-07-22 01:00:00,113.09104169234418
2012-07-22 02:00:00,76.20910767321286
2012-07-22 03:00:00,40.38987702914509
2012-07-22 04:00:00,14.694553672464247
2012-07-22 05:00:00,13.427987797925281
2012-07-22 06:00:00,21.644225100378698
2012-07-22 07:00:00,47.711792665629005
2012-07-22 08:00:00,122.98485651828919
2012-07-22 09:00:00,263.3950038909885
2012-07-22 10:00:00,359.02047239840806
2012-07-22 11:00:00,415.047779738492
2012-07-22 12:00:00,490.27824725542246
2012-07-22 13:00:00,509.23681130192426
2012-07-22 14:00:00,509.51165206376334
2012-07-22 15:00:00,510.6426352026032
2012-07-22 16:00:00,529.5558984336006
2012-07-22 17:00:00,457.1254116110694
2012-07-22 18:00:00,437.28249956186676
2012-07-22 19:00:00,351.4491562692089
2012-07-22 20:00:00,274.1110617019968
2012-07-22 21:00:00,202.7263287550909
2012-07-22 22:00:00,147.08786913589037
2012-07-22 23:00:00,105.03398565761849
2012-07-23 00:00:00,42.486810033651686
2012-07-23 01:00:00,17.85891676935561
2012-07-23 02:00:00,9.377698059939878
2012-07-23 03:00:00,6.685574091669404
2012-07-23 04:00:00,7.5376014472956125
2012-07-23 05:00:00,35.542883646101295
2012-07-23 06:00:00,165.91531183331128
2012-07-23 07:00:00,477.1724579634351
2012-07-23 08:00:00,651.9756252876414
2012-07-23 09:00:00,327.06661332546645
2012-07-23 10:00:00,187.8212500986138
2012-07-23 11:00:00,212.9214206512664
2012-07-23 12:00:00,270.01347140320513
2012-07-23 13:00:00,269.25055589478654
2012-07-23 14:00:00,257.6636839493571
2012-07-23 15:00:00,263.96436625703507
2012-07-23 16:00:00,386.4541229212718
2012-07-23 17:00:00,780.3983864849154
2012-07-23 18:00:00,775.4584355134929
2012-07-23 19:00:00,569.1436219399415
2012-07-23 20:00:00,386.14954733772475
2012-07-23 21:00:00,293.43977780523403
2012-07-23 22:00:00,196.5912597735645
2012-07-23 23:00:00,111.69861682825933
2012-07-24 00:00:00,45.28141286620557
2012-07-24 01:00:00,18.54704281801942
2012-07-24 02:00:00,8.951817778363203
2012-07-24 03:00:00,7.127410407193318
2012-07-24 04:00:00,7.676502787183938
2012-07-24 05:00:00,39.03615487674705
2012-07-24 06:00:00,163.13785682828316
2012-07-24 07:00:00,427.118462931475
2012-07-24 08:00:00,578.5369522380265
2012-07-24 09:00:00,285.5920603680256
2012-07-24 10:00:00,178.959266195952
2012-07-24 11:00:00,194.57201123800112
2012-07-24 12:00:00,259.3711349075633
2012-07-24 13:00:00,246.12051688636242
2012-07-24 14:00:00,245.63932774763109
2012-07-24 15:00:00,266.52400988360824
2012-07-24 16:00:00,388.15461451193414
2012-07-24 17:00:00,783.8874035637671
2012-07-24 18:00:00,755.1435119739435
2012-07-24 19:00:00,567.1578146957326
2012-07-24 20:00:00,391.6797197814625
2012-07-24 21:00:00,306.8601553906746
2012-07-24 22:00:00,216.47659278162197
2012-07-24 23:00:00,128.84980894315362
2012-07-25 00:00:00,48.29887183529024
2012-07-25 01:00:00,20.857982097185555
2012-07-25 02:00:00,10.39197825128001
2012-07-25 03:00:00,6.923476461178281
2012-07-25 04:00:00,7.693327251561993
2012-07-25 05:00:00,42.2064732115355
2012-07-25 06:00:00,170.52894816981095
2012-07-25 07:00:00,429.0406516538693
2012-07-25 08:00:00,633.2051251156762
2012-07-25 09:00:00,342.76504060402937
2012-07-25 10:00:00,204.85013724516423
2012-07-25 11:00:00,229.77769618126445
2012-07-25 12:00:00,282.9812126042616
2012-07-25 13:00:00,278.90523436556305
2012-07-25 14:00:00,264.0096013253853
2012-07-25 15:00:00,279.3767339071454
2012-07-25 16:00:00,406.50387780066757
2012-07-25 17:00:00,815.3530474579838
2012-07-25 18:00:00,805.8182016710548
2012-07-25 19:00:00,600.8892025001009
2012-07-25 20:00:00,426.13407522965156
2012-07-25 21:00:00,336.39873890338436
2012-07-25 22:00:00,242.78736862101408
2012-07-25 23:00:00,149.76801923041882
2012-07-26 00:00:00,63.87952141091248
2012-07-26 01:00:00,23.52808110724392
2012-07-26 02:00:00,11.9798089224548
2012-07-26 03:00:00,7.401059092728806
2012-07-26 04:00:00,8.387395408054891
2012-07-26 05:00:00,42.47136527038123
2012-07-26 06:00:00,177.72311999353897
2012-07-26 07:00:00,457.35420850135426
2012-07-26 08:00:00,653.1349280293575
2012-07-26 09:00:00,344.60444258532334
2012-07-26 10:00:00,203.2457050741208
2012-07-26 11:00:00,197.53808392852764
2012-07-26 12:00:00,237.80498235300183
2012-07-26 13:00:00,221.58584523249536
2012-07-26 14:00:00,207.3565794006739
2012-07-26 15:00:00,219.4269825193155
2012-07-26 16:00:00,279.03029884261326
2012-07-26 17:00:00,639.5565592300896
2012-07-26 18:00:00,633.9839033696878
2012-07-26 19:00:00,485.9678865029129
2012-07-26 20:00:00,382.7337355595036
2012-07-26 21:00:00,283.87004554747875
2012-07-26 22:00:00,215.85412249068344
2012-07-26 23:00:00,176.74669811875856
2012-07-27 00:00:00,81.81473991603325
2012-07-27 01:00:00,32.88922554371146
2012-07-27 02:00:00,16.430852117643465
2012-07-27 03:00:00,9.293562364867153
2012-07-27 04:00:00,8.867224029664126
2012-07-27 05:00:00,40.56641091249479
2012-07-27 06:00:00,166.63061048022172
2012-07-27 07:00:00,389.44260659660796
2012-07-27 08:00:00,607.2478822812714
2012-07-27 09:00:00,327.27007334181803
2012-07-27 10:00:00,221.13225689850512
2012-07-27 11:00:00,264.3820030152463
2012-07-27 12:00:00,282.8285856246748
2012-07-27 13:00:00,314.61834153488985
2012-07-27 14:00:00,273.5720786043706
2012-07-27 15:00:00,280.48865432168043
2012-07-27 16:00:00,435.17237536180636
2012-07-27 17:00:00,667.6420337076645
2012-07-27 18:00:00,707.9140936201185
2012-07-27 19:00:00,513.391737097518
2012-07-27 20:00:00,363.89137799166866
2012-07-27 21:00:00,297.6554274007613
2012-07-27 22:00:00,241.2444372943721
2012-07-27 23:00:00,201.15028009598117
2012-07-28 00:00:00,171.2965500134082
2012-07-28 01:00:00,113.17845232940644
2012-07-28 02:00:00,61.01186420674184
2012-07-28 03:00:00,28.490021501947272
2012-07-28 04:00:00,13.255984284878727
2012-07-28 05:00:00,15.353816916652152
2012-07-28 06:00:00,35.45828655906571
2012-07-28 07:00:00,106.41853655665814
2012-07-28 08:00:00,207.01086270108433
2012-07-28 09:00:00,292.87314854936625
2012-07-28 10:00:00,412.20345770142654
2012-07-28 11:00:00,519.4354353240054
2012-07-28 12:00:00,569.7184593810625
2012-07-28 13:00:00,498.464074388912
2012-07-28 14:00:00,546.3883030855799
2012-07-28 15:00:00,547.4305444248257
2012-07-28 16:00:00,559.8078051713736
2012-07-28 17:00:00,521.4748491598068
2012-07-28 18:00:00,469.9020970119264
2012-07-28 19:00:00,285.57728145047963
2012-07-28 20:00:00,232.6985244296941
2012-07-28 21:00:00,257.32477264343856
2012-07-28 22:00:00,228.9297351892068
2012-07-28 23:00:00,194.93934571826588
2012-07-29 00:00:00,169.59901580841048
2012-07-29 01:00:00,129.32875238826628
2012-07-29 02:00:00,89.97576620571483
2012-07-29 03:00:00,44.86919044441777
2012-07-29 04:00:00,11.348536595124248
2012-07-29 05:00:00,13.9305556238701
2012-07-29 06:00:00,23.48614359977969
2012-07-29 07:00:00,74.57303553102695
2012-07-29 08:00:00,134.10619577316032
2012-07-29 09:00:00,240.37768673331817
2012-07-29 10:00:00,414.9668507249547
2012-07-29 11:00:00,481.20001020774515
2012-07-29 12:00:00,550.4449928461448
2012-07-29 13:00:00,526.341329209465
2012-07-29 14:00:00,518.3379366682107
2012-07-29 15:00:00,522.1148590014449
2012-07-29 16:00:00,558.7435117500164
2012-07-29 17:00:00,488.8457203131785
2012-07-29 18:00:00,469.3531849464968
2012-07-29 19:00:00,398.0138216298724
2012-07-29 20:00:00,292.47998493396926
2012-07-29 21:00:00,208.7959705543085
2012-07-29 22:00:00,148.83039564355187
2012-07-29 23:00:00,98.36822044270504
2012-07-30 00:00:00,45.015044697057746
2012-07-30 01:00:00,18.295393868335893
2012-07-30 02:00:00,10.829940899727031
2012-07-30 03:00:00,6.936887635482727
2012-07-30 04:00:00,8.1690895375777
2012-07-30 05:00:00,38.85493753937682
2012-07-30 06:00:00,161.50547792532515
2012-07-30 07:00:00,478.997125201882
2012-07-30 08:00:00,609.6494885156787
2012-07-30 09:00:00,331.5492811863849
2012-07-30 10:00:00,184.09035675801042
2012-07-30 11:00:00,214.0112329992626
2012-07-30 12:00:00,272.2546386613116
2012-07-30 13:00:00,268.380015744393
2012-07-30 14:00:00,252.6729433148152
2012-07-30 15:00:00,266.3302621112774
2012-07-30 16:00:00,389.3535382823029
2012-07-30 17:00:00,780.8590579434167
2012-07-30 18:00:00,749.707919441196
2012-07-30 19:00:00,567.6985663862935
2012-07-30 20:00:00,365.60722277845815
2012-07-30 21:00:00,278.8522875203179
2012-07-30 22:00:00,170.47527725685072
2012-07-30 23:00:00,109.69426591721482
2012-07-31 00:00:00,43.32196494600395
2012-07-31 01:00:00,16.309405963396493
2012-07-31 02:00:00,9.00882940613706
2012-07-31 03:00:00,6.926281086133607
2012-07-31 04:00:00,7.676502787183938
2012-07-31 05:00:00,39.04025930581605
2012-07-31 06:00:00,163.7730386359041
2012-07-31 07:00:00,475.7519682094015
2012-07-31 08:00:00,673.2636278506665
2012-07-31 09:00:00,327.7998662869057
2012-07-31 10:00:00,188.73315616162816
2012-07-31 11:00:00,219.78970776029178
2012-07-31 12:00:00,272.27987486051165
2012-07-31 13:00:00,267.03473538671506
2012-07-31 14:00:00,255.41512642084686
2012-07-31 15:00:00,272.42544467188725
2012-07-31 16:00:00,397.27738537025215
2012-07-31 17:00:00,805.862740712882
2012-07-31 18:00:00,781.2261640890569
2012-07-31 19:00:00,479.2133584908279
2012-07-31 20:00:00,335.3167521109265
2012-07-31 21:00:00,279.6072675289612
2012-07-31 22:00:00,215.77661382756094
2012-07-31 23:00:00,112.64834810928245
2012-08-20 00:00:00,31.07999395895918
2012-08-20 01:00:00,15.67090034664044
2012-08-20 02:00:00,9.156909105032918
2012-08-20 03:00:00,6.599937679233266
2012-08-20 04:00:00,6.86635945108737
2012-08-20 05:00:00,32.987373966141426
2012-08-20 06:00:00,159.11027036397203
2012-08-20 07:00:00,433.0952829473237
2012-08-20 08:00:00,570.937279102716
2012-08-20 09:00:00,323.85132618376434
2012-08-20 10:00:00,185.2363193304961
2012-08-20 11:00:00,219.2257382346571
2012-08-20 12:00:00,282.7701704645409
2012-08-20 13:00:00,282.26432644537886
2012-08-20 14:00:00,265.95174246315884
2012-08-20 15:00:00,275.19083954217916
2012-08-20 16:00:00,398.08205052676817
2012-08-20 17:00:00,763.5202440781832
2012-08-20 18:00:00,484.7518247192478
2012-08-20 19:00:00,393.2223284317032
2012-08-20 20:00:00,216.6391024123845
2012-08-20 21:00:00,193.837932662541
2012-08-20 22:00:00,140.16477371523408
2012-08-20 23:00:00,67.6184582892254
2012-08-21 00:00:00,30.64005273130381
2012-08-21 01:00:00,14.134673151235049
2012-08-21 02:00:00,7.574371167354065
2012-08-21 03:00:00,6.507311975945185
2012-08-21 04:00:00,7.213239963461629
2012-08-21 05:00:00,36.85298638127606
2012-08-21 06:00:00,156.44994173735392
2012-08-21 07:00:00,434.5725663499853
2012-08-21 08:00:00,597.9729065903092
2012-08-21 09:00:00,330.0764393559719
2012-08-21 10:00:00,201.86774350161275
2012-08-21 11:00:00,230.75800780865492
2012-08-21 12:00:00,286.8322474050132
2012-08-21 13:00:00,287.2153685042845
2012-08-21 14:00:00,270.95404380462253
2012-08-21 15:00:00,285.1745082685924
2012-08-21 16:00:00,412.5240985433461
2012-08-21 17:00:00,793.6247958613448
2012-08-21 18:00:00,815.677266814099
2012-08-21 19:00:00,349.98987078822597
2012-08-21 20:00:00,355.01185304951645
2012-08-21 21:00:00,281.50359183871774
2012-08-21 22:00:00,185.1851902735436
2012-08-21 23:00:00,86.54979330664847
2012-08-22 00:00:00,41.18341839221625
2012-08-22 01:00:00,19.19322563787448
2012-08-22 02:00:00,9.754679952965208
2012-08-22 03:00:00,7.069244802722458
2012-08-22 04:00:00,7.716842556896224
2012-08-22 05:00:00,40.60797793918399
2012-08-22 06:00:00,168.64933252030903
2012-08-22 07:00:00,454.0699217317067
2012-08-22 08:00:00,613.9748742153797
2012-08-22 09:00:00,340.69322969765324
2012-08-22 10:00:00,207.271884088419
2012-08-22 11:00:00,236.6004639763722
2012-08-22 12:00:00,289.7010227415724
2012-08-22 13:00:00,286.7624045368831
2012-08-22 14:00:00,271.5946741549985
2012-08-22 15:00:00,286.39297361514633
2012-08-22 16:00:00,413.3231876185009
2012-08-22 17:00:00,787.3163257385313
2012-08-22 18:00:00,756.185976994705
2012-08-22 19:00:00,499.50032065153357
2012-08-22 20:00:00,361.62765039307845
2012-08-22 21:00:00,289.0053822624526
2012-08-22 22:00:00,223.04832531057735
2012-08-22 23:00:00,129.57937969155654
2012-08-23 00:00:00,64.39301224055694
2012-08-23 01:00:00,21.474441659138087
2012-08-23 02:00:00,11.40930461759643
2012-08-23 03:00:00,6.981506168815294
2012-08-23 04:00:00,7.878224911449448
2012-08-23 05:00:00,40.47982069231014
2012-08-23 06:00:00,152.31284168467766
2012-08-23 07:00:00,424.96789573484233
2012-08-23 08:00:00,660.8421880851321
2012-08-23 09:00:00,347.3119068528405
2012-08-23 10:00:00,208.7730720488908
2012-08-23 11:00:00,245.46128338307074
2012-08-23 12:00:00,290.9031628939511
2012-08-23 13:00:00,292.51870652994705
2012-08-23 14:00:00,277.2918609935426
2012-08-23 15:00:00,293.7575279410402
2012-08-23 16:00:00,430.1550777841025
2012-08-23 17:00:00,823.384062067769
2012-08-23 18:00:00,816.3088456688374
2012-08-23 19:00:00,617.1499448927299
2012-08-23 20:00:00,419.2735038348798
2012-08-23 21:00:00,336.4256598854487
2012-08-23 22:00:00,235.64323989727725
2012-08-23 23:00:00,156.73033327743875
2012-08-24 00:00:00,79.75284048946617
2012-08-24 01:00:00,30.5462511690009
2012-08-24 02:00:00,15.942256645649504
2012-08-24 03:00:00,8.640798999011091
2012-08-24 04:00:00,8.039258700025272
2012-08-24 05:00:00,38.545296183809135
2012-08-24 06:00:00,154.29755533907763
2012-08-24 07:00:00,435.6488679998108
2012-08-24 08:00:00,656.1988033513937
2012-08-24 09:00:00,361.96123245067685
2012-08-24 10:00:00,237.58250602796213
2012-08-24 11:00:00,274.1474759831579
2012-08-24 12:00:00,344.76113512302254
2012-08-24 13:00:00,328.617847519254
2012-08-24 14:00:00,323.7361148528961
2012-08-24 15:00:00,341.79390646893137
2012-08-24 16:00:00,479.51763715547435
2012-08-24 17:00:00,802.7305734204599
2012-08-24 18:00:00,719.7206347606251
2012-08-24 19:00:00,528.1439078272869
2012-08-24 20:00:00,329.7421953745904
2012-08-24 21:00:00,280.5821257482673
2012-08-24 22:00:00,227.4740582681351
2012-08-24 23:00:00,191.38833418276232
2012-08-25 00:00:00,175.72866374401445
2012-08-25 01:00:00,116.35541275652638
2012-08-25 02:00:00,65.04429022806723
2012-08-25 03:00:00,30.962847644083205
2012-08-25 04:00:00,13.35606668033855
2012-08-25 05:00:00,13.405954095222485
2012-08-25 06:00:00,35.65848419842553
2012-08-25 07:00:00,68.16253881111804
2012-08-25 08:00:00,208.47577007980894
2012-08-25 09:00:00,317.4021105024168
2012-08-25 10:00:00,402.53623341529976
2012-08-25 11:00:00,518.6412602301992
2012-08-25 12:00:00,462.298132836548
2012-08-25 13:00:00,581.0348030171511
2012-08-25 14:00:00,429.6099710937546
2012-08-25 15:00:00,421.5768884896357
2012-08-25 16:00:00,493.59933181566413
2012-08-25 17:00:00,413.7671529730441
2012-08-25 18:00:00,410.8448816981418
2012-08-25 19:00:00,287.67704527910973
2012-08-25 20:00:00,120.72698511793845
2012-08-25 21:00:00,177.29339173855203
2012-08-25 22:00:00,187.4125666055253
2012-08-25 23:00:00,140.99730281654982
2012-08-26 00:00:00,148.4116908331491
2012-08-26 01:00:00,122.40859623101251
2012-08-26 02:00:00,79.74377229852782
2012-08-26 03:00:00,43.00773844497986
2012-08-26 04:00:00,11.587746371229407
2012-08-26 05:00:00,13.722250395396719
2012-08-26 06:00:00,19.79552038590527
2012-08-26 07:00:00,46.23786254350067
2012-08-26 08:00:00,103.20549287527584
2012-08-26 09:00:00,209.62483306498692
2012-08-26 10:00:00,397.5520080223951
2012-08-26 11:00:00,463.8664020487623
2012-08-26 12:00:00,349.79919184470674
2012-08-26 13:00:00,248.02782714537705
2012-08-26 14:00:00,323.72423331059264
2012-08-26 15:00:00,195.50554360763968
2012-08-26 16:00:00,241.49770573101972
2012-08-26 17:00:00,284.9757489010453
2012-08-26 18:00:00,252.67241530024287
2012-08-26 19:00:00,248.43898198260197
2012-08-26 20:00:00,167.9756030917153
2012-08-26 21:00:00,152.07510428917152
2012-08-26 22:00:00,109.60371589122033
2012-08-26 23:00:00,72.83100920852762
2012-08-27 00:00:00,38.65792024267176
2012-08-27 01:00:00,15.682646725263805
2012-08-27 02:00:00,9.329260386018376
2012-08-27 03:00:00,6.7911052365901945
2012-08-27 04:00:00,7.588335901819455
2012-08-27 05:00:00,36.31214292929267
2012-08-27 06:00:00,152.5621892446002
2012-08-27 07:00:00,432.6430066159584
2012-08-27 08:00:00,570.7084362154371
2012-08-27 09:00:00,315.14345301227013
2012-08-27 10:00:00,191.909274668102
2012-08-27 11:00:00,214.7514635470062
2012-08-27 12:00:00,277.6709590372379
2012-08-27 13:00:00,277.6758843598574
2012-08-27 14:00:00,263.6680063397223
2012-08-27 15:00:00,268.71741021350385
2012-08-27 16:00:00,386.5116137804565
2012-08-27 17:00:00,812.5252819277102
2012-08-27 18:00:00,785.0657856397679
2012-08-27 19:00:00,519.3997262316162
2012-08-27 20:00:00,367.2775108221589
2012-08-27 21:00:00,267.5867864433536
2012-08-27 22:00:00,173.7987156224606
2012-08-27 23:00:00,112.53065853120492
2012-08-28 00:00:00,40.39652402964538
2012-08-28 01:00:00,17.69407299687489
2012-08-28 02:00:00,9.471416967648
2012-08-28 03:00:00,7.342776985581366
2012-08-28 04:00:00,7.761580969407481
2012-08-28 05:00:00,34.380506658867965
2012-08-28 06:00:00,162.4195447488225
2012-08-28 07:00:00,426.6357356548338
2012-08-28 08:00:00,655.689457640893
2012-08-28 09:00:00,330.88041907541015
2012-08-28 10:00:00,196.41058230198993
2012-08-28 11:00:00,222.07384041693174
2012-08-28 12:00:00,275.76355399361427
2012-08-28 13:00:00,274.9485625748249
2012-08-28 14:00:00,263.32559189014245
2012-08-28 15:00:00,275.1629294051574
2012-08-28 16:00:00,402.51215287047717
2012-08-28 17:00:00,804.6505569290631
2012-08-28 18:00:00,803.2755754400764
2012-08-28 19:00:00,601.5395029075363
2012-08-28 20:00:00,428.24877811507133
2012-08-28 21:00:00,336.86943660550423
2012-08-28 22:00:00,241.3374029932789
2012-08-28 23:00:00,133.48163558540855
2012-08-29 00:00:00,48.197403741256565
2012-08-29 01:00:00,19.440387148949817
2012-08-29 02:00:00,9.67538048799567
2012-08-29 03:00:00,7.182377872950332
2012-08-29 04:00:00,7.803339949971845
2012-08-29 05:00:00,40.80042819318484
2012-08-29 06:00:00,169.01191600030552
2012-08-29 07:00:00,400.05565150839294
2012-08-29 08:00:00,644.6918601889796
2012-08-29 09:00:00,348.60424561554646
2012-08-29 10:00:00,207.36575650348175
2012-08-29 11:00:00,238.50792147654352
2012-08-29 12:00:00,288.6557596360602
2012-08-29 13:00:00,288.57168175063396
2012-08-29 14:00:00,273.13445274233845
2012-08-29 15:00:00,287.61577094991054
2012-08-29 16:00:00,419.88893156258536
2012-08-29 17:00:00,833.555773695291
2012-08-29 18:00:00,824.0602361120162
2012-08-29 19:00:00,600.4231252921114
2012-08-29 20:00:00,424.751926130803
2012-08-29 21:00:00,342.65600087095186
2012-08-29 22:00:00,259.3975966676323
2012-08-29 23:00:00,155.12847035563158
2012-08-30 00:00:00,63.43015785594437
2012-08-30 01:00:00,22.932102774607667
2012-08-30 02:00:00,11.83292715570747
2012-08-30 03:00:00,7.47381233223332
2012-08-30 04:00:00,8.049804674729028
2012-08-30 05:00:00,40.528201850437334
2012-08-30 06:00:00,163.71342449570022
2012-08-30 07:00:00,423.1055175542652
2012-08-30 08:00:00,650.4403818583896
2012-08-30 09:00:00,353.0123854812289
2012-08-30 10:00:00,212.1558959489586
2012-08-30 11:00:00,246.3838237915066
2012-08-30 12:00:00,298.0225076554248
2012-08-30 13:00:00,297.7462400614506
2012-08-30 14:00:00,282.11401006493753
2012-08-30 15:00:00,292.14185986640643
2012-08-30 16:00:00,422.60284104586924
2012-08-30 17:00:00,810.9841630383629
2012-08-30 18:00:00,810.6835574756232
2012-08-30 19:00:00,611.3261280151407
2012-08-30 20:00:00,418.59071887825024
2012-08-30 21:00:00,315.2253723340829
2012-08-30 22:00:00,241.7769344563076
2012-08-30 23:00:00,177.0059491770872
2012-08-31 00:00:00,75.15339255772155
2012-08-31 01:00:00,30.582561670338556
2012-08-31 02:00:00,14.988226752173741
2012-08-31 03:00:00,9.243006944661897
2012-08-31 04:00:00,8.40086463241837
2012-08-31 05:00:00,37.40792753395833
2012-08-31 06:00:00,157.63668230821693
2012-08-31 07:00:00,412.2169764387164
2012-08-31 08:00:00,654.8353719392653
2012-08-31 09:00:00,345.58031614538925
2012-08-31 10:00:00,230.69216066651367
2012-08-31 11:00:00,275.5108783727158
2012-08-31 12:00:00,338.66916566829906
2012-08-31 13:00:00,308.29905679127603
2012-08-31 14:00:00,313.29592863202816
2012-08-31 15:00:00,273.9459170855383
2012-08-31 16:00:00,391.13979808082195
2012-08-31 17:00:00,781.4191001389094
2012-08-31 18:00:00,718.7209395914587
2012-08-31 19:00:00,537.8276345257109
2012-08-31 20:00:00,382.5140356158898
2012-08-31 21:00:00,304.8657516312492
2012-08-31 22:00:00,246.07171548181054
2012-08-31 23:00:00,218.3892470988749
2012-09-20 00:00:00,64.2891242052316
2012-09-20 01:00:00,23.20835791849596
2012-09-20 02:00:00,12.222320648873161
2012-09-20 03:00:00,7.218312233355598
2012-09-20 04:00:00,7.922002425135666
2012-09-20 05:00:00,41.86142495174831
2012-09-20 06:00:00,172.78766229490327
2012-09-20 07:00:00,456.0875818543546
2012-09-20 08:00:00,622.2724740146183
2012-09-20 09:00:00,360.5517080969401
2012-09-20 10:00:00,222.09045350358173
2012-09-20 11:00:00,258.8127420387232
2012-09-20 12:00:00,314.22040444340666
2012-09-20 13:00:00,312.22087006137144
2012-09-20 14:00:00,297.1537948928144
2012-09-20 15:00:00,318.1962452154798
2012-09-20 16:00:00,453.0809642485177
2012-09-20 17:00:00,849.898489967051
2012-09-20 18:00:00,820.5868140005017
2012-09-20 19:00:00,578.6628496107088
2012-09-20 20:00:00,364.134881194438
2012-09-20 21:00:00,273.5620333882945
2012-09-20 22:00:00,223.84545842502607
2012-09-20 23:00:00,163.39529836901562
2012-09-21 00:00:00,82.22183834046709
2012-09-21 01:00:00,36.379420877603195
2012-09-21 02:00:00,17.324344988635172
2012-09-21 03:00:00,9.29826563132501
2012-09-21 04:00:00,9.031935540384582
2012-09-21 05:00:00,40.80020005534466
2012-09-21 06:00:00,171.8011553830408
2012-09-21 07:00:00,474.925157932333
2012-09-21 08:00:00,653.3017998806811
2012-09-21 09:00:00,361.1118271372313
2012-09-21 10:00:00,250.2089850943546
2012-09-21 11:00:00,300.83079955330135
2012-09-21 12:00:00,367.58909567849224
2012-09-21 13:00:00,371.12071421200886
2012-09-21 14:00:00,354.44785577388586
2012-09-21 15:00:00,369.9189043241355
2012-09-21 16:00:00,514.1451306951993
2012-09-21 17:00:00,826.4324057112484
2012-09-21 18:00:00,761.463834602328
2012-09-21 19:00:00,496.358422748613
2012-09-21 20:00:00,350.4301418332417
2012-09-21 21:00:00,257.2326858440635
2012-09-21 22:00:00,224.01575700417297
2012-09-21 23:00:00,194.5216425648798
2012-09-22 00:00:00,165.13713571998844
2012-09-22 01:00:00,110.65207051845154
2012-09-22 02:00:00,63.094000777414
2012-09-22 03:00:00,29.524467153505277
2012-09-22 04:00:00,12.928170130301405
2012-09-22 05:00:00,14.974970345976619
2012-09-22 06:00:00,36.409880117503704
2012-09-22 07:00:00,72.17859503908456
2012-09-22 08:00:00,237.391264686535
2012-09-22 09:00:00,333.9963652484152
2012-09-22 10:00:00,443.67918098837725
2012-09-22 11:00:00,564.0160052165735
2012-09-22 12:00:00,654.3831452440227
2012-09-22 13:00:00,652.0754989190835
2012-09-22 14:00:00,635.8987729522275
2012-09-22 15:00:00,647.2331417375523
2012-09-22 16:00:00,679.770447803041
2012-09-22 17:00:00,567.3988907838176
2012-09-22 18:00:00,506.05467202220353
2012-09-22 19:00:00,458.2204123357301
2012-09-22 20:00:00,389.64176100165645
2012-09-22 21:00:00,318.24078633377616
2012-09-22 22:00:00,269.7321623534452
2012-09-22 23:00:00,225.06664336272857
2012-09-23 00:00:00,166.0042466106112
2012-09-23 01:00:00,129.05901176063023
2012-09-23 02:00:00,87.80013406495206
2012-09-23 03:00:00,41.38688964463735
2012-09-23 04:00:00,12.140213667134633
2012-09-23 05:00:00,13.278386048181552
2012-09-23 06:00:00,20.483897863038507
2012-09-23 07:00:00,99.50881539669686
2012-09-23 08:00:00,171.1978908444572
2012-09-23 09:00:00,265.96246158538844
2012-09-23 10:00:00,410.155569931197
2012-09-23 11:00:00,490.68055521381393
2012-09-23 12:00:00,585.8799705579764
2012-09-23 13:00:00,642.2174047783722
2012-09-23 14:00:00,614.0992575445254
2012-09-23 15:00:00,614.4953747712856
2012-09-23 16:00:00,638.2405688508397
2012-09-23 17:00:00,530.6760467823146
2012-09-23 18:00:00,483.89541590655404
2012-09-23 19:00:00,378.54471412860124
2012-09-23 20:00:00,270.28812387767454
2012-09-23 21:00:00,179.87915395399517
2012-09-23 22:00:00,135.55928550471677
2012-09-23 23:00:00,67.19988360868055
2012-09-24 00:00:00,44.11758408456154
2012-09-24 01:00:00,16.81143500161615
2012-09-24 02:00:00,9.81716634168589
2012-09-24 03:00:00,7.835439230412616
2012-09-24 04:00:00,7.942546268989151
2012-09-24 05:00:00,42.86593553187285
2012-09-24 06:00:00,172.36095269832958
2012-09-24 07:00:00,363.7469942247536
2012-09-24 08:00:00,598.9187367230462
2012-09-24 09:00:00,349.82862968903925
2012-09-24 10:00:00,214.44511591091617
2012-09-24 11:00:00,245.1407232060519
2012-09-24 12:00:00,290.8124465059171
2012-09-24 13:00:00,300.44224587593675
2012-09-24 14:00:00,286.9478605089634
2012-09-24 15:00:00,303.81311249871794
2012-09-24 16:00:00,427.1201798519344
2012-09-24 17:00:00,817.8307955254137
2012-09-24 18:00:00,797.9609267710842
2012-09-24 19:00:00,570.7773366559646
2012-09-24 20:00:00,368.8319309243918
2012-09-24 21:00:00,254.4062029882907
2012-09-24 22:00:00,157.17284554843548
2012-09-24 23:00:00,91.70885683414355
2012-09-25 00:00:00,38.587694479608814
2012-09-25 01:00:00,15.890829307631712
2012-09-25 02:00:00,8.853851252426713
2012-09-25 03:00:00,5.868555854199698
2012-09-25 04:00:00,7.03192802659064
2012-09-25 05:00:00,37.408394150976314
2012-09-25 06:00:00,162.6493279863446
2012-09-25 07:00:00,418.31512660086906
2012-09-25 08:00:00,581.579373689485
2012-09-25 09:00:00,341.5525023884939
2012-09-25 10:00:00,216.6703039316134
2012-09-25 11:00:00,243.18535910143063
2012-09-25 12:00:00,298.1366385390397
2012-09-25 13:00:00,296.50959835862307
2012-09-25 14:00:00,289.9387537332886
2012-09-25 15:00:00,303.11866404121605
2012-09-25 16:00:00,438.4815262572251
2012-09-25 17:00:00,863.9881309576904
2012-09-25 18:00:00,864.7449948839279
2012-09-25 19:00:00,612.1089061382826
2012-09-25 20:00:00,427.6861796633918
2012-09-25 21:00:00,339.1300733224573
2012-09-25 22:00:00,240.67003323622083
2012-09-25 23:00:00,130.6887370714592
2012-09-26 00:00:00,41.67044737818661
2012-09-26 01:00:00,15.637143419404733
2012-09-26 02:00:00,8.226413558021138
2012-09-26 03:00:00,6.546549184966382
2012-09-26 04:00:00,8.199180144818222
2012-09-26 05:00:00,42.33626178901557
2012-09-26 06:00:00,178.68896843395893
2012-09-26 07:00:00,486.96715914301984
2012-09-26 08:00:00,606.9608627332519
2012-09-26 09:00:00,328.63134371333854
2012-09-26 10:00:00,227.64547144117338
2012-09-26 11:00:00,243.74315681960698
2012-09-26 12:00:00,305.936659339969
2012-09-26 13:00:00,304.6182954787375
2012-09-26 14:00:00,282.15009745763825
2012-09-26 15:00:00,294.9759544014998
2012-09-26 16:00:00,428.2643742014351
2012-09-26 17:00:00,832.2000819111247
2012-09-26 18:00:00,855.3244452487227
2012-09-26 19:00:00,628.6762567786069
2012-09-26 20:00:00,410.4991514092794
2012-09-26 21:00:00,329.5548484840183
2012-09-26 22:00:00,169.28649795542148
2012-09-26 23:00:00,107.87767570853485
2012-09-27 00:00:00,63.4156731387271
2012-09-27 01:00:00,23.511081491879224
2012-09-27 02:00:00,12.549409713305172
2012-09-27 03:00:00,7.698174746079535
2012-09-27 04:00:00,7.936466568112742
2012-09-27 05:00:00,40.618903152244
2012-09-27 06:00:00,161.36929825782852
2012-09-27 07:00:00,485.23990403137486
2012-09-27 08:00:00,662.2244257425162
2012-09-27 09:00:00,361.4374499507635
2012-09-27 10:00:00,220.05710066335251
2012-09-27 11:00:00,241.46019730201527
2012-09-27 12:00:00,302.43270960072687
2012-09-27 13:00:00,295.06320121640823
2012-09-27 14:00:00,285.524811633596
2012-09-27 15:00:00,301.5389746368505
2012-09-27 16:00:00,392.26375750353213
2012-09-27 17:00:00,661.7553335458191
2012-09-27 18:00:00,709.448365220825
2012-09-27 19:00:00,584.1645237404105
2012-09-27 20:00:00,350.9300489533187
2012-09-27 21:00:00,128.1298901977594
2012-09-27 22:00:00,92.62049197748478
2012-09-27 23:00:00,68.9754359473616
2012-09-28 00:00:00,50.468932793150486
2012-09-28 01:00:00,22.271636138236968
2012-09-28 02:00:00,10.834691179766766
2012-09-28 03:00:00,7.6525819586302966
2012-09-28 04:00:00,6.79218889885154
2012-09-28 05:00:00,37.26145477953855
2012-09-28 06:00:00,148.1041836922593
2012-09-28 07:00:00,370.4461627808114
2012-09-28 08:00:00,607.0103065533523
2012-09-28 09:00:00,313.10477199269565
2012-09-28 10:00:00,204.15647099314478
2012-09-28 11:00:00,274.29961095498714
2012-09-28 12:00:00,352.7488182323491
2012-09-28 13:00:00,351.2287281095996
2012-09-28 14:00:00,339.2342237964865
2012-09-28 15:00:00,354.3345330610846
2012-09-28 16:00:00,498.6284510783089
2012-09-28 17:00:00,770.8323611297267
2012-09-28 18:00:00,767.8262732013386
2012-09-28 19:00:00,499.3556275643763
2012-09-28 20:00:00,341.6498443880248
2012-09-28 21:00:00,258.6190525022844
2012-09-28 22:00:00,218.60318888154873
2012-09-28 23:00:00,188.03559793554788
2012-09-29 00:00:00,171.80994212946447
2012-09-29 01:00:00,123.80504934909429
2012-09-29 02:00:00,69.39187359701961
2012-09-29 03:00:00,30.994923717077032
2012-09-29 04:00:00,14.044869869080415
2012-09-29 05:00:00,14.792258446458735
2012-09-29 06:00:00,36.58708077786675
2012-09-29 07:00:00,134.4391947326073
2012-09-29 08:00:00,246.08038423396727
2012-09-29 09:00:00,318.58826541887635
2012-09-29 10:00:00,408.29436302240504
2012-09-29 11:00:00,507.7733730146096
2012-09-29 12:00:00,674.5114057582687
2012-09-29 13:00:00,672.1327782249339
2012-09-29 14:00:00,657.6260953385807
2012-09-29 15:00:00,655.8230808482399
2012-09-29 16:00:00,694.9457295332102
2012-09-29 17:00:00,586.0443160226114
2012-09-29 18:00:00,498.6353119841444
2012-09-29 19:00:00,421.64404055886297
2012-09-29 20:00:00,330.19146014242335
2012-09-29 21:00:00,268.4080545624999
2012-09-29 22:00:00,220.94848314258888
2012-09-29 23:00:00,197.58006203158013
2012-09-30 00:00:00,143.61958181640443
2012-09-30 01:00:00,116.62600087613666
2012-09-30 02:00:00,83.69857540815796
2012-09-30 03:00:00,45.15010568598773
2012-09-30 04:00:00,14.91590697428403
2012-09-30 05:00:00,12.606286178448045
2012-09-30 06:00:00,22.49924362316334
2012-09-30 07:00:00,58.46288055769951
2012-09-30 08:00:00,166.94212080925166
2012-09-30 09:00:00,275.0351432524822
2012-09-30 10:00:00,434.5457317048836
2012-09-30 11:00:00,545.4723420041072
2012-09-30 12:00:00,618.925554805309
2012-09-30 13:00:00,622.7380041820437
2012-09-30 14:00:00,593.7855115466326
2012-09-30 15:00:00,604.6349367352647
2012-09-30 16:00:00,644.1975670830564
2012-09-30 17:00:00,557.9949570113363
2012-09-30 18:00:00,473.1940436712452
2012-09-30 19:00:00,224.0127979434652
2012-09-30 20:00:00,170.38974024690356
2012-09-30 21:00:00,162.55160292298768
2012-09-30 22:00:00,109.09558984854594
2012-09-30 23:00:00,76.42222599979937
2012-10-20 00:00:00,146.99029256951027
2012-10-20 01:00:00,109.65951959006406
2012-10-20 02:00:00,65.18226754117006
2012-10-20 03:00:00,25.17939324930894
2012-10-20 04:00:00,13.400341725282068
2012-10-20 05:00:00,13.216631568245596
2012-10-20 06:00:00,32.20496966094855
2012-10-20 07:00:00,82.98615507868558
2012-10-20 08:00:00,236.19064899581778
2012-10-20 09:00:00,317.3557058520025
2012-10-20 10:00:00,424.78227661507407
2012-10-20 11:00:00,507.8009952080277
2012-10-20 12:00:00,615.813461617773
2012-10-20 13:00:00,611.7788897121304
2012-10-20 14:00:00,587.2011108211041
2012-10-20 15:00:00,580.6349222875235
2012-10-20 16:00:00,634.3513913553306
2012-10-20 17:00:00,569.8291121722596
2012-10-20 18:00:00,506.3291950105309
2012-10-20 19:00:00,393.90557255915564
2012-10-20 20:00:00,315.1188944647159
2012-10-20 21:00:00,230.57764139909548
2012-10-20 22:00:00,188.53566967368062
2012-10-20 23:00:00,151.29844638518662
2012-10-21 00:00:00,138.0999187292353
2012-10-21 01:00:00,110.14645684995202
2012-10-21 02:00:00,77.69474450296318
2012-10-21 03:00:00,38.46656883371209
2012-10-21 04:00:00,13.237477840259542
2012-10-21 05:00:00,11.497682080959331
2012-10-21 06:00:00,21.0188284478076
2012-10-21 07:00:00,68.63732107540058
2012-10-21 08:00:00,132.4283445808139
2012-10-21 09:00:00,262.41131065795287
2012-10-21 10:00:00,392.3413445150904
2012-10-21 11:00:00,477.19530642686533
2012-10-21 12:00:00,554.5457069039644
2012-10-21 13:00:00,584.1006468755717
2012-10-21 14:00:00,566.9179396382368
2012-10-21 15:00:00,556.5334366018802
2012-10-21 16:00:00,623.886739139491
2012-10-21 17:00:00,526.8545560452444
2012-10-21 18:00:00,488.37423677817856
2012-10-21 19:00:00,347.81180205429604
2012-10-21 20:00:00,246.5589286300972
2012-10-21 21:00:00,133.57032332006747
2012-10-21 22:00:00,102.45827663077367
2012-10-21 23:00:00,67.67998162280354
2012-10-22 00:00:00,37.905907188153506
2012-10-22 01:00:00,13.974448872355385
2012-10-22 02:00:00,8.035110603407894
2012-10-22 03:00:00,6.553482420062279
2012-10-22 04:00:00,7.240452269765484
2012-10-22 05:00:00,37.23080084066694
2012-10-22 06:00:00,154.6043072344413
2012-10-22 07:00:00,385.57240131934805
2012-10-22 08:00:00,606.8700021406934
2012-10-22 09:00:00,345.80713873141906
2012-10-22 10:00:00,207.9336279941722
2012-10-22 11:00:00,246.7322079125582
2012-10-22 12:00:00,295.69742440636617
2012-10-22 13:00:00,306.4275930581174
2012-10-22 14:00:00,291.1711625800159
2012-10-22 15:00:00,306.4888841780093
2012-10-22 16:00:00,443.3567762655947
2012-10-22 17:00:00,892.2795227429203
2012-10-22 18:00:00,714.6533988531312
2012-10-22 19:00:00,547.5642846815836
2012-10-22 20:00:00,352.03232534673555
2012-10-22 21:00:00,237.90838073853664
2012-10-22 22:00:00,152.70278181342087
2012-10-22 23:00:00,96.29438984918593
2012-10-23 00:00:00,35.5983250480918
2012-10-23 01:00:00,16.482902917345843
2012-10-23 02:00:00,8.334338779389222
2012-10-23 03:00:00,6.816716576289492
2012-10-23 04:00:00,7.348715052439964
2012-10-23 05:00:00,39.84934176727364
2012-10-23 06:00:00,158.26404517395503
2012-10-23 07:00:00,404.3407232986363
2012-10-23 08:00:00,608.3138926524242
2012-10-23 09:00:00,324.0026963130972
2012-10-23 10:00:00,215.59904850331068
2012-10-23 11:00:00,241.5988706794184
2012-10-23 12:00:00,298.4335833514655
2012-10-23 13:00:00,298.34010509323525
2012-10-23 14:00:00,289.9447626949573
2012-10-23 15:00:00,305.77233702056424
2012-10-23 16:00:00,440.2406959188442
2012-10-23 17:00:00,888.1886845319455
2012-10-23 18:00:00,862.3203997879227
2012-10-23 19:00:00,621.9896069606199
2012-10-23 20:00:00,361.13323219638033
2012-10-23 21:00:00,280.45041041331274
2012-10-23 22:00:00,206.7025389565483
2012-10-23 23:00:00,108.72408492542321
2012-10-24 00:00:00,45.01810829406428
2012-10-24 01:00:00,18.753408408880304
2012-10-24 02:00:00,9.734320498198683
2012-10-24 03:00:00,7.457915247344381
2012-10-24 04:00:00,8.304109805436354
2012-10-24 05:00:00,42.388014167125675
2012-10-24 06:00:00,177.8164469875645
2012-10-24 07:00:00,453.8106053107661
2012-10-24 08:00:00,638.4494741457879
2012-10-24 09:00:00,329.7632855300378
2012-10-24 10:00:00,193.19901107791947
2012-10-24 11:00:00,224.97252546013692
2012-10-24 12:00:00,305.9023721960978
2012-10-24 13:00:00,301.4383923392676
2012-10-24 14:00:00,293.48598092947395
2012-10-24 15:00:00,314.70242134704483
2012-10-24 16:00:00,454.5608141913086
2012-10-24 17:00:00,883.0304954333693
2012-10-24 18:00:00,877.690450258619
2012-10-24 19:00:00,620.6552589256214
2012-10-24 20:00:00,400.84408689212296
2012-10-24 21:00:00,308.52688509410154
2012-10-24 22:00:00,203.49921805826546
2012-10-24 23:00:00,115.11504530604613
2012-10-25 00:00:00,56.164585502319255
2012-10-25 01:00:00,22.898471197111935
2012-10-25 02:00:00,12.470207132598647
2012-10-25 03:00:00,6.295468061826854
2012-10-25 04:00:00,6.897065342576114
2012-10-25 05:00:00,34.223820660290336
2012-10-25 06:00:00,155.29361123134336
2012-10-25 07:00:00,433.6087862174503
2012-10-25 08:00:00,655.550026373483
2012-10-25 09:00:00,304.07869008301066
2012-10-25 10:00:00,167.11177428700444
2012-10-25 11:00:00,187.321280119202
2012-10-25 12:00:00,227.86953868134182
2012-10-25 13:00:00,226.1418773217458
2012-10-25 14:00:00,270.24571123134683
2012-10-25 15:00:00,298.1882105869578
2012-10-25 16:00:00,418.11376936316935
2012-10-25 17:00:00,736.0547625233907
2012-10-25 18:00:00,466.86013460345026
2012-10-25 19:00:00,363.11476816315667
2012-10-25 20:00:00,230.73662872729025
2012-10-25 21:00:00,192.72878049977558
2012-10-25 22:00:00,179.569115059069
2012-10-25 23:00:00,125.84899530269234
2012-10-26 00:00:00,72.83325876653464
2012-10-26 01:00:00,23.829138887210952
2012-10-26 02:00:00,11.527587413668876
2012-10-26 03:00:00,7.384424028636968
2012-10-26 04:00:00,7.208434812553563
2012-10-26 05:00:00,32.23874073623624
2012-10-26 06:00:00,148.57164163241595
2012-10-26 07:00:00,417.07339408072437
2012-10-26 08:00:00,616.9400867658436
2012-10-26 09:00:00,318.96457900322224
2012-10-26 10:00:00,179.48138761597536
2012-10-26 11:00:00,240.45123013590444
2012-10-26 12:00:00,290.6602236383728
2012-10-26 13:00:00,299.7517400332019
2012-10-26 14:00:00,298.716414557928
2012-10-26 15:00:00,354.9635366590737
2012-10-26 16:00:00,416.7189722153678
2012-10-26 17:00:00,507.2273673081945
2012-10-26 18:00:00,486.6661143182483
2012-10-26 19:00:00,309.08722796694207
2012-10-26 20:00:00,206.13471052569827
2012-10-26 21:00:00,204.16064534601938
2012-10-26 22:00:00,168.21275845718114
2012-10-26 23:00:00,169.0988608584533
2012-10-27 00:00:00,136.04883895728446
2012-10-27 01:00:00,90.0554385208648
2012-10-27 02:00:00,55.269325823432304
2012-10-27 03:00:00,29.27130866874619
2012-10-27 04:00:00,11.176745638555497
2012-10-27 05:00:00,12.63495259350172
2012-10-27 06:00:00,34.6416801326355
2012-10-27 07:00:00,71.04854469335767
2012-10-27 08:00:00,202.88141706764208
2012-10-27 09:00:00,272.3574350810482
2012-10-27 10:00:00,378.63506855670227
2012-10-27 11:00:00,473.0561823155954
2012-10-27 12:00:00,682.2846478924637
2012-10-27 13:00:00,689.5763808238778
2012-10-27 14:00:00,659.9712854777487
2012-10-27 15:00:00,520.9453872954969
2012-10-27 16:00:00,526.8848293956979
2012-10-27 17:00:00,464.8905897505936
2012-10-27 18:00:00,416.92415291506586
2012-10-27 19:00:00,360.6235628732517
2012-10-27 20:00:00,271.9036979957845
2012-10-27 21:00:00,215.60381383704492
2012-10-27 22:00:00,187.77235524921463
2012-10-27 23:00:00,154.84501977027745
2012-10-28 00:00:00,98.38822244202268
2012-10-28 01:00:00,109.39398758473128
2012-10-28 02:00:00,75.37225175450686
2012-10-28 03:00:00,37.59563584186273
2012-10-28 04:00:00,10.958149861237386
2012-10-28 05:00:00,12.77463156647779
2012-10-28 06:00:00,21.508094211376076
2012-10-28 07:00:00,108.2897529322256
2012-10-28 08:00:00,155.87332052843894
2012-10-28 09:00:00,246.00577918394953
2012-10-28 10:00:00,365.5889860761248
2012-10-28 11:00:00,424.8076941723557
2012-10-28 12:00:00,453.28585474385767
2012-10-28 13:00:00,456.2945143904542
2012-10-28 14:00:00,440.53334703104446
2012-10-28 15:00:00,432.7940333429412
2012-10-28 16:00:00,381.15908136765825
2012-10-28 17:00:00,200.40716225469353
2012-10-28 18:00:00,156.82496552615606
2012-10-28 19:00:00,128.15936706450702
2012-10-28 20:00:00,91.72204810509426
2012-10-28 21:00:00,77.35757310404819
2012-10-28 22:00:00,59.525291533091696
2012-10-28 23:00:00,39.25895234017004
2012-10-29 00:00:00,25.081590760744753
2012-10-30 13:00:00,98.87925265875396
2012-10-30 14:00:00,92.32041801862516
2012-10-30 15:00:00,110.19287350926255
2012-10-30 16:00:00,144.03342259184976
2012-10-30 17:00:00,247.2147070026628
2012-10-30 18:00:00,294.80559621367905
2012-10-30 19:00:00,491.27478103441354
2012-10-30 20:00:00,202.83895113104438
2012-10-30 21:00:00,149.7387511868913
2012-10-30 22:00:00,142.67092605464225
2012-10-30 23:00:00,87.99383678891974
2012-10-31 00:00:00,30.009957006041677
2012-10-31 01:00:00,13.50541752360901
2012-10-31 02:00:00,7.424688715696922
2012-10-31 03:00:00,5.67999173204786
2012-10-31 04:00:00,6.3260904661517054
2012-10-31 05:00:00,37.09840972389912
2012-10-31 06:00:00,154.5159379755991
2012-10-31 07:00:00,399.37980101396164
2012-10-31 08:00:00,728.0016986817526
2012-10-31 09:00:00,353.35396343029265
2012-10-31 10:00:00,190.86293368412638
2012-10-31 11:00:00,187.36572675278114
2012-10-31 12:00:00,263.5849031063454
2012-10-31 13:00:00,266.6156340421363
2012-10-31 14:00:00,238.41197723169125
2012-10-31 15:00:00,271.5446775747422
2012-10-31 16:00:00,367.71430910176883
2012-10-31 17:00:00,606.0216129307656
2012-10-31 18:00:00,599.3040101017295
2012-10-31 19:00:00,437.7987370073802
2012-10-31 20:00:00,299.34311650455646
2012-10-31 21:00:00,213.8259774602581
2012-10-31 22:00:00,160.29000410083117
2012-10-31 23:00:00,104.96754894035537
2012-11-20 00:00:00,28.537922009613037
2012-11-20 01:00:00,12.433343147480436
2012-11-20 02:00:00,7.3488115638310925
2012-11-20 03:00:00,5.8945869990529856
2012-11-20 04:00:00,6.976274290197917
2012-11-20 05:00:00,36.077549946764535
2012-11-20 06:00:00,140.41926910120412
2012-11-20 07:00:00,393.1921189944365
2012-11-20 08:00:00,684.4981057852942
2012-11-20 09:00:00,324.10393574877065
2012-11-20 10:00:00,172.48958308942395
2012-11-20 11:00:00,194.43789063138084
2012-11-20 12:00:00,230.15738588070033
2012-11-20 13:00:00,241.10378077273566
2012-11-20 14:00:00,228.34000390783706
2012-11-20 15:00:00,259.49987888846385
2012-11-20 16:00:00,349.5543522284359
2012-11-20 17:00:00,547.098991752177
2012-11-20 18:00:00,555.176761219987
2012-11-20 19:00:00,397.1536207596069
2012-11-20 20:00:00,251.747022890069
2012-11-20 21:00:00,193.65586573063942
2012-11-20 22:00:00,150.89199846657522
2012-11-20 23:00:00,88.7112409069267
2012-11-21 00:00:00,32.78219971484974
2012-11-21 01:00:00,13.721747653454562
2012-11-21 02:00:00,7.153729511753274
2012-11-21 03:00:00,5.579748518318499
2012-11-21 04:00:00,6.519240866783847
2012-11-21 05:00:00,36.580333453107144
2012-11-21 06:00:00,140.92813796675006
2012-11-21 07:00:00,410.5424555821974
2012-11-21 08:00:00,688.1807621246957
2012-11-21 09:00:00,342.9458186564544
2012-11-21 10:00:00,178.815136980162
2012-11-21 11:00:00,209.56409259428688
2012-11-21 12:00:00,256.1614218321468
2012-11-21 13:00:00,255.67690619545652
2012-11-21 14:00:00,258.6307498915829
2012-11-21 15:00:00,274.73126236963105
2012-11-21 16:00:00,361.749949694322
2012-11-21 17:00:00,593.6542256396878
2012-11-21 18:00:00,630.4421574681415
2012-11-21 19:00:00,410.09463596339236
2012-11-21 20:00:00,281.11231442565276
2012-11-21 21:00:00,186.88632193189764
2012-11-21 22:00:00,151.67316799926706
2012-11-21 23:00:00,93.85382809025171
2012-11-22 00:00:00,58.081395649213896
2012-11-22 01:00:00,34.45479763409167
2012-11-22 02:00:00,17.175018758321727
2012-11-22 03:00:00,10.468889434348261
2012-11-22 04:00:00,8.679569934147581
2012-11-22 05:00:00,13.276514334255921
2012-11-22 06:00:00,36.80680726982836
2012-11-22 07:00:00,92.0171738211958
2012-11-22 08:00:00,250.435267863778
2012-11-22 09:00:00,241.21898965200785
2012-11-22 10:00:00,308.9230921464224
2012-11-22 11:00:00,377.5128438953388
2012-11-22 12:00:00,436.07732709617346
2012-11-22 13:00:00,459.1857702844272
2012-11-22 14:00:00,422.6575869585929
2012-11-22 15:00:00,431.5389695880987
2012-11-22 16:00:00,530.8079961442439
2012-11-22 17:00:00,417.0548590943472
2012-11-22 18:00:00,382.62647654034754
2012-11-22 19:00:00,286.38124707812824
2012-11-22 20:00:00,263.39810170505007
2012-11-22 21:00:00,191.81164525566922
2012-11-22 22:00:00,159.76950481287201
2012-11-22 23:00:00,117.1628331180859
2012-11-23 00:00:00,50.935092680937856
2012-11-23 01:00:00,25.797262157196556
2012-11-23 02:00:00,10.724933491384714
2012-11-23 03:00:00,6.665194805163256
2012-11-23 04:00:00,6.848462664966764
2012-11-23 05:00:00,32.984758637175965
2012-11-23 06:00:00,137.27479273380294
2012-11-23 07:00:00,405.43980219561666
2012-11-23 08:00:00,698.821736605722
2012-11-23 09:00:00,330.25795629718124
2012-11-23 10:00:00,196.80813392288164
2012-11-23 11:00:00,247.06661062902378
2012-11-23 12:00:00,307.28061409602594
2012-11-23 13:00:00,325.37325261691126
2012-11-23 14:00:00,323.1900165197836
2012-11-23 15:00:00,330.21054297938457
2012-11-23 16:00:00,454.95765146513793
2012-11-23 17:00:00,746.1637767662329
2012-11-23 18:00:00,634.3600225907663
2012-11-23 19:00:00,430.00531420907515
2012-11-23 20:00:00,291.03574642106724
2012-11-23 21:00:00,217.07100464011467
2012-11-23 22:00:00,165.14479391712047
2012-11-23 23:00:00,143.0159616651436
2012-11-24 00:00:00,113.00537568783523
2012-11-24 01:00:00,86.47891957465227
2012-11-24 02:00:00,42.09849132148935
2012-11-24 03:00:00,20.080116554794195
2012-11-24 04:00:00,7.76998535779798
2012-11-24 05:00:00,8.907140966929703
2012-11-24 06:00:00,20.276194694925213
2012-11-24 07:00:00,47.849828092491265
2012-11-24 08:00:00,113.585471056901
2012-11-24 09:00:00,168.7486378291527
2012-11-24 10:00:00,289.31141586758264
2012-11-24 11:00:00,349.27335989369686
2012-11-24 12:00:00,347.57836313541225
2012-11-24 13:00:00,397.7292574176786
2012-11-24 14:00:00,380.8111552079423
2012-11-24 15:00:00,358.6305361302074
2012-11-24 16:00:00,369.6915701118129
2012-11-24 17:00:00,303.64512130461594
2012-11-24 18:00:00,265.0499579655033
2012-11-24 19:00:00,215.9353634713779
2012-11-24 20:00:00,172.6080527679118
2012-11-24 21:00:00,127.30124305653067
2012-11-24 22:00:00,121.89449247982229
2012-11-24 23:00:00,104.46453835536485
2012-11-25 00:00:00,95.21852903150547
2012-11-25 01:00:00,92.10839587747519
2012-11-25 02:00:00,53.15471525022426
2012-11-25 03:00:00,29.970533006161048
2012-11-25 04:00:00,11.496458297547214
2012-11-25 05:00:00,8.78778840994623
2012-11-25 06:00:00,17.714661484414723
2012-11-25 07:00:00,35.94897333132898
2012-11-25 08:00:00,81.95230478669112
2012-11-25 09:00:00,142.01598103974936
2012-11-25 10:00:00,276.4214911809519
2012-11-25 11:00:00,310.5524281549475
2012-11-25 12:00:00,355.7700100911423
2012-11-25 13:00:00,352.61002154752526
2012-11-25 14:00:00,351.1824397203791
2012-11-25 15:00:00,343.73313763960954
2012-11-25 16:00:00,337.9778308997169
2012-11-25 17:00:00,266.30699269057334
2012-11-25 18:00:00,215.92457968495475
2012-11-25 19:00:00,169.79183977488995
2012-11-25 20:00:00,109.51586037837144
2012-11-25 21:00:00,86.36157852892303
2012-11-25 22:00:00,70.058139760366
2012-11-25 23:00:00,45.11712877727559
2012-11-26 00:00:00,24.333638562803007
2012-11-26 01:00:00,9.728912870406349
2012-11-26 02:00:00,6.4104745929789395
2012-11-26 03:00:00,5.222798386407849
2012-11-26 04:00:00,6.403551952021408
2012-11-26 05:00:00,34.18994654552006
2012-11-26 06:00:00,134.76962101536438
2012-11-26 07:00:00,393.10084530020254
2012-11-26 08:00:00,691.7267400118494
2012-11-26 09:00:00,331.66429445796126
2012-11-26 10:00:00,170.4088622120847
2012-11-26 11:00:00,208.97771778874915
2012-11-26 12:00:00,255.06614437486854
2012-11-26 13:00:00,253.9669953297918
2012-11-26 14:00:00,237.7900504660674
2012-11-26 15:00:00,255.48860566432373
2012-11-26 16:00:00,355.7444903313413
2012-11-26 17:00:00,635.3916531234787
2012-11-26 18:00:00,533.3960211566651
2012-11-26 19:00:00,381.4487029118919
2012-11-26 20:00:00,257.3969480094175
2012-11-26 21:00:00,184.5176362419029
2012-11-26 22:00:00,118.60043971917898
2012-11-26 23:00:00,70.1697508294742
2012-11-27 00:00:00,27.94197329485576
2012-11-27 01:00:00,13.306528686471392
2012-11-27 02:00:00,7.5925001826983145
2012-11-27 03:00:00,5.366161925630333
2012-11-27 04:00:00,5.884230433668146
2012-11-27 05:00:00,34.741361576677605
2012-11-27 06:00:00,137.32337334967153
2012-11-27 07:00:00,238.41071549733726
2012-11-27 08:00:00,441.6583861254986
2012-11-27 09:00:00,327.2387127398326
2012-11-27 10:00:00,96.33478992062628
2012-11-27 11:00:00,91.5941659934319
2012-11-27 12:00:00,102.89767567628854
2012-11-27 13:00:00,110.26151928499996
2012-11-27 14:00:00,96.07229197376891
2012-11-27 15:00:00,188.66899605366362
2012-11-27 16:00:00,242.30239023932305
2012-11-27 17:00:00,387.51820045066853
2012-11-27 18:00:00,344.21479155992455
2012-11-27 19:00:00,315.3525985365963
2012-11-27 20:00:00,229.87726912231872
2012-11-27 21:00:00,146.25548448534116
2012-11-27 22:00:00,133.96046405575322
2012-11-27 23:00:00,67.68989960262395
2012-11-28 00:00:00,33.05260154115698
2012-11-28 01:00:00,11.403154687463157
2012-11-28 02:00:00,6.775318402985709
2012-11-28 03:00:00,5.585676052178414
2012-11-28 04:00:00,6.505659402000643
2012-11-28 05:00:00,34.270332352801894
2012-11-28 06:00:00,142.81743910028456
2012-11-28 07:00:00,403.65460731033005
2012-11-28 08:00:00,658.1419303518097
2012-11-28 09:00:00,334.12056726786335
2012-11-28 10:00:00,160.62036233366427
2012-11-28 11:00:00,188.33855934804222
2012-11-28 12:00:00,240.44544927221347
2012-11-28 13:00:00,247.30669112853852
2012-11-28 14:00:00,235.1238026494658
2012-11-28 15:00:00,245.81195864888576
2012-11-28 16:00:00,326.2529810117976
2012-11-28 17:00:00,560.8109835784792
2012-11-28 18:00:00,504.3492025990086
2012-11-28 19:00:00,378.62952027676795
2012-11-28 20:00:00,281.21237379634016
2012-11-28 21:00:00,184.47374174904323
2012-11-28 22:00:00,127.59088689378093
2012-11-28 23:00:00,78.10859330295008
2012-11-29 00:00:00,33.53499294710252
2012-11-29 01:00:00,12.231715718058032
2012-11-29 02:00:00,7.365620636577316
2012-11-29 04:00:00,7.033400147416061
2012-11-29 05:00:00,34.89267784063402
2012-11-29 06:00:00,138.91943432252188
2012-11-29 07:00:00,384.21696328991254
2012-11-29 08:00:00,719.1709097039314
2012-11-29 09:00:00,352.15370408299873
2012-11-29 10:00:00,159.9594423202803
2012-11-29 11:00:00,209.23136753720595
2012-11-29 12:00:00,258.089927669755
2012-11-29 13:00:00,261.78520297293466
2012-11-29 14:00:00,240.25652809613163
2012-11-29 15:00:00,255.11738206124525
2012-11-29 16:00:00,338.6035686095138
2012-11-29 17:00:00,559.7695052258307
2012-11-29 18:00:00,516.0723408249735
2012-11-29 19:00:00,347.6905306243318
2012-11-29 20:00:00,254.14587172872305
2012-11-29 21:00:00,160.486834602379
2012-11-29 22:00:00,147.2472101278545
2012-11-29 23:00:00,105.16609608044126
2012-11-30 00:00:00,46.364095216269156
2012-11-30 01:00:00,20.384171263769897
2012-11-30 02:00:00,10.152627389675759
2012-11-30 03:00:00,6.722889162533266
2012-11-30 04:00:00,6.606282427304556
2012-11-30 05:00:00,32.7738283450916
2012-11-30 06:00:00,135.5712654697077
2012-11-30 07:00:00,395.59623999758514
2012-11-30 08:00:00,691.3877731684979
2012-11-30 09:00:00,341.8936166402978
2012-11-30 10:00:00,173.65055471081394
2012-11-30 11:00:00,222.00693970533405
2012-11-30 12:00:00,279.8158505199972
2012-11-30 13:00:00,282.34721473578963
2012-11-30 14:00:00,267.82964349774517
2012-11-30 15:00:00,294.27147716094856
2012-11-30 16:00:00,389.1486848937751
2012-11-30 17:00:00,544.345597496648
2012-11-30 18:00:00,487.1549373014283
2012-11-30 19:00:00,338.87201061353784
2012-11-30 20:00:00,244.58958160271237
2012-11-30 21:00:00,158.31386460762948
2012-11-30 22:00:00,152.30765913311666
2012-11-30 23:00:00,112.19482046575088
2012-12-20 00:00:00,40.86204862778265
2012-12-20 01:00:00,16.8656254750587
2012-12-20 02:00:00,9.040457495094984
2012-12-20 03:00:00,5.67442890853147
2012-12-20 04:00:00,6.590580066148954
2012-12-20 05:00:00,35.365171975632926
2012-12-20 06:00:00,144.50720864649426
2012-12-20 07:00:00,385.72018035314136
2012-12-20 08:00:00,691.3640772905123
2012-12-20 09:00:00,325.0258491607659
2012-12-20 10:00:00,169.59535894503725
2012-12-20 11:00:00,191.17708670532832
2012-12-20 12:00:00,246.1190707716564
2012-12-20 13:00:00,240.4875664024346
2012-12-20 14:00:00,226.3397461744809
2012-12-20 15:00:00,236.3945184108723
2012-12-20 16:00:00,302.90684897091717
2012-12-20 17:00:00,512.4047411967974
2012-12-20 18:00:00,491.0591382369243
2012-12-20 19:00:00,242.12510429906538
2012-12-20 20:00:00,153.2315391029302
2012-12-20 21:00:00,109.09462136541481
2012-12-20 22:00:00,91.04271768525172
2012-12-20 23:00:00,70.97753792878355
2012-12-21 00:00:00,41.37512424316388
2012-12-21 01:00:00,21.598913967457083
2012-12-21 02:00:00,8.63858615705573
2012-12-21 03:00:00,6.018651314963284
2012-12-21 04:00:00,7.149826895456777
2012-12-21 05:00:00,33.39256720703884
2012-12-21 06:00:00,135.26489685482312
2012-12-21 07:00:00,364.30622560356545
2012-12-21 08:00:00,656.3328554930965
2012-12-21 09:00:00,311.3397047509457
2012-12-21 10:00:00,193.60951602554948
2012-12-21 11:00:00,212.04269111268204
2012-12-21 12:00:00,254.08780533628695
2012-12-21 13:00:00,252.08361915537606
2012-12-21 14:00:00,247.99708192649362
2012-12-21 15:00:00,240.1156806976187
2012-12-21 16:00:00,311.1963119537895
2012-12-21 17:00:00,481.3288944248813
2012-12-21 18:00:00,409.9581174583268
2012-12-21 19:00:00,287.94448548229633
2012-12-21 20:00:00,207.2706315677808
2012-12-21 21:00:00,147.80987026080862
2012-12-21 22:00:00,133.57213295395138
2012-12-21 23:00:00,108.84948444023698
2012-12-22 00:00:00,81.06052868123653
2012-12-22 01:00:00,74.77325604210539
2012-12-22 02:00:00,35.13323130245826
2012-12-22 03:00:00,17.078039076597182
2012-12-22 04:00:00,9.269414390943457
2012-12-22 05:00:00,8.359208095609201
2012-12-22 06:00:00,16.836359933858184
2012-12-22 07:00:00,45.7897473236218
2012-12-22 08:00:00,108.55155264648342
2012-12-22 09:00:00,181.9944058460486
2012-12-22 10:00:00,278.3817877642131
2012-12-22 11:00:00,340.1313106855846
2012-12-22 12:00:00,340.1861622702789
2012-12-22 13:00:00,384.2590288439395
2012-12-22 14:00:00,370.35591420240974
2012-12-22 15:00:00,360.78627672050214
2012-12-22 16:00:00,352.9523701312055
2012-12-22 17:00:00,291.6526543054581
2012-12-22 18:00:00,243.2647176234969
2012-12-22 19:00:00,206.74451054735798
2012-12-22 20:00:00,172.1813729017852
2012-12-22 21:00:00,117.02846979387868
2012-12-22 22:00:00,112.33134421220493
2012-12-22 23:00:00,97.20494723205219
2012-12-23 00:00:00,95.9922721614169
2012-12-23 01:00:00,92.2585658869206
2012-12-23 02:00:00,55.15570050618129
2012-12-23 03:00:00,27.65801394473938
2012-12-23 04:00:00,8.710952995080982
2012-12-23 05:00:00,8.125020551651158
2012-12-23 06:00:00,8.752285553285105
2012-12-23 07:00:00,28.7259943462637
2012-12-23 08:00:00,67.82022457486292
2012-12-23 09:00:00,124.7653378478645
2012-12-23 10:00:00,237.17739623838878
2012-12-23 11:00:00,310.94693530904146
2012-12-23 12:00:00,361.7096657816296
2012-12-23 13:00:00,371.21722541606823
2012-12-23 14:00:00,368.93871296800927
2012-12-23 15:00:00,380.98029449251624
2012-12-23 16:00:00,387.13840491692343
2012-12-23 17:00:00,280.5377618996008
2012-12-23 18:00:00,213.0904676991151
2012-12-23 19:00:00,179.12363416618803
2012-12-23 20:00:00,101.32938236175634
2012-12-23 21:00:00,78.77283483040357
2012-12-23 22:00:00,59.935047099199096
2012-12-23 23:00:00,50.996441970196585
2012-12-24 00:00:00,25.715358889811643
2012-12-24 01:00:00,10.243850611483449
2012-12-24 02:00:00,6.608994842490402
2012-12-24 03:00:00,5.269470075444595
2012-12-24 05:00:00,30.823237043423752
2012-12-24 06:00:00,128.67532375126393
2012-12-24 07:00:00,378.1060872645331
2012-12-24 08:00:00,677.4592790480866
2012-12-24 09:00:00,324.50129535872844
2012-12-24 10:00:00,140.25338061453465
2012-12-24 11:00:00,159.06537579420296
2012-12-24 12:00:00,211.83927498538858
2012-12-24 13:00:00,125.25837598147902
2012-12-24 14:00:00,117.69900413554575
2012-12-24 15:00:00,108.53978460599058
2012-12-24 16:00:00,148.30814742425105
2012-12-24 17:00:00,337.24741684504164
2012-12-24 18:00:00,285.84969166798254
2012-12-24 19:00:00,298.3409387736169
2012-12-24 20:00:00,156.29882469696872
2012-12-24 21:00:00,100.54016552980445
2012-12-24 22:00:00,105.77132345600822
2012-12-24 23:00:00,56.4040832971831
2012-12-25 00:00:00,34.3315415795767
2012-12-25 01:00:00,32.53638814384417
2012-12-25 02:00:00,18.30167452881959
2012-12-25 04:00:00,8.104811289269561
2012-12-25 05:00:00,10.96865982206484
2012-12-25 06:00:00,19.68112960208513
2012-12-25 07:00:00,85.07565424234501
2012-12-25 08:00:00,244.31414702193666
2012-12-25 09:00:00,204.7798401446707
2012-12-25 10:00:00,251.74128544767714
2012-12-25 11:00:00,280.9864435032866
2012-12-25 12:00:00,320.38435419200164
2012-12-25 13:00:00,377.7854367253857
2012-12-25 14:00:00,367.68102526590786
2012-12-25 15:00:00,353.3569850297359
2012-12-25 16:00:00,389.235323405841
2012-12-25 17:00:00,333.33465368297243
2012-12-25 18:00:00,291.49215563448564
2012-12-25 19:00:00,255.9983908141829
2012-12-25 20:00:00,207.6038484135552
2012-12-25 21:00:00,134.1207190586946
2012-12-25 22:00:00,111.02185153360588
2012-12-25 23:00:00,72.24653224888118
2012-12-26 00:00:00,38.80600621537998
2012-12-26 01:00:00,11.183793104343167
2012-12-26 02:00:00,6.701327693997297
2012-12-26 03:00:00,4.8926362714709395
2012-12-26 04:00:00,6.008121462399043
2012-12-26 05:00:00,33.75693611266039
2012-12-26 06:00:00,139.57653512849834
2012-12-26 07:00:00,204.48984395124697
2012-12-26 08:00:00,279.1549579622452
2012-12-26 09:00:00,158.17151724957534
2012-12-26 10:00:00,73.92465363578815
2012-12-26 11:00:00,77.14962529266353
2012-12-26 12:00:00,91.03143253309942
2012-12-26 13:00:00,90.3133975259888
2012-12-26 14:00:00,97.09090660610896
2012-12-26 15:00:00,102.76692001840227
2012-12-26 16:00:00,140.42013792225842
2012-12-26 17:00:00,241.9926227321582
2012-12-26 18:00:00,216.51394471862457
2012-12-26 19:00:00,208.7657143723564
2012-12-26 20:00:00,113.36021407055374
2012-12-26 21:00:00,109.68354124425062
2012-12-26 22:00:00,68.41473193542672
2012-12-26 23:00:00,50.660509509620645
2012-12-27 00:00:00,25.055136050805576
2012-12-27 01:00:00,8.030423167050294
2012-12-27 02:00:00,5.141269212054339
2012-12-27 03:00:00,5.573079283950105
2012-12-27 04:00:00,6.144700334425096
2012-12-27 05:00:00,34.903473661622975
2012-12-27 06:00:00,125.5206959308279
2012-12-27 07:00:00,410.4838459442964
2012-12-27 08:00:00,717.0297362085354
2012-12-27 09:00:00,345.92815937150976
2012-12-27 10:00:00,159.14168877187984
2012-12-27 11:00:00,178.42163927510953
2012-12-27 12:00:00,210.55582585740342
2012-12-27 13:00:00,208.89500992042773
2012-12-27 14:00:00,185.0972189591043
2012-12-27 15:00:00,199.25972497421725
2012-12-27 16:00:00,285.50059465113935
2012-12-27 17:00:00,466.350876625345
2012-12-27 18:00:00,452.0311272086483
2012-12-27 19:00:00,325.74928946683997
2012-12-27 20:00:00,255.79489764562643
2012-12-27 21:00:00,155.3379675782809
2012-12-27 22:00:00,126.28042903635786
2012-12-27 23:00:00,88.03206607970809
2012-12-28 00:00:00,50.524915442237294
2012-12-28 01:00:00,20.281724757074965
2012-12-28 02:00:00,10.146619577468968
2012-12-28 03:00:00,7.003577531047486
2012-12-28 04:00:00,6.915461742250712
2012-12-28 05:00:00,33.478424118097074
2012-12-28 06:00:00,124.72251967956505
2012-12-28 07:00:00,361.3285078775152
2012-12-28 08:00:00,705.0022777067223
2012-12-28 09:00:00,332.0329918695308
2012-12-28 10:00:00,176.26810942302507
2012-12-28 11:00:00,199.7940644209169
2012-12-28 12:00:00,244.67030396114524
2012-12-28 13:00:00,241.6943667849647
2012-12-28 14:00:00,230.307058692967
2012-12-28 15:00:00,240.95955227605518
2012-12-28 16:00:00,313.8819860371081
2012-12-28 17:00:00,468.2191850842829
2012-12-28 18:00:00,412.5408087493357
2012-12-28 19:00:00,287.03515159669416
2012-12-28 20:00:00,195.00338085931548
2012-12-28 21:00:00,143.66967831856778
2012-12-28 22:00:00,121.44051666724597
2012-12-28 23:00:00,99.21629362330413
2012-12-29 00:00:00,118.08455845683662
2012-12-29 01:00:00,98.01217625844824
2012-12-29 02:00:00,50.02757184036008
2012-12-29 03:00:00,21.949629637432903
2012-12-29 04:00:00,10.368841321628716
2012-12-29 05:00:00,10.11168491124581
2012-12-29 06:00:00,18.805939146699394
2012-12-29 07:00:00,48.31317562748079
2012-12-29 08:00:00,136.05848359432318
2012-12-29 09:00:00,195.67313750875698
2012-12-29 10:00:00,198.81479968816765
2012-12-29 11:00:00,246.2066886302769
2012-12-29 12:00:00,266.88463280173204
2012-12-29 13:00:00,266.1809151550118
2012-12-29 14:00:00,358.72061326835325
2012-12-29 15:00:00,352.53506763209293
2012-12-29 16:00:00,342.95506035810877
2012-12-29 17:00:00,248.75406964045058
2012-12-29 18:00:00,249.464790221313
2012-12-29 19:00:00,223.7716997697609
2012-12-29 20:00:00,153.65005621310695
2012-12-29 21:00:00,130.8864829952722
2012-12-29 22:00:00,109.63910373667635
2012-12-29 23:00:00,90.15330705783143
2012-12-30 00:00:00,109.54796984888408
2012-12-30 01:00:00,126.83842603301063
2012-12-30 02:00:00,75.07434424504098
2012-12-30 03:00:00,28.078504485724885
2012-12-30 04:00:00,8.010058208917934
2012-12-30 05:00:00,7.814045529890683
2012-12-30 06:00:00,9.142148217795738
2012-12-30 07:00:00,33.79759037377929
2012-12-30 08:00:00,73.34064211466215
2012-12-30 09:00:00,130.66146348962758
2012-12-30 10:00:00,238.6639438219792
2012-12-30 11:00:00,314.2348905727957
2012-12-30 12:00:00,326.4358857877784
2012-12-30 13:00:00,316.7114606228636
2012-12-30 14:00:00,329.1659539642804
2012-12-30 15:00:00,336.3041319137487
2012-12-30 16:00:00,340.4535088912143
2012-12-30 17:00:00,258.76939491141906
2012-12-30 18:00:00,219.2016540316349
2012-12-30 19:00:00,216.78232966188946
2012-12-30 20:00:00,100.42228045719762
2012-12-30 21:00:00,68.55704198408516
2012-12-30 22:00:00,52.850530091870276
2012-12-30 23:00:00,39.32512309999239
2012-12-31 00:00:00,24.25778136627075
2012-12-31 01:00:00,10.109166720951503
2012-12-31 02:00:00,6.583467865360057
2012-12-31 03:00:00,5.274973308931067
2012-12-31 04:00:00,6.350372876083484
2012-12-31 05:00:00,28.52015418903334
2012-12-31 06:00:00,120.86588654588306
2012-12-31 07:00:00,353.99117128821376
2012-12-31 08:00:00,634.0693473629688
2012-12-31 09:00:00,306.41384106852985
2012-12-31 10:00:00,145.45344113035986
2012-12-31 11:00:00,149.08774848128002
2012-12-31 12:00:00,202.15280236425576
2012-12-31 13:00:00,199.04051396370087
2012-12-31 14:00:00,200.56655846445454
2012-12-31 15:00:00,212.3515898238645
2012-12-31 16:00:00,275.1604083178336
2012-12-31 17:00:00,452.5691874468777
2012-12-31 18:00:00,440.8836887456171
2012-12-31 19:00:00,324.4326027978029
2012-12-31 20:00:00,225.38372155533833
2012-12-31 21:00:00,146.18293801776133
2012-12-31 22:00:00,99.79820617841276
2012-12-31 23:00:00,62.927264659302686
